expense_id,trip_id,payer_user_id,category,description,amount,currency,home_amount,home_currency,fx_rate_date,incurred_at,city_id,receipt_id,entry_method,is_settled,status,created_at,updated_at
exp_ffbdcf1f,trp_a9d6d238,usr_d8ec0000,misc,Museum tickets,1181.70,NPR,1181.70,INR,2026-08-01,2026-07-28T10:08:00+05:30,cty_95d040d8,rcp_b6d0dbf7,ocr,0,active,2026-07-04T10:00:00+05:30,2026-08-18T10:00:00+05:30
exp_525acb1f,trp_ce030396,usr_7edfea3c,accommodation,Guide tip,3840.08,INR,3840.08,INR,2026-09-24,2026-09-26T12:09:00+05:30,cty_0d062a51,,manual,0,active,2026-04-13T10:00:00+05:30,2026-08-18T10:00:00+05:30
exp_76ef05be,trp_e6cd4e0f,usr_72dfb712,transport,Coffee and snacks,829.16,INR,829.16,INR,2026-08-01,2026-06-30T07:23:00+05:30,,,manual,0,active,2026-05-20T10:00:00+05:30,2026-08-18T10:00:00+05:30
exp_745c6ebe,trp_510db93a,usr_3e25dcc6,food,Souvenirs,1061.45,INR,1061.45,INR,2026-08-01,2026-07-23T13:30:00+05:30,cty_95d040d8,,manual,1,active,2026-04-15T10:00:00+05:30,2026-08-18T10:00:00+05:30
exp_d50a7c63,trp_e97f3f1c,usr_f60ade8b,accommodation,Souvenirs,3653.95,INR,3653.95,INR,2026-11-11,2026-11-14T10:32:00+05:30,cty_5d572c8a,,import,0,active,2026-03-26T10:00:00+05:30,2026-08-18T10:00:00+05:30
exp_08508d24,trp_894ef822,usr_fedbd227,food,Two nights,1173.10,INR,1173.10,INR,2026-08-01,2026-06-19T18:22:00+05:30,cty_7fc82336,,import,1,active,2026-07-20T10:00:00+05:30,2026-08-18T10:00:00+05:30
exp_7bd4b6ef,trp_ca70f1c6,usr_b50df034,shopping,Boat ride,2068.11,INR,2068.11,INR,2026-11-17,2026-12-08T22:08:00+05:30,cty_aa759717,,manual,1,active,2026-08-08T10:00:00+05:30,2026-08-18T10:00:00+05:30
exp_c53e3822,trp_37763b22,usr_34f98272,shopping,Auto to the fort,626.72,INR,626.72,INR,2026-10-30,2026-11-01T10:29:00+05:30,cty_cf1c6ac5,rcp_14fc068f,ocr,0,active,2026-07-03T10:00:00+05:30,2026-08-18T10:00:00+05:30
exp_9b159f33,trp_72f16fa8,usr_df77fb8e,food,Museum tickets,1144.50,INR,1144.50,INR,2026-11-17,2026-11-25T08:44:00+05:30,,,manual,0,active,2026-04-25T10:00:00+05:30,2026-08-18T10:00:00+05:30
exp_2d3a5b6c,trp_a00e9d0f,usr_7fa0a9c6,accommodation,Souvenirs,7333.60,INR,1463919.22,IDR,2026-11-11,2026-11-10T09:35:00+05:30,cty_aa759717,rcp_ae5daf0a,ocr,0,active,2026-03-27T10:00:00+05:30,2026-08-18T10:00:00+05:30
exp_51355d99,trp_d2c39f89,usr_45175b03,accommodation,Boat ride,9682.11,INR,9682.11,INR,2026-10-24,2026-10-26T14:19:00+05:30,cty_9327d518,,manual,1,active,2026-07-27T10:00:00+05:30,2026-08-18T10:00:00+05:30
exp_f829d39c,trp_c39c8f75,usr_0deee6d9,transport,Laundry,12.66,CHF,12.66,INR,2026-08-01,2026-05-11T21:48:00+05:30,,,manual,0,active,2026-04-11T10:00:00+05:30,2026-08-18T10:00:00+05:30
exp_0e463941,trp_e6cd4e0f,usr_ce9ee3ae,accommodation,Museum tickets,6018.67,INR,6018.67,INR,2026-08-01,2026-06-30T09:25:00+05:30,cty_0d062a51,,nl_text,1,active,2026-05-28T10:00:00+05:30,2026-08-18T10:00:00+05:30
exp_25b92fe5,trp_dba33c33,usr_bc9d20fa,transport,Laundry,2287.24,INR,2287.24,INR,2026-08-25,2026-08-23T11:02:00+05:30,cty_5698a7ab,,manual,0,active,2026-06-24T10:00:00+05:30,2026-08-18T10:00:00+05:30
exp_8ce2d6b7,trp_47cb5f68,usr_b2323a23,activities,Museum tickets,104.44,MYR,104.44,INR,2026-11-17,2026-11-29T15:12:00+05:30,cty_c9f34ba7,,import,0,active,2026-05-17T10:00:00+05:30,2026-08-18T10:00:00+05:30
exp_e24be9cf,trp_61372035,usr_b0226153,shopping,Laundry,2405.88,INR,2405.88,INR,2026-08-01,2026-07-15T14:54:00+05:30,cty_a50bc5dd,,import,0,active,2026-05-27T10:00:00+05:30,2026-08-18T10:00:00+05:30
exp_722b2887,trp_8080637f,usr_aacb82b1,fees,Laundry,31.94,QAR,31.94,QAR,2026-08-01,2026-05-21T10:20:00+05:30,cty_c97e6cd5,rcp_277f0970,ocr,1,active,2026-04-22T10:00:00+05:30,2026-08-18T10:00:00+05:30
exp_640d6f3f,trp_d13da5c8,usr_7b03ee88,shopping,Guide tip,73.63,AED,73.63,INR,2026-10-24,2026-10-27T11:43:00+05:30,cty_7b89639e,rcp_ee8d7b71,ocr,0,active,2026-06-22T10:00:00+05:30,2026-08-18T10:00:00+05:30
exp_6f3d7472,trp_6579c710,usr_c24f45f3,shopping,Dinner,990.69,INR,990.69,INR,2026-08-01,2026-06-15T14:22:00+05:30,cty_bbb31d67,,manual,1,active,2026-08-11T10:00:00+05:30,2026-08-18T10:00:00+05:30
exp_240f1e62,trp_1dd09ed0,usr_fedbd227,food,Boat ride,1396.49,INR,1396.49,INR,2026-08-01,2026-07-24T08:05:00+05:30,cty_b6ccbb3b,,manual,1,active,2026-04-19T10:00:00+05:30,2026-08-18T10:00:00+05:30
exp_d4d386b1,trp_cdc63a8d,usr_5b31e64c,food,Laundry,1437.15,INR,1437.15,INR,2026-08-07,2026-08-10T07:03:00+05:30,cty_f288c6a0,,manual,0,active,2026-04-05T10:00:00+05:30,2026-08-18T10:00:00+05:30
exp_55221027,trp_9158f558,usr_ea479c41,food,Airport taxi,1133.32,INR,1133.32,INR,2026-08-01,2026-08-01T13:45:00+05:30,cty_b6ccbb3b,,nl_text,0,active,2026-06-15T10:00:00+05:30,2026-08-18T10:00:00+05:30
exp_507ed558,trp_2c538bd5,usr_c659e4bf,activities,Coffee and snacks,75.08,QAR,333309.25,IDR,2026-08-01,2026-05-30T09:38:00+05:30,cty_6320eea9,,manual,1,active,2026-05-24T10:00:00+05:30,2026-08-18T10:00:00+05:30
exp_f100517c,trp_994c9a51,usr_6be041f5,accommodation,Dinner,2420.83,INR,8424.32,LKR,2026-08-01,2026-06-03T19:12:00+05:30,cty_cf1c6ac5,,manual,0,active,2026-06-05T10:00:00+05:30,2026-08-18T10:00:00+05:30
exp_8c99086f,trp_35d620ca,usr_525b1d3c,activities,Dinner,1698.38,INR,26.92,SGD,2026-08-01,2026-06-14T08:19:00+05:30,cty_a97c33ad,,manual,0,active,2026-05-18T10:00:00+05:30,2026-08-18T10:00:00+05:30
exp_c12b8438,trp_3faed012,usr_8add6423,accommodation,Souvenirs,1888.45,INR,1888.45,INR,2026-08-13,2026-08-12T22:26:00+05:30,cty_7cb0b529,,manual,0,active,2026-03-24T10:00:00+05:30,2026-08-18T10:00:00+05:30
exp_451575f3,trp_026533d5,usr_ddfa0cd0,accommodation,Airport taxi,210.65,AED,16929.24,LKR,2026-08-31,2026-09-02T12:37:00+05:30,cty_1ced6ede,,nl_text,0,active,2026-08-06T10:00:00+05:30,2026-08-18T10:00:00+05:30
exp_430f3f3b,trp_f6f16cbd,usr_3c3ae758,transport,Laundry,827.61,INR,827.61,INR,2026-11-17,2026-11-30T07:56:00+05:30,cty_aa759717,,manual,0,active,2026-06-17T10:00:00+05:30,2026-08-18T10:00:00+05:30
exp_722a5c22,trp_6c9581df,usr_e6dcafe4,accommodation,Souvenirs,269.29,AED,269.29,INR,2026-08-01,2026-06-27T13:13:00+05:30,cty_7b89639e,,nl_text,0,active,2026-07-05T10:00:00+05:30,2026-08-18T10:00:00+05:30
exp_3f99f141,trp_c5887464,usr_8a0aaa50,food,Souvenirs,1666.54,LKR,1666.54,INR,2026-10-24,2026-10-25T07:18:00+05:30,cty_a50bc5dd,,manual,0,active,2026-07-27T10:00:00+05:30,2026-08-18T10:00:00+05:30
exp_afe2c916,trp_e469328d,usr_9db3efff,accommodation,Laundry,357164.66,IDR,357164.66,IDR,2026-08-01,2026-07-11T12:56:00+05:30,cty_c07454f1,,nl_text,1,active,2026-07-21T10:00:00+05:30,2026-08-18T10:00:00+05:30
exp_290dfc19,trp_79899032,usr_40c95b13,transport,Guide tip,3197.42,LKR,3197.42,INR,2026-08-01,2026-06-18T15:23:00+05:30,cty_009c9fd2,,manual,1,active,2026-07-31T10:00:00+05:30,2026-08-18T10:00:00+05:30
exp_982ea18e,trp_67de89e5,usr_9de6bd6d,accommodation,Dinner,7545.02,INR,7545.02,INR,2026-08-01,2026-07-27T09:02:00+05:30,cty_7be8559f,,manual,1,active,2026-08-07T10:00:00+05:30,2026-08-18T10:00:00+05:30
exp_46419733,trp_64726e5f,usr_f9060fbb,fees,Souvenirs,566.07,INR,566.07,INR,2026-09-24,2026-09-23T10:00:00+05:30,cty_d4f5e3a5,,manual,0,active,2026-04-09T10:00:00+05:30,2026-08-18T10:00:00+05:30
exp_76b35450,trp_d9f8d682,usr_3b70ae01,food,Souvenirs,1070.66,INR,1070.66,INR,2026-08-01,2026-07-02T16:55:00+05:30,cty_cf1c6ac5,,manual,1,active,2026-07-15T10:00:00+05:30,2026-08-18T10:00:00+05:30
exp_3b59b275,trp_1c384989,usr_98ca8444,accommodation,Airport taxi,7408.91,INR,7408.91,INR,2026-08-19,2026-08-21T19:38:00+05:30,cty_0d062a51,,manual,0,active,2026-07-26T10:00:00+05:30,2026-08-18T10:00:00+05:30
exp_1d521315,trp_e59e0b3d,usr_2c8b7af8,food,Souvenirs,1024.83,INR,1024.83,INR,2026-10-06,2026-10-06T17:06:00+05:30,cty_51a149b7,,manual,0,active,2026-04-26T10:00:00+05:30,2026-08-18T10:00:00+05:30
exp_b80220a0,trp_0629deb2,usr_0e9166f0,transport,Auto to the fort,1167.35,INR,1167.35,INR,2026-09-24,2026-09-24T21:08:00+05:30,cty_5d572c8a,,manual,1,active,2026-04-03T10:00:00+05:30,2026-08-18T10:00:00+05:30
exp_7bda23d0,trp_ce0a9b4e,usr_57890fbe,transport,Dinner,1350.94,INR,1350.94,INR,2026-11-17,2026-11-24T21:40:00+05:30,,,manual,0,active,2026-03-27T10:00:00+05:30,2026-08-18T10:00:00+05:30
exp_da314407,trp_c675b49c,usr_02b3a36d,food,Souvenirs,34.37,AED,34.37,INR,2026-10-06,2026-10-09T19:45:00+05:30,cty_1ced6ede,,manual,0,active,2026-08-05T10:00:00+05:30,2026-08-18T10:00:00+05:30
exp_0df20e54,trp_e5fcba16,usr_f94cda41,accommodation,Auto to the fort,9286.07,INR,9286.07,INR,2026-10-30,2026-10-31T22:08:00+05:30,cty_621f4a84,,manual,0,active,2026-06-10T10:00:00+05:30,2026-08-18T10:00:00+05:30
exp_77bab56e,trp_924dd4a3,usr_2109396c,accommodation,Two nights,2869.26,INR,47.02,SGD,2026-11-05,2026-11-08T20:39:00+05:30,,,manual,1,active,2026-08-12T10:00:00+05:30,2026-08-18T10:00:00+05:30
exp_cd9859f2,trp_86a8180b,usr_a25f0129,accommodation,Boat ride,1084.91,MVR,1084.91,INR,2026-11-11,2026-11-11T13:10:00+05:30,cty_9aa02925,,manual,0,active,2026-04-30T10:00:00+05:30,2026-08-18T10:00:00+05:30
exp_fc087232,trp_503f7948,usr_60e00854,activities,Museum tickets,1065.24,NPR,1065.24,INR,2026-11-11,2026-11-12T13:49:00+05:30,cty_95d040d8,,manual,1,active,2026-06-04T10:00:00+05:30,2026-08-18T10:00:00+05:30
exp_5c44c05e,trp_73c65d38,usr_41431693,transport,Laundry,60.91,AED,2209.46,NPR,2026-08-01,2026-05-20T18:36:00+05:30,cty_1ced6ede,rcp_7e2eb9d3,ocr,0,active,2026-08-07T10:00:00+05:30,2026-08-18T10:00:00+05:30
exp_24932142,trp_7b77aa24,usr_88af6903,transport,Guide tip,679.31,INR,679.31,INR,2026-08-31,2026-08-31T09:53:00+05:30,cty_7cb0b529,,manual,0,active,2026-06-02T10:00:00+05:30,2026-08-18T10:00:00+05:30
exp_84c6e9fc,trp_cdc63a8d,usr_5b31e64c,shopping,Museum tickets,1083.95,INR,1083.95,INR,2026-08-13,2026-08-12T20:37:00+05:30,,,manual,0,active,2026-06-11T10:00:00+05:30,2026-08-18T10:00:00+05:30
exp_cc7b812a,trp_08207645,usr_4bf78f59,transport,Airport taxi,535.20,INR,547.16,BTN,2026-11-17,2026-12-02T11:38:00+05:30,cty_32e8e65c,,nl_text,1,active,2026-05-21T10:00:00+05:30,2026-08-18T10:00:00+05:30
exp_480e2821,trp_854e1930,usr_ba25cb52,activities,Museum tickets,1283.63,INR,1283.63,INR,2026-08-01,2026-05-06T16:46:00+05:30,cty_cf1c6ac5,,manual,1,active,2026-06-29T10:00:00+05:30,2026-08-18T10:00:00+05:30
exp_9135e5a3,trp_fe3977e6,usr_2da5bb04,accommodation,Guide tip,11841.49,JPY,11841.49,JPY,2026-09-06,2026-09-08T21:52:00+05:30,cty_f29656ff,rcp_7e315437,ocr,0,active,2026-04-23T10:00:00+05:30,2026-08-18T10:00:00+05:30
exp_d42a8e3f,trp_e53d9a08,usr_9c28ee85,activities,Auto to the fort,1617.42,INR,1617.42,INR,2026-11-17,2026-12-05T07:59:00+05:30,cty_d4f5e3a5,,manual,0,active,2026-06-02T10:00:00+05:30,2026-08-18T10:00:00+05:30
exp_8af870c1,trp_03ce3598,usr_e0853a17,accommodation,Auto to the fort,3933.47,INR,3933.47,INR,2026-08-01,2026-05-08T09:48:00+05:30,cty_7cb0b529,,nl_text,1,active,2026-03-30T10:00:00+05:30,2026-08-18T10:00:00+05:30
exp_4ffa8faa,trp_13a7ffcc,usr_701b0010,transport,Airport taxi,2118.22,INR,2118.22,INR,2026-11-17,2026-11-29T21:18:00+05:30,cty_95e7c8ca,,import,1,active,2026-08-11T10:00:00+05:30,2026-08-18T10:00:00+05:30
exp_3ee1cdc2,trp_cdb13358,usr_5d8450f0,activities,Museum tickets,663.76,INR,274.31,THB,2026-08-01,2026-05-28T12:11:00+05:30,cty_7cb0b529,,manual,0,active,2026-06-12T10:00:00+05:30,2026-08-18T10:00:00+05:30
exp_d91da0f1,trp_479e8ab9,usr_81005fa8,food,Laundry,231688.70,IDR,231688.70,INR,2026-10-30,2026-11-01T22:10:00+05:30,cty_36afaa5c,,nl_text,1,active,2026-03-26T10:00:00+05:30,2026-08-18T10:00:00+05:30
exp_36c806a8,trp_1b3de2ea,usr_efe9a3aa,accommodation,Boat ride,6092.97,INR,6092.97,INR,2026-08-01,2026-06-26T08:36:00+05:30,cty_076e8e86,,manual,1,active,2026-08-04T10:00:00+05:30,2026-08-18T10:00:00+05:30
exp_1cb8ed76,trp_a9d6d238,usr_ea479c41,food,Two nights,1987.23,NPR,1987.23,INR,2026-08-01,2026-07-28T20:51:00+05:30,cty_95d040d8,rcp_082c028a,ocr,1,active,2026-07-12T10:00:00+05:30,2026-08-18T10:00:00+05:30
exp_c181520d,trp_d8f6113f,usr_a3f4f2d9,activities,Museum tickets,1779.11,INR,77.45,AED,2026-08-01,2026-06-01T19:18:00+05:30,cty_f8b75f8e,,manual,0,active,2026-03-24T10:00:00+05:30,2026-08-18T10:00:00+05:30
exp_879c6ee9,trp_67a041ab,usr_8fe264b1,fees,Two nights,628.24,INR,1017.86,NPR,2026-10-06,2026-10-05T09:43:00+05:30,cty_aa759717,,nl_text,0,active,2026-08-09T10:00:00+05:30,2026-08-18T10:00:00+05:30
exp_ea19accd,trp_1bb1485b,usr_7101a5b5,activities,Dinner,918.58,INR,918.58,INR,2026-10-06,2026-10-06T19:57:00+05:30,cty_c43cfa94,,import,0,active,2026-08-08T10:00:00+05:30,2026-08-18T10:00:00+05:30
exp_6cfef00b,trp_8ec37f48,usr_13fe39d3,transport,Dinner,2050.06,INR,2050.06,INR,2026-11-17,2026-11-26T16:46:00+05:30,cty_f288c6a0,,nl_text,0,active,2026-05-17T10:00:00+05:30,2026-08-18T10:00:00+05:30
exp_e0db69ac,trp_f272c28c,usr_8f32fd7a,accommodation,Dinner,17465.23,LKR,17465.23,LKR,2026-08-01,2026-08-02T16:14:00+05:30,cty_c43cfa94,,manual,0,active,2026-08-15T10:00:00+05:30,2026-08-18T10:00:00+05:30
exp_08f9f19c,trp_42b0f9e2,usr_428c2df2,accommodation,Two nights,3442.43,INR,3442.43,INR,2026-08-07,2026-08-05T22:26:00+05:30,cty_cfec17b6,,manual,0,active,2026-07-06T10:00:00+05:30,2026-08-18T10:00:00+05:30
exp_b4c43c14,trp_1dd09ed0,usr_fedbd227,accommodation,Dinner,3073.71,INR,3073.71,INR,2026-08-01,2026-07-22T10:56:00+05:30,cty_b6ccbb3b,rcp_c976e029,ocr,1,active,2026-04-30T10:00:00+05:30,2026-08-18T10:00:00+05:30
exp_d457ba54,trp_10a5cdc9,usr_58d2b52f,transport,Museum tickets,879.79,INR,879.79,INR,2026-10-06,2026-10-05T18:02:00+05:30,cty_9aa02925,,manual,0,active,2026-04-11T10:00:00+05:30,2026-08-18T10:00:00+05:30
exp_f6447879,trp_8c188c27,usr_40c95b13,accommodation,Laundry,3585.85,INR,3585.85,INR,2026-08-19,2026-08-19T19:26:00+05:30,cty_8fc1539e,,manual,1,active,2026-08-03T10:00:00+05:30,2026-08-18T10:00:00+05:30
exp_377f0df1,trp_831241e0,usr_6edece59,accommodation,Two nights,7195.96,INR,7195.96,INR,2026-09-30,2026-09-29T08:14:00+05:30,cty_f29656ff,,manual,1,active,2026-05-22T10:00:00+05:30,2026-08-18T10:00:00+05:30
exp_2492d53d,trp_bd664180,usr_a8caec17,food,Boat ride,428.75,INR,428.75,INR,2026-10-12,2026-10-10T17:42:00+05:30,cty_d35a9652,,import,0,active,2026-07-12T10:00:00+05:30,2026-08-18T10:00:00+05:30
exp_1f9a54ab,trp_be2b6219,usr_1b4fe68e,food,Auto to the fort,1623.35,LKR,1623.35,LKR,2026-10-18,2026-10-18T11:47:00+05:30,cty_009c9fd2,,manual,0,active,2026-04-12T10:00:00+05:30,2026-08-18T10:00:00+05:30
exp_54b7c6e9,trp_bd664180,usr_268fdb85,transport,Boat ride,642.19,INR,642.19,INR,2026-10-12,2026-10-10T14:57:00+05:30,cty_d35a9652,,manual,0,active,2026-04-28T10:00:00+05:30,2026-08-18T10:00:00+05:30
exp_fa8162fe,trp_a396cd51,usr_4d8f3b3a,transport,Two nights,1305.96,INR,1305.96,INR,2026-10-30,2026-10-31T20:32:00+05:30,,,nl_text,0,active,2026-07-10T10:00:00+05:30,2026-08-18T10:00:00+05:30
exp_3c153220,trp_ab02433c,usr_bc67142c,food,Two nights,446.26,INR,446.26,INR,2026-11-17,2026-11-20T20:06:00+05:30,cty_7f673457,,nl_text,0,active,2026-04-02T10:00:00+05:30,2026-08-18T10:00:00+05:30
exp_c590cc40,trp_10a5cdc9,usr_58d2b52f,accommodation,Dinner,420.02,MVR,420.02,INR,2026-10-06,2026-10-05T18:59:00+05:30,cty_9aa02925,,manual,0,active,2026-06-18T10:00:00+05:30,2026-08-18T10:00:00+05:30
exp_d1ae4bab,trp_ab6c0ec2,usr_36c3dbed,accommodation,Dinner,2887.19,INR,2887.19,INR,2026-08-13,2026-08-12T08:04:00+05:30,cty_32e8e65c,,nl_text,0,active,2026-04-03T10:00:00+05:30,2026-08-18T10:00:00+05:30
exp_a0c691cb,trp_23669283,usr_240785d4,activities,Dinner,1123.04,INR,1123.04,INR,2026-08-01,2026-07-06T20:43:00+05:30,cty_f288c6a0,,manual,1,active,2026-08-05T10:00:00+05:30,2026-08-18T10:00:00+05:30
exp_c6b8aa0d,trp_f74bdeb1,usr_fae4d064,food,Auto to the fort,57.48,MYR,57.48,INR,2026-09-12,2026-09-10T17:02:00+05:30,cty_c9f34ba7,,manual,0,active,2026-07-28T10:00:00+05:30,2026-08-18T10:00:00+05:30
exp_f50d2d7b,trp_f996a70f,usr_b86dd891,food,Dinner,993.19,INR,993.19,INR,2026-11-17,2026-12-10T08:57:00+05:30,cty_f29656ff,,manual,0,active,2026-05-23T10:00:00+05:30,2026-08-18T10:00:00+05:30
exp_c83c45d7,trp_d6b492f9,usr_0389057b,accommodation,Two nights,237.19,AED,237.19,INR,2026-08-01,2026-05-30T19:05:00+05:30,cty_1ced6ede,,manual,1,active,2026-06-17T10:00:00+05:30,2026-08-18T10:00:00+05:30
exp_68cac692,trp_5843566d,usr_57995796,food,Dinner,745.81,INR,745.81,INR,2026-10-24,2026-10-27T15:43:00+05:30,cty_ccb4fb74,,manual,0,active,2026-05-14T10:00:00+05:30,2026-08-18T10:00:00+05:30
exp_385b5acb,trp_fd9a2525,usr_5f22c672,transport,Boat ride,35.39,AED,35.39,INR,2026-08-19,2026-08-19T15:18:00+05:30,cty_1ced6ede,,manual,1,active,2026-07-11T10:00:00+05:30,2026-08-18T10:00:00+05:30
exp_007fcb14,trp_fd96ecd9,usr_b452b228,accommodation,Dinner,667.08,MVR,667.08,MVR,2026-08-31,2026-08-29T09:28:00+05:30,cty_32e8e65c,,nl_text,0,active,2026-08-11T10:00:00+05:30,2026-08-18T10:00:00+05:30
exp_33df4df3,trp_776da560,usr_4012e3f7,transport,Two nights,2291.33,INR,2291.33,INR,2026-08-19,2026-08-21T16:20:00+05:30,cty_c97e6cd5,,manual,1,active,2026-07-19T10:00:00+05:30,2026-08-18T10:00:00+05:30
exp_e3e3a426,trp_536f04bd,usr_44ef2e9c,transport,Airport taxi,1567.38,INR,1567.38,INR,2026-09-18,2026-09-16T18:41:00+05:30,,,import,1,active,2026-04-17T10:00:00+05:30,2026-08-18T10:00:00+05:30
exp_a68bb491,trp_cf3db507,usr_e27e3b52,accommodation,Boat ride,8365.66,INR,8365.66,INR,2026-10-18,2026-10-20T10:59:00+05:30,cty_cf1c6ac5,,manual,0,active,2026-05-03T10:00:00+05:30,2026-08-18T10:00:00+05:30
exp_ff05508d,trp_75c88e52,usr_0af476d1,transport,Boat ride,561.23,INR,561.23,INR,2026-08-13,2026-08-11T12:44:00+05:30,cty_34bbfdfe,,manual,0,active,2026-04-28T10:00:00+05:30,2026-08-18T10:00:00+05:30
exp_d2b8dc04,trp_093fb740,usr_fc544c58,food,Guide tip,421.03,INR,421.03,INR,2026-08-01,2026-07-04T13:46:00+05:30,cty_c07454f1,rcp_181b9fad,ocr,0,active,2026-06-18T10:00:00+05:30,2026-08-18T10:00:00+05:30
exp_ab36ae27,trp_4c87ad6d,usr_94e62241,accommodation,Guide tip,5036.89,INR,5036.89,INR,2026-08-01,2026-06-20T13:09:00+05:30,cty_ab50efee,,manual,1,active,2026-04-14T10:00:00+05:30,2026-08-18T10:00:00+05:30
exp_dbccdbd9,trp_97869c6a,usr_67de0711,accommodation,Guide tip,15717.66,NPR,15717.66,INR,2026-08-31,2026-09-03T17:42:00+05:30,cty_c0f2d9de,,manual,1,active,2026-07-17T10:00:00+05:30,2026-08-18T10:00:00+05:30
exp_2aab153a,trp_75b9d7b8,usr_ae35e63d,accommodation,Coffee and snacks,5039.02,INR,5039.02,INR,2026-10-30,2026-10-29T11:18:00+05:30,cty_caf3c1ee,,manual,1,active,2026-07-10T10:00:00+05:30,2026-08-18T10:00:00+05:30
exp_02c40ea7,trp_79d0c6ca,usr_25e8a118,accommodation,Auto to the fort,1895.66,THB,47.22,CHF,2026-10-30,2026-10-29T20:44:00+05:30,cty_a5f16904,,manual,0,active,2026-03-22T10:00:00+05:30,2026-08-18T10:00:00+05:30
exp_e5c68c75,trp_3dee7b31,usr_b50df034,shopping,Museum tickets,281.25,MVR,281.25,INR,2026-11-17,2026-11-27T18:00:00+05:30,cty_9aa02925,,nl_text,1,active,2026-05-11T10:00:00+05:30,2026-08-18T10:00:00+05:30
exp_f1969bd6,trp_1a355cfe,usr_b3f2baa1,transport,Auto to the fort,328.06,MVR,328.06,INR,2026-08-01,2026-07-07T22:33:00+05:30,cty_9aa02925,,manual,0,active,2026-07-28T10:00:00+05:30,2026-08-18T10:00:00+05:30
exp_46fe5025,trp_60a62e81,usr_bff7bdb8,activities,Laundry,688.85,INR,688.85,INR,2026-08-01,2026-07-31T20:34:00+05:30,cty_7fc82336,,nl_text,0,active,2026-04-22T10:00:00+05:30,2026-08-18T10:00:00+05:30
exp_40011499,trp_de13fbb8,usr_638c6951,activities,Airport taxi,323.60,INR,323.60,INR,2026-09-30,2026-09-28T19:55:00+05:30,cty_d401ef6b,,manual,1,active,2026-03-24T10:00:00+05:30,2026-08-18T10:00:00+05:30
exp_93f82951,trp_9eb0f5fe,usr_d20b2a69,food,Boat ride,567.70,THB,567.70,INR,2026-08-07,2026-08-06T14:39:00+05:30,cty_a5f16904,,manual,0,active,2026-06-11T10:00:00+05:30,2026-08-18T10:00:00+05:30
exp_7a8e9d55,trp_f4115fa9,usr_9d604e2e,activities,Boat ride,16.71,CHF,16.71,INR,2026-09-18,2026-09-20T10:35:00+05:30,cty_0b7f5985,,nl_text,0,active,2026-04-24T10:00:00+05:30,2026-08-18T10:00:00+05:30
exp_b0bda062,trp_f996a70f,usr_b86dd891,accommodation,Two nights,5795.57,INR,5795.57,INR,2026-11-17,2026-12-14T13:25:00+05:30,cty_f29656ff,rcp_62e9a33f,ocr,0,active,2026-06-28T10:00:00+05:30,2026-08-18T10:00:00+05:30
exp_52d96793,trp_6a550f89,usr_842437da,transport,Boat ride,2085.77,INR,2085.77,INR,2026-09-12,2026-09-11T14:44:00+05:30,cty_0d9ab6ff,,manual,1,active,2026-03-25T10:00:00+05:30,2026-08-18T10:00:00+05:30
exp_1cab167e,trp_a8e65113,usr_db9c91fe,activities,Auto to the fort,341.61,INR,1195.84,LKR,2026-08-19,2026-08-19T07:58:00+05:30,cty_828a7777,rcp_041aba1f,ocr,1,active,2026-06-19T10:00:00+05:30,2026-08-18T10:00:00+05:30
exp_d2ff87e5,trp_d0565c09,usr_65b43f7e,activities,Guide tip,706.94,THB,706.94,INR,2026-10-06,2026-10-09T07:08:00+05:30,cty_a5f16904,,import,0,active,2026-05-21T10:00:00+05:30,2026-08-18T10:00:00+05:30
exp_d5aa1726,trp_b61bda4b,usr_7f6e49de,food,Two nights,411.97,INR,411.97,INR,2026-09-18,2026-09-16T11:25:00+05:30,cty_ab50efee,,nl_text,1,active,2026-04-07T10:00:00+05:30,2026-08-18T10:00:00+05:30
exp_52707218,trp_f9407f9b,usr_98a69060,food,Guide tip,601.88,INR,601.88,INR,2026-08-01,2026-05-12T17:20:00+05:30,cty_34bbfdfe,,nl_text,0,active,2026-06-16T10:00:00+05:30,2026-08-18T10:00:00+05:30
exp_f0ed9517,trp_f83ed4d2,usr_840ca16a,transport,Coffee and snacks,2249.20,INR,2249.20,INR,2026-11-17,2026-11-28T13:44:00+05:30,cty_b6ccbb3b,,manual,0,active,2026-07-21T10:00:00+05:30,2026-08-18T10:00:00+05:30
exp_982c7349,trp_9fcf6ecc,usr_373b76a9,food,Guide tip,1186.43,INR,1186.43,INR,2026-10-30,2026-11-02T21:43:00+05:30,cty_590d4b7b,rcp_6ff3ad85,ocr,1,active,2026-07-16T10:00:00+05:30,2026-08-18T10:00:00+05:30
exp_52d5c601,trp_627dd5f6,usr_ce38459a,food,Dinner,475.08,INR,20.44,QAR,2026-08-01,2026-07-08T10:12:00+05:30,cty_f8b75f8e,,manual,0,active,2026-07-01T10:00:00+05:30,2026-08-18T10:00:00+05:30
exp_3f4a963e,trp_f9407f9b,usr_98a69060,food,Laundry,879.66,INR,879.66,INR,2026-08-01,2026-05-11T20:14:00+05:30,cty_34bbfdfe,,nl_text,0,active,2026-07-03T10:00:00+05:30,2026-08-18T10:00:00+05:30
exp_0cc0243d,trp_ca5546b3,usr_bbd1ced8,accommodation,Dinner,1053.31,MVR,1053.31,INR,2026-08-01,2026-07-10T18:01:00+05:30,cty_9aa02925,,manual,0,active,2026-04-12T10:00:00+05:30,2026-08-18T10:00:00+05:30
exp_f94d795c,trp_5df5ff0b,usr_8ed02105,activities,Dinner,1365.57,INR,1365.57,INR,2026-09-18,2026-09-17T15:16:00+05:30,cty_34bbfdfe,,manual,0,active,2026-07-19T10:00:00+05:30,2026-08-18T10:00:00+05:30
exp_62cf86c2,trp_4a6fffa7,usr_acb4c4ba,accommodation,Laundry,3465.63,INR,3465.63,INR,2026-11-17,2026-11-23T15:06:00+05:30,cty_7be8559f,,nl_text,0,active,2026-08-16T10:00:00+05:30,2026-08-18T10:00:00+05:30
exp_2fbbf606,trp_90e2fb40,usr_e572b881,transport,Guide tip,213.86,THB,213.86,INR,2026-08-01,2026-06-22T09:44:00+05:30,cty_a5f16904,,manual,1,active,2026-05-12T10:00:00+05:30,2026-08-18T10:00:00+05:30
exp_fb74c431,trp_acaf45e7,usr_b96ef58c,accommodation,Museum tickets,7630.84,INR,7630.84,INR,2026-08-01,2026-07-15T21:34:00+05:30,cty_a97c33ad,,manual,0,active,2026-04-08T10:00:00+05:30,2026-08-18T10:00:00+05:30
exp_f16e1d8d,trp_f45d3ef9,usr_c4dc3602,accommodation,Laundry,3449.20,INR,3449.20,INR,2026-08-01,2026-06-27T18:16:00+05:30,cty_d35a9652,,import,0,active,2026-03-25T10:00:00+05:30,2026-08-18T10:00:00+05:30
exp_93ca4a61,trp_c523a05c,usr_e1ee0c13,accommodation,Two nights,2482.51,INR,2482.51,INR,2026-10-06,2026-10-04T09:37:00+05:30,cty_f288c6a0,,nl_text,1,active,2026-07-08T10:00:00+05:30,2026-08-18T10:00:00+05:30
exp_4e3094d9,trp_34f84795,usr_7faf6134,accommodation,Laundry,6178.14,INR,333.60,MYR,2026-09-18,2026-09-20T10:43:00+05:30,cty_3503e391,,nl_text,1,active,2026-06-14T10:00:00+05:30,2026-08-18T10:00:00+05:30
exp_880b34b6,trp_740a0028,usr_651a4d17,food,Airport taxi,771.21,INR,771.21,INR,2026-08-01,2026-07-26T07:15:00+05:30,cty_f29656ff,,manual,0,active,2026-03-23T10:00:00+05:30,2026-08-18T10:00:00+05:30
exp_4bc63000,trp_60a62e81,usr_bff7bdb8,food,Souvenirs,1218.29,INR,1218.29,INR,2026-08-01,2026-08-01T15:43:00+05:30,cty_7fc82336,,manual,1,active,2026-05-30T10:00:00+05:30,2026-08-18T10:00:00+05:30
exp_02d2e677,trp_79045015,usr_72796feb,accommodation,Coffee and snacks,3559.88,THB,3559.88,INR,2026-10-18,2026-10-18T20:12:00+05:30,cty_a5f16904,,manual,1,active,2026-04-24T10:00:00+05:30,2026-08-18T10:00:00+05:30
exp_c1a7ccec,trp_dbe8a03a,usr_62b3f8b8,activities,Guide tip,493.40,INR,493.40,INR,2026-11-17,2026-11-22T07:09:00+05:30,cty_34bbfdfe,,nl_text,0,active,2026-08-15T10:00:00+05:30,2026-08-18T10:00:00+05:30
exp_10b9f4a5,trp_db7b894e,usr_a5077371,activities,Airport taxi,1565.05,INR,1565.05,INR,2026-08-07,2026-08-05T17:34:00+05:30,cty_17b8ef2f,,nl_text,0,active,2026-05-12T10:00:00+05:30,2026-08-18T10:00:00+05:30
exp_76659f48,trp_2342ddcb,usr_34d33978,accommodation,Dinner,9199.53,INR,9199.53,INR,2026-08-01,2026-07-07T09:14:00+05:30,cty_c0f2d9de,,nl_text,0,active,2026-06-15T10:00:00+05:30,2026-08-18T10:00:00+05:30
exp_d8c7a257,trp_55e4cc10,usr_3c3ae758,accommodation,Two nights,337.89,MYR,337.89,INR,2026-09-30,2026-09-30T12:13:00+05:30,cty_c9f34ba7,,import,1,active,2026-05-10T10:00:00+05:30,2026-08-18T10:00:00+05:30
exp_c0fd63c2,trp_fe962840,usr_95492664,activities,Museum tickets,6861.15,LKR,3076.65,NPR,2026-09-18,2026-09-20T22:54:00+05:30,cty_009c9fd2,,manual,1,active,2026-07-09T10:00:00+05:30,2026-08-18T10:00:00+05:30
exp_96c89db5,trp_baeb9644,usr_0000ca76,transport,Laundry,1333.64,INR,1333.64,INR,2026-09-30,2026-10-03T13:46:00+05:30,cty_34bbfdfe,,manual,1,active,2026-06-05T10:00:00+05:30,2026-08-18T10:00:00+05:30
exp_0c079f49,trp_831241e0,usr_6edece59,food,Laundry,952.50,INR,952.50,INR,2026-09-30,2026-09-28T18:43:00+05:30,cty_f29656ff,,manual,0,active,2026-04-30T10:00:00+05:30,2026-08-18T10:00:00+05:30
exp_c495f977,trp_f4115fa9,usr_9d604e2e,food,Coffee and snacks,11.06,CHF,11.06,INR,2026-09-18,2026-09-20T21:17:00+05:30,cty_0b7f5985,,manual,0,active,2026-04-12T10:00:00+05:30,2026-08-18T10:00:00+05:30
exp_26e9277e,trp_6a550f89,usr_956481cd,activities,Boat ride,1510.37,INR,1510.37,INR,2026-09-18,2026-09-16T22:54:00+05:30,cty_0d9ab6ff,,manual,0,active,2026-07-13T10:00:00+05:30,2026-08-18T10:00:00+05:30
exp_2e51da00,trp_fbce8226,usr_c81e60fe,misc,Boat ride,243.83,INR,243.83,INR,2026-08-01,2026-06-04T14:56:00+05:30,,,manual,0,active,2026-07-04T10:00:00+05:30,2026-08-18T10:00:00+05:30
exp_76da753a,trp_cef915ff,usr_7796e5e8,transport,Laundry,1916.79,INR,1916.79,INR,2026-08-01,2026-05-23T15:49:00+05:30,cty_7be8559f,,nl_text,1,active,2026-04-13T10:00:00+05:30,2026-08-18T10:00:00+05:30
exp_9695a2e9,trp_ecb44c64,usr_b2323a23,activities,Two nights,371.34,INR,371.34,INR,2026-08-01,2026-07-18T20:12:00+05:30,cty_67ee7f6f,,manual,1,active,2026-06-07T10:00:00+05:30,2026-08-18T10:00:00+05:30
exp_4cf039e8,trp_f8995cd0,usr_b204c453,transport,Auto to the fort,1707.16,INR,1707.16,INR,2026-11-17,2026-11-30T19:19:00+05:30,cty_aa759717,,manual,1,active,2026-07-19T10:00:00+05:30,2026-08-18T10:00:00+05:30
exp_12b62b24,trp_12961d3c,usr_81ed406f,transport,Dinner,709.08,INR,709.08,INR,2026-10-06,2026-10-08T08:48:00+05:30,cty_ccb4fb74,,nl_text,0,active,2026-07-19T10:00:00+05:30,2026-08-18T10:00:00+05:30
exp_34eb2724,trp_bfc1339e,usr_fedbd227,accommodation,Airport taxi,8908.66,INR,474.49,MYR,2026-08-25,2026-08-28T08:51:00+05:30,cty_32e8e65c,,nl_text,0,active,2026-07-12T10:00:00+05:30,2026-08-18T10:00:00+05:30
exp_d85d72d9,trp_baeb9644,usr_0000ca76,shopping,Guide tip,2077.10,INR,2077.10,INR,2026-10-06,2026-10-04T18:58:00+05:30,cty_34bbfdfe,,manual,0,active,2026-06-03T10:00:00+05:30,2026-08-18T10:00:00+05:30
exp_ef68538d,trp_8a12a715,usr_3349b18a,transport,Dinner,898.42,INR,898.42,INR,2026-10-24,2026-10-23T11:44:00+05:30,cty_5d572c8a,,manual,0,active,2026-05-02T10:00:00+05:30,2026-08-18T10:00:00+05:30
exp_d45c5bbb,trp_73e63df2,usr_3b2b4279,transport,Museum tickets,2047.06,INR,2047.06,INR,2026-11-17,2026-11-27T15:47:00+05:30,cty_c43cfa94,,nl_text,0,active,2026-07-06T10:00:00+05:30,2026-08-18T10:00:00+05:30
exp_2737666c,trp_7a5e7bd8,usr_e94f06ca,activities,Auto to the fort,369.15,INR,369.15,INR,2026-08-01,2026-07-16T18:48:00+05:30,cty_f8b75f8e,,nl_text,1,active,2026-05-21T10:00:00+05:30,2026-08-18T10:00:00+05:30
exp_e2a104d1,trp_53739538,usr_6c5b2519,accommodation,Guide tip,94.59,CHF,94.59,INR,2026-08-01,2026-05-15T07:46:00+05:30,cty_0b7f5985,,manual,1,active,2026-07-08T10:00:00+05:30,2026-08-18T10:00:00+05:30
exp_00c69458,trp_1dd09ed0,usr_fedbd227,transport,Two nights,1272.30,INR,1272.30,INR,2026-08-01,2026-07-20T22:36:00+05:30,cty_b6ccbb3b,,nl_text,0,active,2026-07-17T10:00:00+05:30,2026-08-18T10:00:00+05:30
exp_29653249,trp_8080637f,usr_9e33a102,food,Laundry,22.54,QAR,22.54,QAR,2026-08-01,2026-05-18T14:09:00+05:30,cty_c97e6cd5,,manual,0,active,2026-04-23T10:00:00+05:30,2026-08-18T10:00:00+05:30
exp_d35d57e7,trp_12c07e4d,usr_0e9166f0,accommodation,Dinner,279.28,AED,279.28,INR,2026-09-24,2026-09-24T16:42:00+05:30,cty_1ced6ede,,import,1,active,2026-08-10T10:00:00+05:30,2026-08-18T10:00:00+05:30
exp_df3569eb,trp_ab774ec9,usr_693c20b9,food,Two nights,299.11,THB,299.11,THB,2026-08-01,2026-07-14T18:45:00+05:30,cty_67ee7f6f,,manual,0,active,2026-04-09T10:00:00+05:30,2026-08-18T10:00:00+05:30
exp_5577498f,trp_1c6b709c,usr_2433031a,accommodation,Boat ride,2671.81,NPR,73.66,AED,2026-08-01,2026-07-25T13:20:00+05:30,cty_95d040d8,,manual,1,active,2026-06-18T10:00:00+05:30,2026-08-18T10:00:00+05:30
exp_a0649723,trp_e0e73f4f,usr_651a4d17,accommodation,Dinner,1932.38,INR,1932.38,INR,2026-08-01,2026-06-10T13:12:00+05:30,,,nl_text,0,active,2026-04-24T10:00:00+05:30,2026-08-18T10:00:00+05:30
exp_b9c62692,trp_e1f3d0e8,usr_ce09de03,accommodation,Souvenirs,51.16,CHF,51.16,CHF,2026-08-31,2026-09-02T09:13:00+05:30,cty_6320eea9,,manual,0,active,2026-05-19T10:00:00+05:30,2026-08-18T10:00:00+05:30
exp_f9f7602f,trp_4567900f,usr_e94f06ca,accommodation,Auto to the fort,194.48,AED,194.48,INR,2026-08-01,2026-05-09T10:29:00+05:30,cty_7b89639e,,import,1,active,2026-04-25T10:00:00+05:30,2026-08-18T10:00:00+05:30
exp_70531984,trp_16836146,usr_209a82fa,misc,Coffee and snacks,593.83,INR,593.83,INR,2026-11-17,2026-12-02T08:19:00+05:30,cty_d4f5e3a5,,manual,1,active,2026-06-13T10:00:00+05:30,2026-08-18T10:00:00+05:30
exp_6d27f985,trp_a00e9d0f,usr_7edfea3c,food,Souvenirs,212562.88,IDR,212562.88,IDR,2026-11-11,2026-11-09T18:47:00+05:30,cty_aa759717,,manual,0,active,2026-04-01T10:00:00+05:30,2026-08-18T10:00:00+05:30
exp_89b61348,trp_962e90a6,usr_ab2353de,food,Coffee and snacks,859.50,INR,859.50,INR,2026-08-25,2026-08-26T11:57:00+05:30,cty_bbb31d67,,manual,0,active,2026-06-04T10:00:00+05:30,2026-08-18T10:00:00+05:30
exp_8b941154,trp_0e4ac002,usr_54e4f5fd,transport,Guide tip,701.00,INR,701.00,INR,2026-11-17,2026-12-04T08:20:00+05:30,cty_bbb31d67,,manual,1,active,2026-05-07T10:00:00+05:30,2026-08-18T10:00:00+05:30
exp_7e09648a,trp_95715c8a,usr_0dc99bd5,food,Souvenirs,1566.02,INR,1566.02,INR,2026-08-01,2026-05-23T18:36:00+05:30,cty_f29656ff,,manual,1,active,2026-06-18T10:00:00+05:30,2026-08-18T10:00:00+05:30
exp_0e6b337b,trp_d729f422,usr_9694b4a3,misc,Airport taxi,271.69,INR,271.69,INR,2026-08-01,2026-06-26T15:51:00+05:30,cty_10cbee86,,import,0,active,2026-06-04T10:00:00+05:30,2026-08-18T10:00:00+05:30
exp_d7b9d0ea,trp_894ef822,usr_fedbd227,misc,Souvenirs,650.86,INR,650.86,INR,2026-08-01,2026-06-16T22:46:00+05:30,cty_7fc82336,rcp_9847a1c2,ocr,0,active,2026-05-15T10:00:00+05:30,2026-08-18T10:00:00+05:30
exp_30a79f1c,trp_c67254e9,usr_0e5a0620,accommodation,Airport taxi,7147.75,INR,7147.75,INR,2026-11-05,2026-11-07T21:03:00+05:30,cty_9327d518,rcp_bc657be6,ocr,1,active,2026-03-24T10:00:00+05:30,2026-08-18T10:00:00+05:30
exp_563aad3f,trp_1b20de3f,usr_6c3fae7b,accommodation,Airport taxi,132.88,SGD,132.88,INR,2026-11-17,2026-11-22T12:09:00+05:30,cty_905fd8a1,,manual,1,active,2026-03-26T10:00:00+05:30,2026-08-18T10:00:00+05:30
exp_b3b5ce8f,trp_0d9ed6f6,usr_525b1d3c,accommodation,Dinner,6087.53,INR,6087.53,INR,2026-08-01,2026-06-07T16:26:00+05:30,cty_718f03c7,,manual,0,active,2026-04-22T10:00:00+05:30,2026-08-18T10:00:00+05:30
exp_88bffdd5,trp_b2aef743,usr_7796e5e8,food,Coffee and snacks,766.96,INR,766.96,INR,2026-08-01,2026-06-22T11:07:00+05:30,cty_718f03c7,,manual,1,active,2026-03-24T10:00:00+05:30,2026-08-18T10:00:00+05:30
exp_e6d1c9f0,trp_1b20de3f,usr_6c3fae7b,accommodation,Coffee and snacks,149.42,SGD,149.42,INR,2026-11-17,2026-11-22T14:40:00+05:30,cty_905fd8a1,,manual,0,active,2026-07-16T10:00:00+05:30,2026-08-18T10:00:00+05:30
exp_38b8033f,trp_39d6963e,usr_65303113,shopping,Guide tip,12720.62,LKR,12720.62,INR,2026-08-01,2026-05-13T19:28:00+05:30,cty_a50bc5dd,,manual,0,active,2026-07-03T10:00:00+05:30,2026-08-18T10:00:00+05:30
exp_0b242c61,trp_0ea3db93,usr_2a2841d1,transport,Dinner,832.61,INR,832.61,INR,2026-10-24,2026-10-27T10:02:00+05:30,cty_9327d518,rcp_f699588d,ocr,1,active,2026-06-14T10:00:00+05:30,2026-08-18T10:00:00+05:30
exp_499aa6e9,trp_7156f558,usr_2433031a,activities,Coffee and snacks,1200.03,NPR,32.99,AED,2026-11-17,2026-11-25T09:54:00+05:30,cty_c0f2d9de,,manual,1,active,2026-08-13T10:00:00+05:30,2026-08-18T10:00:00+05:30
exp_6f2259c3,trp_d13da5c8,usr_2182a4d3,shopping,Museum tickets,30.78,AED,30.78,INR,2026-10-24,2026-10-27T14:14:00+05:30,cty_7b89639e,,manual,0,active,2026-07-26T10:00:00+05:30,2026-08-18T10:00:00+05:30
exp_d8c34bf4,trp_25a980cf,usr_2da5bb04,transport,Auto to the fort,1242.14,INR,2258.95,JPY,2026-09-12,2026-09-14T09:47:00+05:30,cty_f288c6a0,,import,0,active,2026-04-27T10:00:00+05:30,2026-08-18T10:00:00+05:30
exp_d3f0d325,trp_a00e9d0f,usr_7f9533ad,transport,Airport taxi,2311.57,INR,461070.22,IDR,2026-11-05,2026-11-08T21:41:00+05:30,cty_aa759717,,import,1,active,2026-04-20T10:00:00+05:30,2026-08-18T10:00:00+05:30
exp_7185fa44,trp_a7356ab0,usr_c582abb2,accommodation,Souvenirs,3312.06,INR,3312.06,INR,2026-08-01,2026-07-19T13:30:00+05:30,cty_076e8e86,,manual,0,active,2026-04-19T10:00:00+05:30,2026-08-18T10:00:00+05:30
exp_6a12ec88,trp_c67254e9,usr_3f50fbcb,accommodation,Souvenirs,5130.64,INR,5130.64,INR,2026-11-05,2026-11-08T20:02:00+05:30,cty_9327d518,,nl_text,0,active,2026-05-19T10:00:00+05:30,2026-08-18T10:00:00+05:30
exp_b3670fe7,trp_cdcc78b4,usr_76043d79,accommodation,Guide tip,2613.81,INR,2613.81,INR,2026-08-01,2026-05-24T17:17:00+05:30,cty_0b92e2e7,rcp_7077f8df,ocr,1,active,2026-05-12T10:00:00+05:30,2026-08-18T10:00:00+05:30
exp_0d31893f,trp_4c87ad6d,usr_94e62241,misc,Guide tip,285.02,INR,285.02,INR,2026-08-01,2026-06-25T21:55:00+05:30,cty_ab50efee,,nl_text,0,active,2026-07-21T10:00:00+05:30,2026-08-18T10:00:00+05:30
exp_5ea60be6,trp_94e301b8,usr_0382185a,shopping,Souvenirs,744.00,INR,744.00,INR,2026-08-01,2026-06-10T18:35:00+05:30,cty_cf1c6ac5,,manual,0,active,2026-04-27T10:00:00+05:30,2026-08-18T10:00:00+05:30
exp_07490859,trp_799607b3,usr_157e58e7,misc,Museum tickets,286.05,INR,286.05,INR,2026-08-01,2026-06-29T11:51:00+05:30,,,manual,0,active,2026-06-03T10:00:00+05:30,2026-08-18T10:00:00+05:30
exp_b737fe44,trp_8b6125c3,usr_2c93ab7f,food,Dinner,729.64,INR,729.64,INR,2026-10-18,2026-10-16T10:52:00+05:30,cty_f288c6a0,rcp_2a927510,ocr,0,active,2026-08-02T10:00:00+05:30,2026-08-18T10:00:00+05:30
exp_6dd89290,trp_2f814928,usr_2b7e8931,shopping,Airport taxi,1518.43,INR,1518.43,INR,2026-11-11,2026-11-11T19:14:00+05:30,cty_8b6b1652,,manual,0,active,2026-06-16T10:00:00+05:30,2026-08-18T10:00:00+05:30
exp_618c0431,trp_41efeeee,usr_66a4a013,food,Laundry,439.43,INR,439.43,INR,2026-08-01,2026-05-18T19:08:00+05:30,cty_f288c6a0,,import,0,active,2026-07-01T10:00:00+05:30,2026-08-18T10:00:00+05:30
exp_9ef8fa95,trp_7156f558,usr_2433031a,transport,Dinner,98.54,AED,98.54,AED,2026-11-17,2026-11-27T10:50:00+05:30,cty_c0f2d9de,,manual,0,active,2026-05-07T10:00:00+05:30,2026-08-18T10:00:00+05:30
exp_99832ba7,trp_dba33c33,usr_b5327682,accommodation,Airport taxi,4667.03,INR,4667.03,INR,2026-08-25,2026-08-23T12:48:00+05:30,cty_5698a7ab,,manual,0,active,2026-08-01T10:00:00+05:30,2026-08-18T10:00:00+05:30
exp_d767b6d5,trp_49772eb7,usr_b4a877b0,accommodation,Museum tickets,403.82,QAR,403.82,INR,2026-08-01,2026-07-14T08:13:00+05:30,cty_6320eea9,,manual,0,active,2026-06-25T10:00:00+05:30,2026-08-18T10:00:00+05:30
exp_6da59312,trp_0cf04e06,usr_9cb9eedc,activities,Souvenirs,1298.68,INR,1298.68,INR,2026-10-18,2026-10-20T12:49:00+05:30,cty_67ee7f6f,,manual,0,active,2026-03-22T10:00:00+05:30,2026-08-18T10:00:00+05:30
exp_5ee3d993,trp_82116fda,usr_07f03d4c,food,Museum tickets,917.67,INR,917.67,INR,2026-09-24,2026-09-24T07:38:00+05:30,cty_f29656ff,,manual,0,active,2026-04-12T10:00:00+05:30,2026-08-18T10:00:00+05:30
exp_a14a3574,trp_e1f3d0e8,usr_3f4f4c52,accommodation,Two nights,150.03,QAR,35.96,CHF,2026-08-31,2026-09-01T19:17:00+05:30,cty_6320eea9,,manual,1,active,2026-06-05T10:00:00+05:30,2026-08-18T10:00:00+05:30
exp_1324c00f,trp_ebe52e65,usr_05fc06c6,misc,Coffee and snacks,443.87,INR,443.87,INR,2026-08-01,2026-07-25T13:30:00+05:30,cty_621f4a84,rcp_14c46bdc,ocr,1,active,2026-05-09T10:00:00+05:30,2026-08-18T10:00:00+05:30
exp_9f7e4cee,trp_631ad6a9,usr_196ca537,accommodation,Boat ride,32.54,CHF,32.54,INR,2026-08-31,2026-09-03T14:31:00+05:30,cty_0b7f5985,,manual,1,active,2026-04-28T10:00:00+05:30,2026-08-18T10:00:00+05:30
exp_977bd929,trp_86a8180b,usr_a25f0129,food,Museum tickets,156.31,MVR,156.31,INR,2026-11-11,2026-11-11T20:14:00+05:30,cty_9aa02925,,nl_text,1,active,2026-05-09T10:00:00+05:30,2026-08-18T10:00:00+05:30
exp_0c2b8dcb,trp_c4fe9d44,usr_96b84c82,accommodation,Airport taxi,7959.53,INR,7959.53,INR,2026-10-12,2026-10-10T10:19:00+05:30,cty_621f4a84,rcp_7838979e,ocr,0,active,2026-06-06T10:00:00+05:30,2026-08-18T10:00:00+05:30
exp_c34c969e,trp_574e5595,usr_05d0be25,shopping,Guide tip,2137.97,INR,2137.97,INR,2026-08-01,2026-05-10T13:20:00+05:30,cty_1ced6ede,,manual,1,active,2026-03-25T10:00:00+05:30,2026-08-18T10:00:00+05:30
exp_1e685635,trp_ecb6fa2a,usr_f50e2299,food,Souvenirs,1400.50,LKR,1400.50,INR,2026-08-07,2026-08-05T07:04:00+05:30,cty_009c9fd2,,manual,1,active,2026-07-13T10:00:00+05:30,2026-08-18T10:00:00+05:30
exp_1540e23e,trp_634a2f2f,usr_bf89afd1,food,Dinner,935.62,INR,935.62,INR,2026-11-11,2026-11-12T16:54:00+05:30,cty_ccb4fb74,,manual,1,active,2026-03-31T10:00:00+05:30,2026-08-18T10:00:00+05:30
exp_fed77e4b,trp_309cee62,usr_61710d50,food,Souvenirs,1153.49,INR,18.67,SGD,2026-09-18,2026-09-18T12:20:00+05:30,cty_590d4b7b,,manual,0,active,2026-03-30T10:00:00+05:30,2026-08-18T10:00:00+05:30
exp_ba75854f,trp_f57f5855,usr_8f32fd7a,food,Dinner,64.60,MYR,4281.67,LKR,2026-09-24,2026-09-24T17:25:00+05:30,cty_c9f34ba7,,nl_text,1,active,2026-08-07T10:00:00+05:30,2026-08-18T10:00:00+05:30
exp_56087951,trp_fc58b9bd,usr_1c8154b9,accommodation,Airport taxi,9722.59,INR,9722.59,INR,2026-08-01,2026-06-26T12:17:00+05:30,cty_10cbee86,,manual,0,active,2026-05-05T10:00:00+05:30,2026-08-18T10:00:00+05:30
exp_f63fbf01,trp_c9e5981e,usr_e2490a9e,food,Auto to the fort,1108.40,INR,1108.40,INR,2026-08-01,2026-06-14T17:07:00+05:30,cty_32e8e65c,,manual,1,active,2026-04-16T10:00:00+05:30,2026-08-18T10:00:00+05:30
exp_e8f034c6,trp_ad48f44b,usr_ea269383,food,Airport taxi,901.40,INR,901.40,INR,2026-08-13,2026-08-12T08:44:00+05:30,cty_b6ccbb3b,,manual,0,active,2026-08-07T10:00:00+05:30,2026-08-18T10:00:00+05:30
exp_78c72f8f,trp_90f6480d,usr_a7185e16,food,Laundry,839.05,INR,839.05,INR,2026-09-12,2026-09-10T13:42:00+05:30,cty_67ee7f6f,rcp_b97e67e3,ocr,0,active,2026-07-06T10:00:00+05:30,2026-08-18T10:00:00+05:30
exp_a04cb3e8,trp_550c7b3b,usr_4012e3f7,activities,Guide tip,1336.05,INR,1336.05,INR,2026-08-25,2026-08-28T11:02:00+05:30,cty_f288c6a0,,manual,0,active,2026-06-08T10:00:00+05:30,2026-08-18T10:00:00+05:30
exp_4b1a9f13,trp_7fa3c6c3,usr_c24f45f3,transport,Guide tip,12.73,SGD,12.73,INR,2026-08-01,2026-07-22T15:43:00+05:30,cty_905fd8a1,,import,0,active,2026-07-30T10:00:00+05:30,2026-08-18T10:00:00+05:30
exp_265e883e,trp_fda57035,usr_72796feb,transport,Dinner,107736.50,IDR,107736.50,INR,2026-08-01,2026-07-20T22:17:00+05:30,cty_36afaa5c,rcp_ee8d7b71,ocr,0,active,2026-06-15T10:00:00+05:30,2026-08-18T10:00:00+05:30
exp_0d56f001,trp_3901f712,usr_aef2d4f6,accommodation,Dinner,6413.80,INR,6413.80,INR,2026-11-17,2026-11-17T22:15:00+05:30,cty_f8b75f8e,,nl_text,0,active,2026-03-26T10:00:00+05:30,2026-08-18T10:00:00+05:30
exp_d9f18a82,trp_06892c8d,usr_c25e06d9,activities,Two nights,928.14,INR,1476.56,NPR,2026-08-25,2026-08-24T15:25:00+05:30,cty_34bbfdfe,,manual,1,active,2026-05-01T10:00:00+05:30,2026-08-18T10:00:00+05:30
exp_c6e70e96,trp_95ffc5b8,usr_2b7e8931,accommodation,Auto to the fort,8327.59,INR,8327.59,INR,2026-11-11,2026-11-09T10:10:00+05:30,cty_0b92e2e7,,manual,0,active,2026-05-05T10:00:00+05:30,2026-08-18T10:00:00+05:30
exp_a57daf27,trp_81b0e4f1,usr_e2490a9e,activities,Airport taxi,1446.21,INR,1446.21,INR,2026-08-13,2026-08-13T09:34:00+05:30,cty_7f673457,,manual,1,active,2026-08-06T10:00:00+05:30,2026-08-18T10:00:00+05:30
exp_1e2a06c1,trp_03e922d6,usr_e8f563b9,food,Boat ride,1361.01,INR,1361.01,INR,2026-11-17,2026-11-25T14:59:00+05:30,cty_621f4a84,,manual,1,active,2026-04-30T10:00:00+05:30,2026-08-18T10:00:00+05:30
exp_65be3433,trp_fa67785b,usr_fae4d064,accommodation,Museum tickets,5498.04,INR,5498.04,INR,2026-08-01,2026-06-05T09:16:00+05:30,cty_ab50efee,,manual,0,active,2026-07-15T10:00:00+05:30,2026-08-18T10:00:00+05:30
exp_dec4b27b,trp_7156f558,usr_508f15f0,shopping,Airport taxi,3172.42,NPR,87.21,AED,2026-11-17,2026-11-27T14:02:00+05:30,cty_c0f2d9de,,manual,0,active,2026-08-12T10:00:00+05:30,2026-08-18T10:00:00+05:30
exp_d1d40e23,trp_c39c8f75,usr_0deee6d9,transport,Coffee and snacks,14.54,CHF,14.54,INR,2026-08-01,2026-05-05T14:43:00+05:30,cty_0b7f5985,,manual,0,active,2026-06-28T10:00:00+05:30,2026-08-18T10:00:00+05:30
exp_a8d7fa9e,trp_411ac676,usr_88af6903,fees,Laundry,279.14,INR,279.14,INR,2026-09-24,2026-09-26T09:56:00+05:30,cty_cfec17b6,,manual,0,active,2026-04-21T10:00:00+05:30,2026-08-18T10:00:00+05:30
exp_86ed0cb9,trp_e51fe665,usr_107ab982,accommodation,Two nights,28.87,SGD,347850.32,IDR,2026-08-01,2026-05-20T10:45:00+05:30,,,manual,0,active,2026-04-25T10:00:00+05:30,2026-08-18T10:00:00+05:30
exp_e7872af3,trp_7156f558,usr_508f15f0,accommodation,Airport taxi,15073.73,NPR,414.36,AED,2026-11-17,2026-11-25T17:06:00+05:30,cty_c0f2d9de,,manual,0,active,2026-04-11T10:00:00+05:30,2026-08-18T10:00:00+05:30
exp_a3498a2c,trp_d0565c09,usr_3e25dcc6,accommodation,Two nights,2906.41,THB,2906.41,INR,2026-10-06,2026-10-07T10:05:00+05:30,cty_a5f16904,,manual,1,active,2026-07-17T10:00:00+05:30,2026-08-18T10:00:00+05:30
exp_9a05c93d,trp_ab02433c,usr_464e9998,accommodation,Dinner,7950.26,INR,7950.26,INR,2026-11-17,2026-11-20T11:39:00+05:30,cty_7f673457,,nl_text,1,active,2026-05-20T10:00:00+05:30,2026-08-18T10:00:00+05:30
exp_7045516a,trp_8cceaae7,usr_32a5a217,transport,Dinner,454.51,INR,454.51,INR,2026-11-17,2026-11-21T09:51:00+05:30,cty_0d9ab6ff,,manual,0,active,2026-06-10T10:00:00+05:30,2026-08-18T10:00:00+05:30
exp_d8855d88,trp_8c188c27,usr_40c95b13,food,Boat ride,873.18,INR,873.18,INR,2026-08-19,2026-08-17T10:13:00+05:30,,,manual,1,active,2026-04-02T10:00:00+05:30,2026-08-18T10:00:00+05:30
exp_a155cc68,trp_c39c8f75,usr_0deee6d9,food,Auto to the fort,1030.10,INR,1030.10,INR,2026-08-01,2026-05-07T10:31:00+05:30,cty_0b7f5985,,manual,0,active,2026-05-12T10:00:00+05:30,2026-08-18T10:00:00+05:30
exp_38c0046b,trp_6b90fe6a,usr_0567fe37,accommodation,Laundry,6558.86,INR,285.53,AED,2026-08-01,2026-05-22T20:55:00+05:30,cty_828a7777,rcp_2bdbb647,ocr,0,active,2026-06-12T10:00:00+05:30,2026-08-18T10:00:00+05:30
exp_6d334b4b,trp_3c03178d,usr_f855344d,activities,Laundry,660.78,INR,660.78,INR,2026-10-24,2026-10-22T10:21:00+05:30,cty_0d9ab6ff,,manual,0,active,2026-05-11T10:00:00+05:30,2026-08-18T10:00:00+05:30
exp_ed7ddc49,trp_1904a63d,usr_ca24d130,accommodation,Dinner,1980.24,INR,1980.24,INR,2026-08-01,2026-07-04T22:58:00+05:30,cty_3503e391,,manual,0,active,2026-04-10T10:00:00+05:30,2026-08-18T10:00:00+05:30
exp_a9636107,trp_7aed1147,usr_76c235d5,accommodation,Airport taxi,1894.82,INR,1894.82,INR,2026-10-30,2026-10-31T12:43:00+05:30,cty_3503e391,,manual,0,active,2026-06-11T10:00:00+05:30,2026-08-18T10:00:00+05:30
exp_57e93fd1,trp_dba33c33,usr_d3cf0a5d,food,Dinner,858.82,INR,858.82,INR,2026-08-25,2026-08-24T16:55:00+05:30,cty_5698a7ab,,manual,0,active,2026-06-11T10:00:00+05:30,2026-08-18T10:00:00+05:30
exp_b04187d0,trp_3901f712,usr_ce2e54f4,misc,Laundry,710.59,INR,710.59,INR,2026-11-17,2026-11-17T10:54:00+05:30,cty_f8b75f8e,rcp_93e59428,ocr,0,active,2026-03-23T10:00:00+05:30,2026-08-18T10:00:00+05:30
exp_3f83c5ff,trp_ef522093,usr_840ca16a,transport,Museum tickets,323.57,THB,323.57,INR,2026-08-19,2026-08-19T17:06:00+05:30,cty_a5f16904,,manual,1,active,2026-03-24T10:00:00+05:30,2026-08-18T10:00:00+05:30
exp_97ef0edc,trp_94e301b8,usr_0382185a,transport,Coffee and snacks,1132.83,INR,1132.83,INR,2026-08-01,2026-06-11T20:01:00+05:30,cty_cf1c6ac5,,nl_text,0,active,2026-04-27T10:00:00+05:30,2026-08-18T10:00:00+05:30
exp_85d0fe5c,trp_84855866,usr_52257a0a,transport,Museum tickets,835.92,INR,835.92,INR,2026-08-31,2026-08-29T12:55:00+05:30,cty_17b8ef2f,,manual,1,active,2026-07-03T10:00:00+05:30,2026-08-18T10:00:00+05:30
exp_d03f4c59,trp_ff8e9fec,usr_a386ca28,accommodation,Souvenirs,2507.33,INR,2507.33,INR,2026-11-17,2026-11-25T20:47:00+05:30,cty_32e8e65c,,manual,1,active,2026-06-04T10:00:00+05:30,2026-08-18T10:00:00+05:30
exp_44834481,trp_940ac1af,usr_3f4f4c52,activities,Coffee and snacks,1448.81,INR,1448.81,INR,2026-08-25,2026-08-24T13:22:00+05:30,cty_8fc1539e,,nl_text,0,active,2026-07-16T10:00:00+05:30,2026-08-18T10:00:00+05:30
exp_258c84b9,trp_058d5aea,usr_e3e0cd9d,accommodation,Museum tickets,9764.19,INR,9764.19,INR,2026-08-07,2026-08-06T14:36:00+05:30,cty_ab50efee,,manual,0,active,2026-04-05T10:00:00+05:30,2026-08-18T10:00:00+05:30
exp_45487a96,trp_9eb0f5fe,usr_9694b4a3,activities,Dinner,136.74,THB,136.74,INR,2026-08-07,2026-08-09T21:32:00+05:30,cty_a5f16904,rcp_7e2eb9d3,ocr,0,active,2026-07-17T10:00:00+05:30,2026-08-18T10:00:00+05:30
exp_aa313c8d,trp_77488f6d,usr_44ec53b5,misc,Airport taxi,341.10,INR,341.10,INR,2026-08-01,2026-07-07T10:29:00+05:30,cty_c07454f1,,manual,0,active,2026-05-24T10:00:00+05:30,2026-08-18T10:00:00+05:30
exp_65ec0569,trp_ec11de60,usr_29fdaeb0,food,Coffee and snacks,69.63,QAR,69.63,INR,2026-08-19,2026-08-18T07:20:00+05:30,cty_6320eea9,,manual,0,active,2026-08-14T10:00:00+05:30,2026-08-18T10:00:00+05:30
exp_1c6e1a4f,trp_6fb32210,usr_e076a69d,shopping,Dinner,3303.69,INR,3303.69,INR,2026-11-17,2026-11-29T22:31:00+05:30,cty_bbb31d67,,manual,0,active,2026-07-13T10:00:00+05:30,2026-08-18T10:00:00+05:30
exp_a11e062a,trp_cb6840c6,usr_e2966606,food,Dinner,1178.61,INR,1178.61,INR,2026-08-01,2026-06-14T11:08:00+05:30,cty_95e7c8ca,,manual,1,active,2026-04-27T10:00:00+05:30,2026-08-18T10:00:00+05:30
exp_1c754bb4,trp_d17c30b0,usr_1501196b,food,Airport taxi,1205.56,INR,1205.56,INR,2026-08-01,2026-05-25T21:45:00+05:30,cty_43d0a650,rcp_faa6c40d,ocr,1,active,2026-07-10T10:00:00+05:30,2026-08-18T10:00:00+05:30
exp_3e50395e,trp_71d9ea27,usr_0a31df91,transport,Souvenirs,2081.80,INR,2081.80,INR,2026-09-06,2026-09-05T21:26:00+05:30,cty_67ee7f6f,,manual,0,active,2026-06-30T10:00:00+05:30,2026-08-18T10:00:00+05:30
exp_ef3b45bf,trp_929cc01b,usr_1dc66e29,activities,Dinner,58.31,MVR,58.31,INR,2026-11-05,2026-11-08T09:03:00+05:30,cty_9aa02925,,nl_text,1,active,2026-07-29T10:00:00+05:30,2026-08-18T10:00:00+05:30
exp_163c71cc,trp_799607b3,usr_157e58e7,food,Guide tip,359.22,INR,359.22,INR,2026-08-01,2026-06-30T10:46:00+05:30,cty_43d0a650,,manual,0,active,2026-03-25T10:00:00+05:30,2026-08-18T10:00:00+05:30
exp_f8c3a79c,trp_ddc1ac3a,usr_969a0636,activities,Airport taxi,682.05,INR,682.05,INR,2026-08-01,2026-05-14T20:17:00+05:30,cty_5d572c8a,,nl_text,0,active,2026-07-19T10:00:00+05:30,2026-08-18T10:00:00+05:30
exp_9905facb,trp_dd037e63,usr_b1a4b433,activities,Laundry,656.71,INR,656.71,INR,2026-08-13,2026-08-11T22:29:00+05:30,cty_9327d518,,manual,0,active,2026-06-20T10:00:00+05:30,2026-08-18T10:00:00+05:30
exp_1ae25857,trp_309cee62,usr_d17a8cab,transport,Coffee and snacks,926.93,INR,15.01,SGD,2026-09-18,2026-09-17T12:25:00+05:30,cty_590d4b7b,rcp_1d81fcd5,ocr,1,active,2026-07-09T10:00:00+05:30,2026-08-18T10:00:00+05:30
exp_060dc691,trp_2035c85a,usr_4c4dd666,accommodation,Laundry,6859.83,INR,6859.83,INR,2026-08-01,2026-06-22T12:35:00+05:30,cty_c9f34ba7,,manual,1,active,2026-08-15T10:00:00+05:30,2026-08-18T10:00:00+05:30
exp_fdc41896,trp_1f82c042,usr_fc3617c0,food,Auto to the fort,1110.18,INR,458.80,THB,2026-08-01,2026-06-25T15:37:00+05:30,cty_17b8ef2f,,nl_text,1,active,2026-03-26T10:00:00+05:30,2026-08-18T10:00:00+05:30
exp_df3e430a,trp_60a62e81,usr_bff7bdb8,activities,Boat ride,672.94,INR,672.94,INR,2026-08-01,2026-08-01T16:22:00+05:30,cty_7fc82336,,manual,0,active,2026-06-28T10:00:00+05:30,2026-08-18T10:00:00+05:30
exp_405bb106,trp_2f330bc2,usr_63531f2d,accommodation,Boat ride,7414.67,INR,7414.67,INR,2026-11-17,2026-11-19T22:59:00+05:30,cty_43d0a650,,manual,1,active,2026-03-22T10:00:00+05:30,2026-08-18T10:00:00+05:30
exp_3d585fd3,trp_994c9a51,usr_6be041f5,activities,Museum tickets,1513.14,INR,5265.62,LKR,2026-08-01,2026-05-31T17:32:00+05:30,cty_cf1c6ac5,,manual,0,active,2026-07-17T10:00:00+05:30,2026-08-18T10:00:00+05:30
exp_f665c5cf,trp_e842e287,usr_4794174d,food,Souvenirs,1039.12,INR,1039.12,INR,2026-08-31,2026-08-29T19:31:00+05:30,cty_34bbfdfe,rcp_9c2578b6,ocr,0,active,2026-04-01T10:00:00+05:30,2026-08-18T10:00:00+05:30
exp_094ded5e,trp_372d222b,usr_9a5cd9cf,activities,Airport taxi,1712.64,INR,1712.64,INR,2026-08-01,2026-06-30T18:58:00+05:30,cty_a5f16904,,manual,0,active,2026-07-07T10:00:00+05:30,2026-08-18T10:00:00+05:30
exp_499ff389,trp_0cf04e06,usr_9cb9eedc,accommodation,Dinner,5041.07,INR,5041.07,INR,2026-10-18,2026-10-20T17:39:00+05:30,cty_67ee7f6f,,nl_text,0,active,2026-07-20T10:00:00+05:30,2026-08-18T10:00:00+05:30
exp_b0d9352b,trp_1765a1ad,usr_78bb2d82,food,Airport taxi,1336.50,NPR,1336.50,INR,2026-08-25,2026-08-23T08:50:00+05:30,cty_c0f2d9de,rcp_5251589b,ocr,0,active,2026-04-11T10:00:00+05:30,2026-08-18T10:00:00+05:30
exp_065e33cd,trp_5a3f0c25,usr_12f95c97,accommodation,Laundry,1700.53,INR,1700.53,INR,2026-09-18,2026-09-18T14:48:00+05:30,cty_10cbee86,,manual,1,active,2026-06-19T10:00:00+05:30,2026-08-18T10:00:00+05:30
exp_ef898092,trp_d17c30b0,usr_2fc3b9a7,activities,Guide tip,839.17,INR,839.17,INR,2026-08-01,2026-05-26T17:02:00+05:30,cty_43d0a650,,manual,0,active,2026-08-08T10:00:00+05:30,2026-08-18T10:00:00+05:30
exp_e8aed141,trp_8c188c27,usr_40c95b13,transport,Laundry,717.51,INR,717.51,INR,2026-08-19,2026-08-18T18:19:00+05:30,cty_8fc1539e,rcp_17073bee,ocr,1,active,2026-08-08T10:00:00+05:30,2026-08-18T10:00:00+05:30
exp_eeaba946,trp_95715c8a,usr_0dc99bd5,shopping,Boat ride,1130.65,INR,1130.65,INR,2026-08-01,2026-05-26T15:41:00+05:30,cty_f29656ff,,nl_text,0,active,2026-07-01T10:00:00+05:30,2026-08-18T10:00:00+05:30
exp_4a58047d,trp_f80fc406,usr_424aaa79,accommodation,Two nights,7481.24,INR,7481.24,INR,2026-10-24,2026-10-26T22:21:00+05:30,cty_10cbee86,,import,0,active,2026-05-10T10:00:00+05:30,2026-08-18T10:00:00+05:30
exp_9efe3641,trp_0ea3db93,usr_1cec1f14,accommodation,Airport taxi,1860.33,INR,1860.33,INR,2026-10-24,2026-10-26T07:10:00+05:30,cty_9327d518,,manual,0,active,2026-05-14T10:00:00+05:30,2026-08-18T10:00:00+05:30
exp_22ba4ef8,trp_d13da5c8,usr_7da99ef5,transport,Two nights,2180.75,INR,2180.75,INR,2026-10-24,2026-10-25T16:15:00+05:30,cty_7b89639e,,manual,1,active,2026-04-25T10:00:00+05:30,2026-08-18T10:00:00+05:30
exp_3cf550cb,trp_058d5aea,usr_e3e0cd9d,food,Museum tickets,1375.92,INR,1375.92,INR,2026-08-01,2026-08-04T19:41:00+05:30,cty_ab50efee,,manual,0,active,2026-05-12T10:00:00+05:30,2026-08-18T10:00:00+05:30
exp_f3304f69,trp_67af61b6,usr_2433031a,food,Dinner,1611.38,INR,1611.38,INR,2026-08-31,2026-08-29T18:06:00+05:30,cty_ccb4fb74,,nl_text,0,active,2026-03-31T10:00:00+05:30,2026-08-18T10:00:00+05:30
exp_a06c05b8,trp_8f860be9,usr_81cc2de0,transport,Airport taxi,593.66,INR,593.66,INR,2026-10-24,2026-10-27T09:11:00+05:30,cty_7cb0b529,,manual,0,active,2026-04-01T10:00:00+05:30,2026-08-18T10:00:00+05:30
exp_cdfc9333,trp_962e90a6,usr_ab2353de,food,Souvenirs,1408.81,INR,1408.81,INR,2026-08-31,2026-08-29T22:26:00+05:30,cty_bbb31d67,,nl_text,1,active,2026-07-26T10:00:00+05:30,2026-08-18T10:00:00+05:30
exp_7c149885,trp_f57f5855,usr_8f32fd7a,shopping,Laundry,165.13,MYR,10944.76,LKR,2026-09-24,2026-09-25T19:05:00+05:30,cty_c9f34ba7,rcp_689c46ff,ocr,0,active,2026-06-01T10:00:00+05:30,2026-08-18T10:00:00+05:30
exp_7e43a1d2,trp_35d620ca,usr_9c3deed5,accommodation,Airport taxi,5130.21,INR,81.32,SGD,2026-08-01,2026-06-18T18:27:00+05:30,cty_a97c33ad,rcp_62e9a33f,ocr,0,active,2026-05-26T10:00:00+05:30,2026-08-18T10:00:00+05:30
exp_a512cfaf,trp_909e59bc,usr_17b45921,accommodation,Guide tip,27297.39,LKR,80.22,CHF,2026-11-17,2026-11-26T20:21:00+05:30,cty_a50bc5dd,,manual,0,active,2026-06-25T10:00:00+05:30,2026-08-18T10:00:00+05:30
exp_7efe7b98,trp_4c256d1e,usr_d3b4799e,transport,Auto to the fort,1634.55,INR,675.51,THB,2026-08-01,2026-06-05T15:20:00+05:30,cty_0d062a51,,manual,0,active,2026-06-11T10:00:00+05:30,2026-08-18T10:00:00+05:30
exp_c0b9264d,trp_ecb44c64,usr_b2323a23,activities,Airport taxi,1506.79,INR,1506.79,INR,2026-08-01,2026-07-16T18:10:00+05:30,cty_67ee7f6f,,manual,1,active,2026-03-23T10:00:00+05:30,2026-08-18T10:00:00+05:30
exp_d3a3b0b0,trp_e842e287,usr_4794174d,activities,Laundry,1772.35,INR,1772.35,INR,2026-08-25,2026-08-26T16:21:00+05:30,cty_34bbfdfe,,manual,0,active,2026-05-06T10:00:00+05:30,2026-08-18T10:00:00+05:30
exp_851944f9,trp_e9978e3e,usr_1805266d,shopping,Laundry,2247.79,INR,2247.79,INR,2026-08-01,2026-06-27T08:49:00+05:30,cty_43d0a650,,nl_text,0,active,2026-07-18T10:00:00+05:30,2026-08-18T10:00:00+05:30
exp_c8cbe81c,trp_1ceb9811,usr_5bfe40e4,shopping,Two nights,601.87,INR,601.87,INR,2026-10-18,2026-10-16T11:44:00+05:30,cty_cfec17b6,,manual,0,active,2026-08-13T10:00:00+05:30,2026-08-18T10:00:00+05:30
exp_efe32849,trp_ce0a9b4e,usr_57890fbe,food,Airport taxi,1364.57,INR,1364.57,INR,2026-11-17,2026-11-28T17:11:00+05:30,,,manual,1,active,2026-07-26T10:00:00+05:30,2026-08-18T10:00:00+05:30
exp_61108abc,trp_b32d3e05,usr_247f37bf,fees,Guide tip,517.85,INR,517.85,INR,2026-08-01,2026-07-14T17:15:00+05:30,cty_51a149b7,rcp_901c787b,ocr,0,active,2026-03-29T10:00:00+05:30,2026-08-18T10:00:00+05:30
exp_84453870,trp_dbe8a03a,usr_62b3f8b8,activities,Two nights,1010.92,INR,1010.92,INR,2026-11-17,2026-11-24T21:19:00+05:30,cty_34bbfdfe,rcp_3350ebac,ocr,0,active,2026-03-27T10:00:00+05:30,2026-08-18T10:00:00+05:30
exp_4db5ee9b,trp_f2bf08e7,usr_0af476d1,transport,Boat ride,1653.50,INR,1653.50,INR,2026-11-11,2026-11-13T12:57:00+05:30,cty_ab50efee,,manual,0,active,2026-07-18T10:00:00+05:30,2026-08-18T10:00:00+05:30
exp_ed2cd3a9,trp_a9612ee9,usr_61ab0eaf,activities,Laundry,416.72,INR,416.72,INR,2026-08-01,2026-07-24T11:13:00+05:30,cty_17b8ef2f,,manual,0,active,2026-07-14T10:00:00+05:30,2026-08-18T10:00:00+05:30
exp_15e1b451,trp_79423633,usr_72818c78,food,Laundry,815.93,INR,815.93,INR,2026-08-13,2026-08-16T07:14:00+05:30,cty_5698a7ab,rcp_61ae1453,ocr,0,active,2026-07-13T10:00:00+05:30,2026-08-18T10:00:00+05:30
exp_85fdf648,trp_5b0721fc,usr_d1c73fb8,accommodation,Coffee and snacks,9427.99,INR,9427.99,INR,2026-08-01,2026-08-04T19:34:00+05:30,cty_9aa02925,,nl_text,0,active,2026-07-28T10:00:00+05:30,2026-08-18T10:00:00+05:30
exp_61c3b289,trp_9f0fac81,usr_672d3dd6,food,Souvenirs,812.54,NPR,1790.56,LKR,2026-08-01,2026-05-25T12:30:00+05:30,cty_c0f2d9de,,manual,1,active,2026-04-24T10:00:00+05:30,2026-08-18T10:00:00+05:30
exp_b7b74df0,trp_154f5086,usr_8e56e75b,transport,Airport taxi,2062.81,INR,90.41,AED,2026-08-31,2026-09-01T10:32:00+05:30,cty_ab50efee,,manual,0,active,2026-04-22T10:00:00+05:30,2026-08-18T10:00:00+05:30
exp_5c46100a,trp_97bcd5c8,usr_e851fdeb,accommodation,Airport taxi,3889.49,INR,3889.49,INR,2026-08-01,2026-07-27T14:47:00+05:30,cty_f288c6a0,,nl_text,1,active,2026-03-26T10:00:00+05:30,2026-08-18T10:00:00+05:30
exp_90be5299,trp_1aeefd3e,usr_ce2e54f4,transport,Auto to the fort,993.63,INR,993.63,INR,2026-10-18,2026-10-19T09:42:00+05:30,cty_cf1c6ac5,,nl_text,0,active,2026-04-11T10:00:00+05:30,2026-08-18T10:00:00+05:30
exp_63c59bbe,trp_bbf16dcd,usr_7cb81b2c,food,Dinner,1409.97,INR,1409.97,INR,2026-11-05,2026-11-03T19:56:00+05:30,cty_caf3c1ee,,manual,0,active,2026-03-28T10:00:00+05:30,2026-08-18T10:00:00+05:30
exp_78704252,trp_093fb740,usr_fc544c58,transport,Museum tickets,1526.28,INR,1526.28,INR,2026-08-01,2026-07-05T18:28:00+05:30,cty_c07454f1,,import,1,active,2026-05-27T10:00:00+05:30,2026-08-18T10:00:00+05:30
exp_385b741a,trp_06892c8d,usr_656b5a35,activities,Boat ride,2515.54,NPR,2515.54,NPR,2026-08-25,2026-08-23T17:42:00+05:30,cty_34bbfdfe,,manual,0,active,2026-03-29T10:00:00+05:30,2026-08-18T10:00:00+05:30
exp_c9b3a07e,trp_ac2f90d3,usr_05d0be25,accommodation,Airport taxi,1263.15,MVR,1263.15,INR,2026-11-17,2026-11-22T16:50:00+05:30,cty_9aa02925,,manual,1,active,2026-07-29T10:00:00+05:30,2026-08-18T10:00:00+05:30
exp_fc4087e5,trp_7a17c8a1,usr_b8c5bfe0,activities,Two nights,1822.35,INR,1822.35,INR,2026-11-17,2026-11-24T19:01:00+05:30,cty_c07454f1,,nl_text,1,active,2026-07-07T10:00:00+05:30,2026-08-18T10:00:00+05:30
exp_af363610,trp_45ab4600,usr_541840e2,transport,Boat ride,2323.91,INR,2323.91,INR,2026-10-06,2026-10-07T12:01:00+05:30,cty_621f4a84,,manual,1,active,2026-08-06T10:00:00+05:30,2026-08-18T10:00:00+05:30
exp_7aa1edf3,trp_f4115fa9,usr_22a9ab26,misc,Auto to the fort,3.90,CHF,3.90,INR,2026-09-18,2026-09-21T11:39:00+05:30,cty_0b7f5985,,manual,0,active,2026-06-11T10:00:00+05:30,2026-08-18T10:00:00+05:30
exp_86dac3a3,trp_90548bc9,usr_fae4d064,fees,Boat ride,1277.15,LKR,1277.15,LKR,2026-08-01,2026-05-14T14:01:00+05:30,cty_95d040d8,,manual,0,active,2026-03-29T10:00:00+05:30,2026-08-18T10:00:00+05:30
exp_1eb15e92,trp_631ad6a9,usr_196ca537,food,Laundry,14.70,CHF,14.70,INR,2026-09-12,2026-09-10T11:02:00+05:30,,,manual,0,active,2026-06-22T10:00:00+05:30,2026-08-18T10:00:00+05:30
exp_84352617,trp_a9d6d238,usr_3d1b88d6,transport,Two nights,2376.17,NPR,2376.17,INR,2026-08-01,2026-07-25T22:24:00+05:30,cty_95d040d8,,manual,0,active,2026-05-29T10:00:00+05:30,2026-08-18T10:00:00+05:30
exp_71e9d34b,trp_82116fda,usr_07f03d4c,transport,Auto to the fort,1536.67,INR,1536.67,INR,2026-09-24,2026-09-22T13:30:00+05:30,cty_f29656ff,,nl_text,1,active,2026-07-15T10:00:00+05:30,2026-08-18T10:00:00+05:30
exp_b3e5890e,trp_bd69fea3,usr_70139660,accommodation,Boat ride,341.02,AED,341.02,INR,2026-08-31,2026-09-03T07:17:00+05:30,cty_7b89639e,,import,0,active,2026-04-03T10:00:00+05:30,2026-08-18T10:00:00+05:30
exp_6d858d0e,trp_0e4afde6,usr_0b8f3bdc,accommodation,Auto to the fort,8941.17,INR,8941.17,INR,2026-09-12,2026-09-12T17:16:00+05:30,cty_ab50efee,,manual,0,active,2026-08-14T10:00:00+05:30,2026-08-18T10:00:00+05:30
exp_b8405e8e,trp_10f1523f,usr_45175b03,food,Dinner,1005.37,INR,1005.37,INR,2026-09-24,2026-09-25T07:34:00+05:30,cty_9327d518,,manual,0,active,2026-05-06T10:00:00+05:30,2026-08-18T10:00:00+05:30
exp_da2a2f17,trp_3e0e98ed,usr_fbf7ac58,misc,Boat ride,265.22,INR,265.22,INR,2026-08-01,2026-07-12T15:15:00+05:30,cty_7fc82336,,manual,1,active,2026-07-28T10:00:00+05:30,2026-08-18T10:00:00+05:30
exp_5f38cff7,trp_bc925fdc,usr_22e61dad,accommodation,Souvenirs,7205.44,INR,7205.44,INR,2026-10-12,2026-10-15T11:34:00+05:30,cty_7fc82336,,nl_text,0,active,2026-07-02T10:00:00+05:30,2026-08-18T10:00:00+05:30
exp_32c6d857,trp_de13b938,usr_4420259c,food,Coffee and snacks,593.97,INR,593.97,INR,2026-10-18,2026-10-19T15:09:00+05:30,cty_621f4a84,rcp_f2113953,ocr,0,active,2026-03-24T10:00:00+05:30,2026-08-18T10:00:00+05:30
exp_089d538f,trp_7156f558,usr_508f15f0,activities,Coffee and snacks,2418.98,NPR,66.49,AED,2026-11-17,2026-11-23T17:04:00+05:30,cty_c0f2d9de,,import,1,active,2026-06-12T10:00:00+05:30,2026-08-18T10:00:00+05:30
exp_bcf7e5c2,trp_6c80cfa7,usr_7da389be,transport,Boat ride,1678.80,INR,1678.80,INR,2026-08-01,2026-06-12T20:19:00+05:30,cty_0d9ab6ff,,import,0,active,2026-06-24T10:00:00+05:30,2026-08-18T10:00:00+05:30
exp_d3bda4c6,trp_357dbb6b,usr_72d88a70,food,Auto to the fort,238352.45,IDR,238352.45,INR,2026-08-01,2026-05-22T11:19:00+05:30,cty_36afaa5c,,nl_text,0,active,2026-05-13T10:00:00+05:30,2026-08-18T10:00:00+05:30
exp_9096f3dc,trp_058d5aea,usr_e3e0cd9d,shopping,Boat ride,2208.21,INR,2208.21,INR,2026-08-07,2026-08-05T21:24:00+05:30,cty_ab50efee,,nl_text,0,active,2026-03-31T10:00:00+05:30,2026-08-18T10:00:00+05:30
exp_b45dcf09,trp_8f860be9,usr_81cc2de0,food,Museum tickets,501.73,INR,501.73,INR,2026-10-24,2026-10-26T13:01:00+05:30,,,nl_text,0,active,2026-04-29T10:00:00+05:30,2026-08-18T10:00:00+05:30
exp_64c7285b,trp_81ba1051,usr_5b790166,accommodation,Museum tickets,6216.55,INR,6216.55,INR,2026-08-25,2026-08-23T19:46:00+05:30,cty_d35a9652,,manual,1,active,2026-05-20T10:00:00+05:30,2026-08-18T10:00:00+05:30
exp_47812e74,trp_c5887464,usr_8a0aaa50,accommodation,Two nights,31604.88,LKR,31604.88,INR,2026-10-18,2026-10-20T13:26:00+05:30,cty_a50bc5dd,,manual,0,active,2026-05-28T10:00:00+05:30,2026-08-18T10:00:00+05:30
exp_8a03e0e7,trp_dba33c33,usr_b5327682,shopping,Airport taxi,2223.59,INR,2223.59,INR,2026-08-25,2026-08-25T19:18:00+05:30,cty_5698a7ab,,nl_text,0,active,2026-05-17T10:00:00+05:30,2026-08-18T10:00:00+05:30
exp_45b57afb,trp_0e4afde6,usr_0b8f3bdc,accommodation,Coffee and snacks,2345.09,INR,2345.09,INR,2026-09-12,2026-09-13T17:28:00+05:30,cty_ab50efee,,manual,0,active,2026-04-10T10:00:00+05:30,2026-08-18T10:00:00+05:30
exp_755fd9d1,trp_566e3eb3,usr_bc4a9809,food,Dinner,365.78,THB,365.78,INR,2026-09-30,2026-09-29T22:03:00+05:30,cty_a5f16904,,manual,0,active,2026-04-26T10:00:00+05:30,2026-08-18T10:00:00+05:30
exp_682b60ba,trp_fefb6d73,usr_4b9412c5,food,Laundry,1117.31,INR,1117.31,INR,2026-08-07,2026-08-08T21:05:00+05:30,cty_0d9ab6ff,,manual,0,active,2026-04-24T10:00:00+05:30,2026-08-18T10:00:00+05:30
exp_670833c5,trp_09f90a77,usr_07f03d4c,accommodation,Two nights,15314.47,NPR,15314.47,INR,2026-11-11,2026-11-14T09:03:00+05:30,cty_95d040d8,,manual,0,active,2026-03-26T10:00:00+05:30,2026-08-18T10:00:00+05:30
exp_2a1e512f,trp_63451510,usr_44604a9d,shopping,Airport taxi,3324.43,INR,3324.43,INR,2026-11-17,2026-11-25T07:26:00+05:30,cty_8fc1539e,,manual,0,active,2026-05-11T10:00:00+05:30,2026-08-18T10:00:00+05:30
exp_a6783260,trp_1b3de2ea,usr_a7185e16,food,Dinner,1193.69,INR,1193.69,INR,2026-08-01,2026-06-25T14:22:00+05:30,cty_076e8e86,,manual,1,active,2026-07-19T10:00:00+05:30,2026-08-18T10:00:00+05:30
exp_d527fa99,trp_909e59bc,usr_17b45921,accommodation,Souvenirs,30651.01,LKR,90.08,CHF,2026-11-17,2026-12-01T09:27:00+05:30,cty_a50bc5dd,,manual,1,active,2026-06-12T10:00:00+05:30,2026-08-18T10:00:00+05:30
exp_18256d3d,trp_afb42eab,usr_228f37bd,fees,Souvenirs,635.02,INR,635.02,INR,2026-11-17,2026-11-25T17:45:00+05:30,cty_c07454f1,,manual,0,active,2026-06-28T10:00:00+05:30,2026-08-18T10:00:00+05:30
exp_83434133,trp_e427f350,usr_51294c66,food,Boat ride,275.50,INR,435.06,NPR,2026-08-01,2026-07-12T21:38:00+05:30,cty_cf1c6ac5,rcp_e3ef8c8f,ocr,0,active,2026-05-16T10:00:00+05:30,2026-08-18T10:00:00+05:30
exp_9568fca7,trp_c4c131cd,usr_35982416,transport,Laundry,823.54,INR,35.85,AED,2026-08-01,2026-06-06T11:25:00+05:30,cty_c97e6cd5,,manual,0,active,2026-07-17T10:00:00+05:30,2026-08-18T10:00:00+05:30
exp_e388fb43,trp_cc443308,usr_49c29e32,activities,Boat ride,792.72,INR,792.72,INR,2026-08-31,2026-09-01T10:55:00+05:30,cty_34bbfdfe,,manual,0,active,2026-05-06T10:00:00+05:30,2026-08-18T10:00:00+05:30
exp_9ef98570,trp_adec5721,usr_61710d50,shopping,Two nights,1871.26,INR,29.93,SGD,2026-08-19,2026-08-19T18:59:00+05:30,cty_b6ccbb3b,,manual,0,active,2026-04-12T10:00:00+05:30,2026-08-18T10:00:00+05:30
exp_8c89c0a8,trp_e0e73f4f,usr_62a77a41,transport,Museum tickets,2219.29,INR,2219.29,INR,2026-08-01,2026-06-10T12:00:00+05:30,cty_7f673457,,nl_text,0,active,2026-06-01T10:00:00+05:30,2026-08-18T10:00:00+05:30
exp_471cefd9,trp_53f18756,usr_b8779399,accommodation,Dinner,8017.84,JPY,194.77,AED,2026-10-30,2026-11-01T18:02:00+05:30,,,import,0,active,2026-08-10T10:00:00+05:30,2026-08-18T10:00:00+05:30
exp_054c9310,trp_cc443308,usr_49c29e32,food,Coffee and snacks,1057.37,INR,1057.37,INR,2026-08-31,2026-08-31T15:39:00+05:30,cty_34bbfdfe,rcp_b5e4758d,ocr,0,active,2026-04-10T10:00:00+05:30,2026-08-18T10:00:00+05:30
exp_22169684,trp_73b4e062,usr_6043ede2,accommodation,Airport taxi,2995.73,INR,2995.73,INR,2026-08-25,2026-08-28T09:18:00+05:30,cty_cfec17b6,,nl_text,0,active,2026-07-23T10:00:00+05:30,2026-08-18T10:00:00+05:30
exp_eb03a828,trp_79c91f6b,usr_85c09ee4,food,Two nights,934.51,INR,934.51,INR,2026-08-01,2026-05-17T12:41:00+05:30,cty_cf1c6ac5,,manual,0,active,2026-04-25T10:00:00+05:30,2026-08-18T10:00:00+05:30
exp_a21a64dc,trp_c67254e9,usr_3f50fbcb,food,Airport taxi,1536.10,INR,1536.10,INR,2026-11-05,2026-11-07T18:15:00+05:30,cty_9327d518,,import,0,active,2026-03-22T10:00:00+05:30,2026-08-18T10:00:00+05:30
exp_a2a49d2e,trp_ad48f44b,usr_72818c78,accommodation,Guide tip,4725.58,INR,4725.58,INR,2026-08-13,2026-08-11T22:15:00+05:30,cty_b6ccbb3b,,manual,1,active,2026-07-23T10:00:00+05:30,2026-08-18T10:00:00+05:30
exp_49ba68af,trp_f0bbd941,usr_58d2b52f,transport,Boat ride,2279.49,INR,2279.49,INR,2026-08-01,2026-07-22T13:01:00+05:30,cty_10cbee86,,manual,0,active,2026-04-14T10:00:00+05:30,2026-08-18T10:00:00+05:30
exp_8d6aed6a,trp_6dccaaae,usr_b829ab46,accommodation,Museum tickets,498453.26,IDR,498453.26,INR,2026-10-24,2026-10-22T14:19:00+05:30,cty_36afaa5c,rcp_57d67ba1,ocr,1,active,2026-05-16T10:00:00+05:30,2026-08-18T10:00:00+05:30
exp_cf8beab9,trp_ce0a9b4e,usr_13d8f6bd,accommodation,Laundry,9559.31,INR,9559.31,INR,2026-11-17,2026-11-29T19:11:00+05:30,cty_c97e6cd5,,manual,0,active,2026-07-20T10:00:00+05:30,2026-08-18T10:00:00+05:30
exp_c0b995d6,trp_3d0f7e84,usr_bac1ae76,food,Guide tip,1032.35,INR,1032.35,INR,2026-10-24,2026-10-24T09:23:00+05:30,cty_5698a7ab,,manual,0,active,2026-05-05T10:00:00+05:30,2026-08-18T10:00:00+05:30
exp_01494646,trp_f2b92037,usr_22e61dad,accommodation,Auto to the fort,2228.43,INR,2228.43,INR,2026-10-18,2026-10-20T20:59:00+05:30,cty_a97c33ad,,nl_text,1,active,2026-05-04T10:00:00+05:30,2026-08-18T10:00:00+05:30
exp_84872d19,trp_aa024588,usr_157e58e7,fees,Laundry,389.36,INR,160.91,THB,2026-08-01,2026-05-22T16:11:00+05:30,cty_caf3c1ee,,manual,0,active,2026-07-10T10:00:00+05:30,2026-08-18T10:00:00+05:30
exp_39647e02,trp_b2aef743,usr_7796e5e8,accommodation,Boat ride,6710.00,INR,6710.00,INR,2026-08-01,2026-06-22T14:29:00+05:30,,,manual,0,active,2026-03-23T10:00:00+05:30,2026-08-18T10:00:00+05:30
exp_60a04803,trp_e6cd4e0f,usr_949a215d,transport,Museum tickets,374.54,INR,374.54,INR,2026-08-01,2026-06-29T17:40:00+05:30,cty_0d062a51,,nl_text,0,active,2026-07-18T10:00:00+05:30,2026-08-18T10:00:00+05:30
exp_4b9f16a5,trp_06e06151,usr_3a36b154,accommodation,Dinner,2356.19,INR,2356.19,INR,2026-11-05,2026-11-08T17:39:00+05:30,cty_5d572c8a,,manual,0,active,2026-04-02T10:00:00+05:30,2026-08-18T10:00:00+05:30
exp_d7953b8f,trp_a06a57e3,usr_2162d6ff,accommodation,Boat ride,2725.80,INR,2725.80,INR,2026-08-01,2026-07-22T08:48:00+05:30,cty_590d4b7b,,manual,1,active,2026-06-23T10:00:00+05:30,2026-08-18T10:00:00+05:30
exp_af604b36,trp_e086bae2,usr_51247360,fees,Airport taxi,738.04,JPY,738.04,INR,2026-08-01,2026-06-19T11:01:00+05:30,cty_51a149b7,,manual,0,active,2026-05-08T10:00:00+05:30,2026-08-18T10:00:00+05:30
exp_2cd73b93,trp_418cd9f5,usr_8659fe93,activities,Two nights,1062.90,INR,1062.90,INR,2026-11-17,2026-11-15T16:19:00+05:30,,,nl_text,0,active,2026-07-03T10:00:00+05:30,2026-08-18T10:00:00+05:30
exp_aac8320f,trp_152be4e1,usr_c582abb2,transport,Dinner,1821.66,INR,1821.66,INR,2026-08-01,2026-07-11T09:14:00+05:30,cty_a97c33ad,,manual,1,active,2026-07-23T10:00:00+05:30,2026-08-18T10:00:00+05:30
exp_44cdede3,trp_520dc671,usr_a0f188fa,fees,Coffee and snacks,216.98,INR,216.98,INR,2026-08-07,2026-08-05T15:27:00+05:30,cty_caf3c1ee,,manual,1,active,2026-07-04T10:00:00+05:30,2026-08-18T10:00:00+05:30
exp_0783d59b,trp_5ad6c4c8,usr_c60b1837,food,Boat ride,48.31,AED,48.31,INR,2026-11-17,2026-12-05T07:12:00+05:30,,,manual,0,active,2026-07-06T10:00:00+05:30,2026-08-18T10:00:00+05:30
exp_eb2897ed,trp_75c88e52,usr_0af476d1,accommodation,Airport taxi,8910.58,INR,8910.58,INR,2026-08-07,2026-08-10T11:15:00+05:30,,,nl_text,1,active,2026-06-24T10:00:00+05:30,2026-08-18T10:00:00+05:30
exp_8cd1c16b,trp_77e61eba,usr_f5ceb136,activities,Laundry,751.56,INR,751.56,INR,2026-10-18,2026-10-21T14:48:00+05:30,cty_f8b75f8e,,nl_text,1,active,2026-06-25T10:00:00+05:30,2026-08-18T10:00:00+05:30
exp_7d412c48,trp_a22b16f6,usr_6a108f4e,activities,Airport taxi,634.63,INR,634.63,INR,2026-11-17,2026-11-17T14:04:00+05:30,cty_aa759717,,manual,1,active,2026-04-02T10:00:00+05:30,2026-08-18T10:00:00+05:30
exp_d9c476f0,trp_76677b52,usr_e21b6644,accommodation,Museum tickets,7874.02,INR,7874.02,INR,2026-08-01,2026-07-21T11:25:00+05:30,cty_cfec17b6,,manual,0,active,2026-04-24T10:00:00+05:30,2026-08-18T10:00:00+05:30
exp_83fd48e3,trp_f18e9739,usr_b10b6018,accommodation,Auto to the fort,189.31,QAR,189.31,QAR,2026-08-31,2026-08-29T16:06:00+05:30,cty_076e8e86,,manual,0,active,2026-04-08T10:00:00+05:30,2026-08-18T10:00:00+05:30
exp_21864a5b,trp_76c2a4af,usr_2136e1fa,activities,Laundry,51.52,MYR,51.52,INR,2026-11-17,2026-12-04T20:03:00+05:30,cty_c9f34ba7,rcp_7170e966,ocr,0,active,2026-04-03T10:00:00+05:30,2026-08-18T10:00:00+05:30
exp_0ddac291,trp_19bd0b98,usr_5dec704e,misc,Dinner,227.64,INR,227.64,INR,2026-08-01,2026-07-02T20:05:00+05:30,cty_d35a9652,rcp_d66c3c2f,ocr,1,active,2026-05-09T10:00:00+05:30,2026-08-18T10:00:00+05:30
exp_4906c5d8,trp_e5fcba16,usr_f94cda41,accommodation,Museum tickets,8171.83,INR,8171.83,INR,2026-10-30,2026-11-01T07:42:00+05:30,cty_621f4a84,,manual,0,active,2026-04-29T10:00:00+05:30,2026-08-18T10:00:00+05:30
exp_30bb1c2a,trp_6fb32210,usr_e076a69d,food,Airport taxi,731.56,INR,731.56,INR,2026-11-17,2026-11-28T07:35:00+05:30,cty_bbb31d67,,manual,0,active,2026-04-12T10:00:00+05:30,2026-08-18T10:00:00+05:30
exp_b5774466,trp_d17c30b0,usr_2fc3b9a7,food,Coffee and snacks,617.61,INR,617.61,INR,2026-08-01,2026-05-26T14:21:00+05:30,cty_43d0a650,,manual,0,active,2026-04-06T10:00:00+05:30,2026-08-18T10:00:00+05:30
exp_571b4ac0,trp_78241f22,usr_e5b92b52,activities,Souvenirs,1009.69,INR,1009.69,INR,2026-10-06,2026-10-05T17:23:00+05:30,cty_aa759717,,nl_text,1,active,2026-06-18T10:00:00+05:30,2026-08-18T10:00:00+05:30
exp_31ddc2c5,trp_4eec7794,usr_df88839b,activities,Guide tip,670.67,INR,670.67,INR,2026-08-01,2026-07-29T18:34:00+05:30,cty_076e8e86,,manual,0,active,2026-05-05T10:00:00+05:30,2026-08-18T10:00:00+05:30
exp_5c7fbb08,trp_c4c131cd,usr_0b05ac58,accommodation,Boat ride,9620.77,INR,418.83,AED,2026-08-01,2026-06-06T20:20:00+05:30,cty_c97e6cd5,,nl_text,0,active,2026-05-11T10:00:00+05:30,2026-08-18T10:00:00+05:30
exp_5cc71d9e,trp_cdf7d1fa,usr_8e84ba7a,food,Laundry,1599.30,INR,87.00,MYR,2026-10-12,2026-10-14T16:52:00+05:30,,,nl_text,0,active,2026-04-11T10:00:00+05:30,2026-08-18T10:00:00+05:30
exp_9eb97238,trp_bd724666,usr_c749abe0,food,Laundry,49.37,MYR,49.37,MYR,2026-09-18,2026-09-18T07:05:00+05:30,cty_d4f5e3a5,,manual,0,active,2026-05-04T10:00:00+05:30,2026-08-18T10:00:00+05:30
exp_322813d4,trp_8080637f,usr_aacb82b1,transport,Boat ride,29.47,QAR,29.47,QAR,2026-08-01,2026-05-20T19:18:00+05:30,cty_c97e6cd5,,manual,1,active,2026-05-24T10:00:00+05:30,2026-08-18T10:00:00+05:30
exp_1ac50e13,trp_79d0c6ca,usr_25e8a118,accommodation,Souvenirs,1118.36,THB,27.86,CHF,2026-10-30,2026-10-29T08:08:00+05:30,cty_a5f16904,rcp_bc657be6,ocr,0,active,2026-05-28T10:00:00+05:30,2026-08-18T10:00:00+05:30
exp_191673ef,trp_b32d3e05,usr_247f37bf,shopping,Laundry,5059.11,JPY,5059.11,INR,2026-08-01,2026-07-15T08:00:00+05:30,,,manual,0,active,2026-04-14T10:00:00+05:30,2026-08-18T10:00:00+05:30
exp_90e8c0af,trp_fe3977e6,usr_2da5bb04,food,Dinner,846.32,INR,1534.62,JPY,2026-09-06,2026-09-08T12:31:00+05:30,cty_f29656ff,,manual,0,active,2026-07-22T10:00:00+05:30,2026-08-18T10:00:00+05:30
exp_6e75b1e1,trp_11c9d5a3,usr_77e91c3a,transport,Boat ride,427.30,INR,427.30,INR,2026-11-11,2026-11-13T18:46:00+05:30,cty_10cbee86,,nl_text,0,active,2026-06-19T10:00:00+05:30,2026-08-18T10:00:00+05:30
exp_19e18d17,trp_7afc863d,usr_a386ca28,accommodation,Boat ride,17566.54,LKR,17566.54,INR,2026-08-01,2026-07-03T13:24:00+05:30,cty_a50bc5dd,,nl_text,1,active,2026-05-14T10:00:00+05:30,2026-08-18T10:00:00+05:30
exp_0c0b5147,trp_672c1a74,usr_8eb4e3e7,accommodation,Coffee and snacks,6119.23,INR,6119.23,INR,2026-08-01,2026-05-26T21:05:00+05:30,,,manual,0,active,2026-04-26T10:00:00+05:30,2026-08-18T10:00:00+05:30
exp_5fdd0e7f,trp_3addadca,usr_ce09de03,accommodation,Boat ride,5162.37,INR,53.52,CHF,2026-08-01,2026-07-31T14:50:00+05:30,cty_0d9ab6ff,,manual,1,active,2026-05-13T10:00:00+05:30,2026-08-18T10:00:00+05:30
exp_b2d929c5,trp_ccff079f,usr_90afe18c,activities,Souvenirs,1101.05,INR,47.93,AED,2026-08-01,2026-05-21T13:08:00+05:30,,,manual,0,active,2026-04-05T10:00:00+05:30,2026-08-18T10:00:00+05:30
exp_cc6ea29f,trp_cb0bf61d,usr_c538bbe8,transport,Museum tickets,1331.09,INR,1331.09,INR,2026-08-19,2026-08-19T07:51:00+05:30,cty_828a7777,,manual,1,active,2026-06-01T10:00:00+05:30,2026-08-18T10:00:00+05:30
exp_7f8817ed,trp_8c188c27,usr_40c95b13,transport,Boat ride,365.97,INR,365.97,INR,2026-08-19,2026-08-17T18:30:00+05:30,cty_8fc1539e,,manual,1,active,2026-07-12T10:00:00+05:30,2026-08-18T10:00:00+05:30
exp_6f19f808,trp_574e5595,usr_05d0be25,accommodation,Laundry,223.96,AED,223.96,INR,2026-08-01,2026-05-11T07:23:00+05:30,cty_1ced6ede,,manual,1,active,2026-07-21T10:00:00+05:30,2026-08-18T10:00:00+05:30
exp_728958fd,trp_5162b851,usr_6361ffdd,transport,Airport taxi,716.59,INR,716.59,INR,2026-08-01,2026-06-21T10:02:00+05:30,cty_5d572c8a,,manual,0,active,2026-03-30T10:00:00+05:30,2026-08-18T10:00:00+05:30
exp_db373cf8,trp_03ce3598,usr_e0853a17,activities,Laundry,1393.30,INR,1393.30,INR,2026-08-01,2026-05-12T15:53:00+05:30,cty_7cb0b529,,manual,0,active,2026-05-28T10:00:00+05:30,2026-08-18T10:00:00+05:30
exp_bfdd10aa,trp_13a7ffcc,usr_ae35e63d,shopping,Museum tickets,2265.93,INR,2265.93,INR,2026-11-17,2026-12-03T12:48:00+05:30,cty_95e7c8ca,rcp_da84d327,ocr,0,active,2026-07-26T10:00:00+05:30,2026-08-18T10:00:00+05:30
exp_e2c3069c,trp_22a4deac,usr_d59d0fa9,food,Guide tip,885.47,INR,1398.30,NPR,2026-08-01,2026-06-21T20:00:00+05:30,cty_b43cdd57,,manual,0,active,2026-08-04T10:00:00+05:30,2026-08-18T10:00:00+05:30
exp_0448b563,trp_f9ef6a50,usr_ddcb196c,misc,Dinner,676.10,INR,676.10,INR,2026-08-01,2026-06-15T09:44:00+05:30,cty_718f03c7,,manual,1,active,2026-06-12T10:00:00+05:30,2026-08-18T10:00:00+05:30
exp_653a9b98,trp_8580f983,usr_e3b9431c,transport,Two nights,48.77,AED,48.77,INR,2026-08-01,2026-05-16T22:47:00+05:30,,,import,0,active,2026-05-27T10:00:00+05:30,2026-08-18T10:00:00+05:30
exp_29a47bab,trp_d6b492f9,usr_0389057b,accommodation,Auto to the fort,158.73,AED,158.73,INR,2026-08-01,2026-05-30T14:10:00+05:30,cty_1ced6ede,,manual,0,active,2026-05-09T10:00:00+05:30,2026-08-18T10:00:00+05:30
exp_3075e05d,trp_e31ab00a,usr_0e9166f0,accommodation,Dinner,378.54,QAR,378.54,INR,2026-08-07,2026-08-06T13:59:00+05:30,cty_6320eea9,,nl_text,1,active,2026-04-29T10:00:00+05:30,2026-08-18T10:00:00+05:30
exp_185f296e,trp_a00e9d0f,usr_7f9533ad,food,Dinner,899.57,INR,179429.97,IDR,2026-11-05,2026-11-07T09:08:00+05:30,cty_aa759717,,manual,0,active,2026-04-30T10:00:00+05:30,2026-08-18T10:00:00+05:30
exp_ea11d73c,trp_ffd35a10,usr_ca24d130,food,Two nights,1090.73,INR,1090.73,INR,2026-08-31,2026-08-29T22:35:00+05:30,cty_3503e391,,manual,0,active,2026-07-19T10:00:00+05:30,2026-08-18T10:00:00+05:30
exp_fe3246ad,trp_acaf45e7,usr_991a1e29,accommodation,Airport taxi,8706.64,INR,8706.64,INR,2026-08-01,2026-07-15T11:15:00+05:30,cty_a97c33ad,,manual,0,active,2026-05-19T10:00:00+05:30,2026-08-18T10:00:00+05:30
exp_c4303584,trp_e1f3d0e8,usr_3f4f4c52,fees,Two nights,11.86,QAR,2.84,CHF,2026-08-31,2026-09-03T10:42:00+05:30,cty_6320eea9,,manual,0,active,2026-08-03T10:00:00+05:30,2026-08-18T10:00:00+05:30
exp_bd3e914a,trp_ffce7c33,usr_76ac5087,transport,Souvenirs,1585.05,INR,1585.05,INR,2026-11-17,2026-12-03T21:16:00+05:30,cty_f8b75f8e,,manual,0,active,2026-06-19T10:00:00+05:30,2026-08-18T10:00:00+05:30
exp_e81b3e56,trp_6d961db4,usr_045378e4,transport,Auto to the fort,536.57,INR,536.57,INR,2026-08-01,2026-07-20T12:04:00+05:30,cty_7f673457,,manual,0,active,2026-05-05T10:00:00+05:30,2026-08-18T10:00:00+05:30
exp_74a87ff0,trp_26590ab5,usr_be4ecc52,accommodation,Coffee and snacks,7803.83,INR,7803.83,INR,2026-08-01,2026-06-10T17:02:00+05:30,cty_a97c33ad,rcp_41201309,ocr,0,active,2026-05-28T10:00:00+05:30,2026-08-18T10:00:00+05:30
exp_a6082aad,trp_0e733795,usr_97d7df2b,food,Museum tickets,926.21,INR,926.21,INR,2026-10-24,2026-10-24T08:29:00+05:30,cty_c43cfa94,,manual,1,active,2026-07-25T10:00:00+05:30,2026-08-18T10:00:00+05:30
exp_e666bd6b,trp_8c33db0b,usr_67ff2106,accommodation,Auto to the fort,10735.26,LKR,10735.26,INR,2026-08-01,2026-06-10T09:20:00+05:30,cty_a50bc5dd,,manual,1,active,2026-05-25T10:00:00+05:30,2026-08-18T10:00:00+05:30
exp_2d83d1c3,trp_71d9ea27,usr_f7512c22,activities,Laundry,567.57,INR,567.57,INR,2026-09-06,2026-09-04T07:03:00+05:30,cty_67ee7f6f,,manual,1,active,2026-04-01T10:00:00+05:30,2026-08-18T10:00:00+05:30
exp_bd5b4e16,trp_ab7c6472,usr_aefdae86,misc,Guide tip,564.27,INR,891.07,NPR,2026-08-01,2026-05-26T22:47:00+05:30,cty_95e7c8ca,,manual,0,active,2026-04-23T10:00:00+05:30,2026-08-18T10:00:00+05:30
exp_42a978c7,trp_ad48f44b,usr_ea269383,food,Airport taxi,1442.10,INR,1442.10,INR,2026-08-13,2026-08-14T16:15:00+05:30,cty_b6ccbb3b,,manual,0,active,2026-04-10T10:00:00+05:30,2026-08-18T10:00:00+05:30
exp_8132190a,trp_8c188c27,usr_40c95b13,food,Dinner,632.35,INR,632.35,INR,2026-08-19,2026-08-17T14:08:00+05:30,cty_8fc1539e,,import,1,active,2026-07-04T10:00:00+05:30,2026-08-18T10:00:00+05:30
exp_67ac85b5,trp_c2089a00,usr_1dc66e29,activities,Coffee and snacks,1904.97,INR,1904.97,INR,2026-09-30,2026-09-29T18:03:00+05:30,cty_f8b75f8e,,nl_text,0,active,2026-07-18T10:00:00+05:30,2026-08-18T10:00:00+05:30
exp_39a57f93,trp_4a923b00,usr_ddfd9a4a,transport,Two nights,1799.43,INR,1799.43,INR,2026-09-24,2026-09-26T20:11:00+05:30,cty_caf3c1ee,,manual,1,active,2026-06-14T10:00:00+05:30,2026-08-18T10:00:00+05:30
exp_5e4b69b4,trp_73f84cd3,usr_f855344d,transport,Coffee and snacks,1133.10,INR,1133.10,INR,2026-09-12,2026-09-13T11:47:00+05:30,cty_0d062a51,,manual,1,active,2026-05-18T10:00:00+05:30,2026-08-18T10:00:00+05:30
exp_77caa0cf,trp_d7693837,usr_e3b9431c,transport,Museum tickets,2228.23,INR,2228.23,INR,2026-11-17,2026-11-18T16:52:00+05:30,,,manual,0,active,2026-06-21T10:00:00+05:30,2026-08-18T10:00:00+05:30
exp_32e8e84f,trp_7844b321,usr_2b11a6c9,misc,Auto to the fort,189.96,INR,189.96,INR,2026-08-01,2026-06-03T19:40:00+05:30,cty_b6ccbb3b,rcp_00ee7765,ocr,0,active,2026-06-29T10:00:00+05:30,2026-08-18T10:00:00+05:30
exp_1d6b7f04,trp_92aba9c1,usr_dce3bc90,transport,Museum tickets,1525.45,INR,1525.45,INR,2026-11-17,2026-12-02T13:40:00+05:30,cty_caf3c1ee,,nl_text,0,active,2026-06-05T10:00:00+05:30,2026-08-18T10:00:00+05:30
exp_be033b83,trp_fd96ecd9,usr_b452b228,transport,Laundry,2100.90,INR,388.13,MVR,2026-08-31,2026-09-03T18:16:00+05:30,cty_32e8e65c,,nl_text,1,active,2026-04-19T10:00:00+05:30,2026-08-18T10:00:00+05:30
exp_0e969498,trp_418cd9f5,usr_8659fe93,shopping,Dinner,463.75,MVR,463.75,INR,2026-11-17,2026-11-15T08:46:00+05:30,cty_9aa02925,,manual,1,active,2026-08-10T10:00:00+05:30,2026-08-18T10:00:00+05:30
exp_0c26aa62,trp_7543950b,usr_e93a9eef,accommodation,Guide tip,5666.74,INR,20381.99,LKR,2026-10-12,2026-10-15T07:38:00+05:30,cty_ab50efee,,manual,0,active,2026-05-17T10:00:00+05:30,2026-08-18T10:00:00+05:30
exp_418d55ce,trp_1bb1485b,usr_0567fe37,transport,Airport taxi,1854.59,INR,1854.59,INR,2026-10-06,2026-10-06T21:55:00+05:30,cty_c43cfa94,,manual,0,active,2026-05-10T10:00:00+05:30,2026-08-18T10:00:00+05:30
exp_ee07672d,trp_d647222e,usr_399971ee,food,Guide tip,394.54,INR,394.54,INR,2026-08-07,2026-08-07T20:37:00+05:30,,,manual,1,active,2026-05-14T10:00:00+05:30,2026-08-18T10:00:00+05:30
exp_43e719fe,trp_25a53353,usr_24e54a31,transport,Boat ride,818.66,THB,818.66,INR,2026-08-01,2026-07-17T15:03:00+05:30,cty_a5f16904,,import,1,active,2026-07-23T10:00:00+05:30,2026-08-18T10:00:00+05:30
exp_343da53c,trp_cab596c9,usr_afaebefa,food,Auto to the fort,280.08,INR,280.08,INR,2026-10-24,2026-10-24T10:33:00+05:30,cty_5d572c8a,,manual,0,active,2026-05-08T10:00:00+05:30,2026-08-18T10:00:00+05:30
exp_23a8484e,trp_12e18a88,usr_ee03ca6c,food,Museum tickets,437.54,INR,437.54,INR,2026-09-30,2026-10-01T15:02:00+05:30,cty_d401ef6b,,import,0,active,2026-07-10T10:00:00+05:30,2026-08-18T10:00:00+05:30
exp_f69a76e5,trp_db8edb3f,usr_bc4b67f6,accommodation,Coffee and snacks,8974.66,INR,145.28,SGD,2026-09-18,2026-09-20T22:39:00+05:30,cty_f29656ff,,manual,0,active,2026-04-19T10:00:00+05:30,2026-08-18T10:00:00+05:30
exp_3d467064,trp_0c4edd73,usr_a6eaecde,activities,Two nights,1819.51,INR,1819.51,INR,2026-11-17,2026-11-29T18:43:00+05:30,cty_541018a9,,nl_text,0,active,2026-06-28T10:00:00+05:30,2026-08-18T10:00:00+05:30
exp_d2b050ce,trp_c4b22e96,usr_5f1e6e1c,accommodation,Museum tickets,6277.13,JPY,6277.13,INR,2026-08-07,2026-08-10T17:30:00+05:30,cty_51a149b7,,manual,0,active,2026-04-20T10:00:00+05:30,2026-08-18T10:00:00+05:30
exp_c1f618bb,trp_22fafc52,usr_ddfa0cd0,misc,Guide tip,844.37,INR,2938.35,LKR,2026-08-01,2026-05-28T10:17:00+05:30,cty_ccb4fb74,,manual,1,active,2026-07-05T10:00:00+05:30,2026-08-18T10:00:00+05:30
exp_e39881af,trp_c67254e9,usr_0e5a0620,transport,Dinner,1282.17,INR,1282.17,INR,2026-11-05,2026-11-08T21:00:00+05:30,cty_9327d518,,manual,0,active,2026-08-08T10:00:00+05:30,2026-08-18T10:00:00+05:30
exp_33cbba88,trp_2f814928,usr_2b7e8931,transport,Airport taxi,1972.69,INR,1972.69,INR,2026-11-11,2026-11-11T10:42:00+05:30,cty_8b6b1652,,nl_text,1,active,2026-04-16T10:00:00+05:30,2026-08-18T10:00:00+05:30
exp_20386c67,trp_a0a40e8a,usr_63d6db20,food,Souvenirs,678.18,INR,678.18,INR,2026-09-30,2026-09-30T09:51:00+05:30,cty_0d9ab6ff,,manual,1,active,2026-07-20T10:00:00+05:30,2026-08-18T10:00:00+05:30
exp_b705f076,trp_69a5e32d,usr_a386ca28,transport,Boat ride,679.24,NPR,679.24,NPR,2026-08-13,2026-08-11T10:26:00+05:30,,,nl_text,1,active,2026-06-03T10:00:00+05:30,2026-08-18T10:00:00+05:30
exp_85c8dc58,trp_8500bc75,usr_d504f21d,fees,Coffee and snacks,13.54,QAR,13.54,INR,2026-11-11,2026-11-10T16:15:00+05:30,cty_6320eea9,,nl_text,0,active,2026-08-06T10:00:00+05:30,2026-08-18T10:00:00+05:30
exp_18c8eb60,trp_43e313f5,usr_71852a92,accommodation,Boat ride,3949.94,INR,3949.94,INR,2026-11-05,2026-11-04T10:41:00+05:30,cty_0d062a51,,import,0,active,2026-03-29T10:00:00+05:30,2026-08-18T10:00:00+05:30
exp_d4b9e9cf,trp_77b09e9a,usr_c010ce3c,accommodation,Auto to the fort,31.62,CHF,31.62,CHF,2026-10-06,2026-10-09T13:52:00+05:30,cty_0d062a51,,manual,0,active,2026-08-11T10:00:00+05:30,2026-08-18T10:00:00+05:30
exp_3ce8db8f,trp_fe3977e6,usr_2da5bb04,accommodation,Two nights,5211.40,INR,9449.78,JPY,2026-09-06,2026-09-08T11:16:00+05:30,cty_f29656ff,,nl_text,1,active,2026-06-09T10:00:00+05:30,2026-08-18T10:00:00+05:30
exp_29e24ab6,trp_89b7c125,usr_78afc45f,transport,Coffee and snacks,1461.12,INR,1461.12,INR,2026-08-01,2026-07-15T13:11:00+05:30,cty_009c9fd2,,manual,0,active,2026-08-07T10:00:00+05:30,2026-08-18T10:00:00+05:30
exp_3015f0b0,trp_a22b16f6,usr_6a108f4e,accommodation,Museum tickets,2336.84,INR,2336.84,INR,2026-11-17,2026-11-17T14:58:00+05:30,cty_aa759717,,manual,0,active,2026-04-06T10:00:00+05:30,2026-08-18T10:00:00+05:30
exp_f0e8dbb6,trp_358447d8,usr_701b0010,accommodation,Two nights,3961.55,INR,3961.55,INR,2026-10-12,2026-10-15T21:11:00+05:30,cty_d4f5e3a5,,manual,0,active,2026-07-30T10:00:00+05:30,2026-08-18T10:00:00+05:30
exp_9d498815,trp_7a17c8a1,usr_b8c5bfe0,fees,Auto to the fort,544.06,INR,544.06,INR,2026-11-17,2026-11-22T16:57:00+05:30,cty_c07454f1,,manual,0,active,2026-07-23T10:00:00+05:30,2026-08-18T10:00:00+05:30
exp_cd9d4c6e,trp_f0bbd941,usr_58d2b52f,shopping,Auto to the fort,866.55,INR,866.55,INR,2026-08-01,2026-07-20T20:15:00+05:30,cty_10cbee86,,import,0,active,2026-04-29T10:00:00+05:30,2026-08-18T10:00:00+05:30
exp_f2933313,trp_bbf16dcd,usr_2209582f,transport,Auto to the fort,1848.00,INR,1848.00,INR,2026-10-30,2026-11-01T15:48:00+05:30,cty_caf3c1ee,,manual,1,active,2026-05-05T10:00:00+05:30,2026-08-18T10:00:00+05:30
exp_32b4db39,trp_f0bbd941,usr_58d2b52f,activities,Coffee and snacks,1440.89,INR,1440.89,INR,2026-08-01,2026-07-22T07:54:00+05:30,cty_10cbee86,,manual,0,active,2026-07-02T10:00:00+05:30,2026-08-18T10:00:00+05:30
exp_8c545679,trp_f2bf08e7,usr_0af476d1,accommodation,Two nights,7248.75,INR,7248.75,INR,2026-11-11,2026-11-10T22:05:00+05:30,cty_ab50efee,,nl_text,1,active,2026-04-09T10:00:00+05:30,2026-08-18T10:00:00+05:30
exp_1fbea505,trp_0ea3db93,usr_1cec1f14,accommodation,Souvenirs,2087.95,INR,2087.95,INR,2026-10-30,2026-10-29T13:11:00+05:30,cty_9327d518,,manual,1,active,2026-04-01T10:00:00+05:30,2026-08-18T10:00:00+05:30
exp_db8bf448,trp_0cf04e06,usr_9cb9eedc,activities,Auto to the fort,1010.93,INR,1010.93,INR,2026-10-24,2026-10-24T21:14:00+05:30,cty_67ee7f6f,,manual,1,active,2026-04-25T10:00:00+05:30,2026-08-18T10:00:00+05:30
exp_6b5b8726,trp_d5b99837,usr_4db9e8d2,food,Guide tip,1297.08,INR,1297.08,INR,2026-08-13,2026-08-16T13:39:00+05:30,cty_3503e391,,import,1,active,2026-07-22T10:00:00+05:30,2026-08-18T10:00:00+05:30
exp_803df54c,trp_631ad6a9,usr_196ca537,transport,Laundry,3.85,CHF,3.85,INR,2026-09-12,2026-09-10T09:28:00+05:30,cty_0b7f5985,,manual,1,active,2026-05-06T10:00:00+05:30,2026-08-18T10:00:00+05:30
exp_b3bd897d,trp_edc2177c,usr_c94b68cc,fees,Coffee and snacks,385.84,INR,385.84,INR,2026-08-01,2026-06-22T20:42:00+05:30,cty_0d062a51,,manual,1,active,2026-08-16T10:00:00+05:30,2026-08-18T10:00:00+05:30
exp_a9ee9e5b,trp_cfff63af,usr_b86dd891,accommodation,Airport taxi,7663.85,BTN,7663.85,INR,2026-08-01,2026-08-04T14:58:00+05:30,cty_79cbc59b,,manual,1,active,2026-08-04T10:00:00+05:30,2026-08-18T10:00:00+05:30
exp_4aac45ef,trp_603a2836,usr_f353d290,misc,Guide tip,716.20,INR,716.20,INR,2026-08-01,2026-05-30T09:01:00+05:30,cty_7be8559f,,manual,1,active,2026-04-21T10:00:00+05:30,2026-08-18T10:00:00+05:30
exp_a91d8e03,trp_07ee6d2b,usr_157e58e7,transport,Airport taxi,1422.58,INR,1422.58,INR,2026-11-17,2026-12-05T13:54:00+05:30,cty_5698a7ab,,manual,1,active,2026-03-29T10:00:00+05:30,2026-08-18T10:00:00+05:30
exp_f0f3ad89,trp_3178fc73,usr_546ab7b6,accommodation,Boat ride,9728.78,INR,9728.78,INR,2026-08-01,2026-06-26T13:31:00+05:30,cty_caf3c1ee,,manual,0,active,2026-06-02T10:00:00+05:30,2026-08-18T10:00:00+05:30
exp_aabf2619,trp_b61bda4b,usr_7f6e49de,activities,Boat ride,1637.00,INR,1637.00,INR,2026-09-18,2026-09-17T12:49:00+05:30,,,manual,1,active,2026-08-09T10:00:00+05:30,2026-08-18T10:00:00+05:30
exp_fe888e07,trp_ab7c6472,usr_569f1f22,transport,Auto to the fort,2174.09,INR,3433.24,NPR,2026-08-01,2026-05-27T18:12:00+05:30,cty_95e7c8ca,,manual,0,active,2026-07-16T10:00:00+05:30,2026-08-18T10:00:00+05:30
exp_7dc2ec00,trp_8e5f0010,usr_65b43f7e,misc,Two nights,1008.07,INR,1008.07,INR,2026-09-24,2026-09-26T19:26:00+05:30,cty_17b8ef2f,,import,1,active,2026-03-22T10:00:00+05:30,2026-08-18T10:00:00+05:30
exp_74696062,trp_ab6c0ec2,usr_36c3dbed,transport,Auto to the fort,1189.26,INR,1189.26,INR,2026-08-13,2026-08-12T15:37:00+05:30,cty_32e8e65c,,import,1,active,2026-04-02T10:00:00+05:30,2026-08-18T10:00:00+05:30
exp_d4ddb23a,trp_cef915ff,usr_7796e5e8,fees,Dinner,565.49,INR,565.49,INR,2026-08-01,2026-05-23T09:47:00+05:30,cty_7be8559f,rcp_26ddfa68,ocr,1,active,2026-05-06T10:00:00+05:30,2026-08-18T10:00:00+05:30
exp_9d5ff68e,trp_8c33db0b,usr_67ff2106,accommodation,Museum tickets,6138.31,LKR,6138.31,INR,2026-08-01,2026-06-14T20:12:00+05:30,cty_a50bc5dd,,nl_text,1,active,2026-04-09T10:00:00+05:30,2026-08-18T10:00:00+05:30
exp_c344e097,trp_49772eb7,usr_b4a877b0,accommodation,Laundry,5971.37,INR,5971.37,INR,2026-08-01,2026-07-15T17:17:00+05:30,cty_6320eea9,,nl_text,0,active,2026-06-09T10:00:00+05:30,2026-08-18T10:00:00+05:30
exp_c3bc47aa,trp_49911bd2,usr_1f670e21,transport,Dinner,1948.38,NPR,1948.38,NPR,2026-08-25,2026-08-27T12:43:00+05:30,cty_c07454f1,,manual,0,active,2026-07-13T10:00:00+05:30,2026-08-18T10:00:00+05:30
exp_2d5b93b5,trp_cdb13358,usr_5f22c672,transport,Two nights,203.07,THB,203.07,THB,2026-08-01,2026-05-27T20:37:00+05:30,cty_7cb0b529,,nl_text,0,active,2026-07-19T10:00:00+05:30,2026-08-18T10:00:00+05:30
exp_5865f2f6,trp_bcc3e676,usr_f23dc3eb,accommodation,Souvenirs,4006.18,INR,4006.18,INR,2026-09-06,2026-09-06T08:38:00+05:30,cty_cfec17b6,,manual,0,active,2026-07-30T10:00:00+05:30,2026-08-18T10:00:00+05:30
exp_6cfd4a95,trp_81ba1051,usr_a2df7150,food,Museum tickets,1405.92,INR,1405.92,INR,2026-08-19,2026-08-22T12:00:00+05:30,cty_d35a9652,,manual,1,active,2026-05-11T10:00:00+05:30,2026-08-18T10:00:00+05:30
exp_11c538ed,trp_89eafa58,usr_d0571b95,food,Laundry,1508.87,INR,1508.87,INR,2026-09-24,2026-09-26T14:39:00+05:30,,,manual,0,active,2026-05-05T10:00:00+05:30,2026-08-18T10:00:00+05:30
exp_287d8579,trp_94e301b8,usr_0382185a,accommodation,Airport taxi,6440.06,INR,6440.06,INR,2026-08-01,2026-06-09T09:38:00+05:30,cty_cf1c6ac5,,manual,0,active,2026-04-14T10:00:00+05:30,2026-08-18T10:00:00+05:30
exp_3f2c1d98,trp_e11af79e,usr_29dfdea3,transport,Dinner,1969.05,INR,1969.05,INR,2026-08-13,2026-08-13T22:38:00+05:30,cty_9327d518,,manual,0,active,2026-08-15T10:00:00+05:30,2026-08-18T10:00:00+05:30
exp_3f2d8df7,trp_74917bfb,usr_d56927f7,food,Laundry,1607.25,INR,1607.25,INR,2026-08-01,2026-07-14T17:32:00+05:30,cty_10cbee86,,nl_text,1,active,2026-04-29T10:00:00+05:30,2026-08-18T10:00:00+05:30
exp_21d0bc45,trp_0d9ed6f6,usr_525b1d3c,accommodation,Laundry,4035.40,INR,4035.40,INR,2026-08-01,2026-06-07T21:24:00+05:30,cty_718f03c7,,nl_text,1,active,2026-08-15T10:00:00+05:30,2026-08-18T10:00:00+05:30
exp_c646bad4,trp_79d0c6ca,usr_25e8a118,food,Guide tip,610.90,THB,15.22,CHF,2026-10-30,2026-10-30T07:25:00+05:30,cty_a5f16904,,nl_text,1,active,2026-04-13T10:00:00+05:30,2026-08-18T10:00:00+05:30
exp_8dd92f65,trp_8500bc75,usr_d504f21d,food,Dinner,46.76,QAR,46.76,INR,2026-11-11,2026-11-14T17:02:00+05:30,cty_6320eea9,,manual,0,active,2026-05-31T10:00:00+05:30,2026-08-18T10:00:00+05:30
exp_18491a67,trp_63451510,usr_44604a9d,transport,Souvenirs,1544.07,INR,1544.07,INR,2026-11-17,2026-11-26T11:22:00+05:30,cty_8fc1539e,,manual,0,active,2026-05-06T10:00:00+05:30,2026-08-18T10:00:00+05:30
exp_676ed8e9,trp_9eb0f5fe,usr_40edb5af,food,Guide tip,487.53,THB,487.53,INR,2026-08-07,2026-08-06T21:48:00+05:30,cty_a5f16904,,manual,0,active,2026-07-06T10:00:00+05:30,2026-08-18T10:00:00+05:30
exp_72e639e3,trp_cdb13358,usr_5d8450f0,accommodation,Guide tip,3880.23,THB,3880.23,THB,2026-08-01,2026-05-26T09:42:00+05:30,cty_7cb0b529,rcp_fdc56f50,ocr,1,active,2026-06-07T10:00:00+05:30,2026-08-18T10:00:00+05:30
exp_9b7bfb2c,trp_d22f372f,usr_cc3e5793,transport,Coffee and snacks,2231.16,INR,2231.16,INR,2026-09-18,2026-09-20T09:35:00+05:30,cty_9327d518,,nl_text,0,active,2026-04-27T10:00:00+05:30,2026-08-18T10:00:00+05:30
exp_35706e65,trp_9818ae06,usr_e1f3dfbc,accommodation,Airport taxi,2433.26,INR,2433.26,INR,2026-11-17,2026-12-03T10:56:00+05:30,cty_621f4a84,,nl_text,0,active,2026-05-17T10:00:00+05:30,2026-08-18T10:00:00+05:30
exp_e4437423,trp_f272c28c,usr_8f32fd7a,shopping,Guide tip,2086.89,LKR,2086.89,LKR,2026-08-01,2026-08-03T19:42:00+05:30,cty_c43cfa94,,manual,0,active,2026-06-04T10:00:00+05:30,2026-08-18T10:00:00+05:30
exp_45826244,trp_76677b52,usr_e21b6644,transport,Guide tip,1675.67,INR,1675.67,INR,2026-08-01,2026-07-22T19:15:00+05:30,cty_cfec17b6,,manual,0,active,2026-06-30T10:00:00+05:30,2026-08-18T10:00:00+05:30
exp_8d7dcfe4,trp_a62adcb1,usr_08b8f8e9,transport,Coffee and snacks,1162.78,INR,222079.01,IDR,2026-08-01,2026-07-06T20:29:00+05:30,cty_ab50efee,,nl_text,0,active,2026-07-02T10:00:00+05:30,2026-08-18T10:00:00+05:30
exp_51bf56ad,trp_dbe8a03a,usr_62b3f8b8,accommodation,Airport taxi,4991.09,INR,4991.09,INR,2026-11-17,2026-11-24T07:28:00+05:30,cty_34bbfdfe,,manual,0,active,2026-04-16T10:00:00+05:30,2026-08-18T10:00:00+05:30
exp_ccbf073a,trp_89eafa58,usr_d0571b95,transport,Souvenirs,2276.98,INR,2276.98,INR,2026-09-24,2026-09-24T16:50:00+05:30,cty_caf3c1ee,,nl_text,0,active,2026-05-22T10:00:00+05:30,2026-08-18T10:00:00+05:30
exp_be7bde53,trp_223d5f10,usr_28c5ee24,activities,Boat ride,2327.05,NPR,5151.17,LKR,2026-09-12,2026-09-14T18:47:00+05:30,,,manual,0,active,2026-08-02T10:00:00+05:30,2026-08-18T10:00:00+05:30
exp_b728836f,trp_09e8a8fb,usr_c582abb2,food,Airport taxi,589.89,INR,589.89,INR,2026-10-30,2026-10-31T11:15:00+05:30,cty_aa759717,,manual,0,active,2026-06-06T10:00:00+05:30,2026-08-18T10:00:00+05:30
exp_cc00582a,trp_90548bc9,usr_5d83e59a,accommodation,Boat ride,4101.78,NPR,9038.92,LKR,2026-08-01,2026-05-16T16:23:00+05:30,cty_95d040d8,,manual,0,active,2026-07-30T10:00:00+05:30,2026-08-18T10:00:00+05:30
exp_ca72a5ec,trp_d6cd4f40,usr_ad8b46f0,transport,Guide tip,2310.62,INR,2310.62,INR,2026-08-01,2026-05-27T14:26:00+05:30,cty_9aa02925,,manual,0,active,2026-05-09T10:00:00+05:30,2026-08-18T10:00:00+05:30
exp_fb386a3a,trp_cb6840c6,usr_e2966606,activities,Boat ride,434.50,INR,434.50,INR,2026-08-01,2026-06-12T20:59:00+05:30,cty_95e7c8ca,,nl_text,1,active,2026-05-30T10:00:00+05:30,2026-08-18T10:00:00+05:30
exp_e88b40d8,trp_a41af335,usr_dcc95fd2,shopping,Laundry,887.35,INR,887.35,INR,2026-08-01,2026-05-21T21:07:00+05:30,cty_718f03c7,,manual,1,active,2026-06-01T10:00:00+05:30,2026-08-18T10:00:00+05:30
exp_74814a56,trp_f6a466fb,usr_6dabe38f,food,Guide tip,2143.10,LKR,2143.10,INR,2026-08-01,2026-07-01T22:29:00+05:30,,,import,0,active,2026-03-27T10:00:00+05:30,2026-08-18T10:00:00+05:30
exp_da5eff67,trp_d10b37ba,usr_51247360,accommodation,Guide tip,8931.78,INR,8931.78,INR,2026-10-06,2026-10-08T08:18:00+05:30,cty_cfec17b6,,manual,1,active,2026-04-08T10:00:00+05:30,2026-08-18T10:00:00+05:30
exp_8c9fe291,trp_a396cd51,usr_4d8f3b3a,food,Coffee and snacks,737.54,INR,737.54,INR,2026-10-30,2026-11-01T12:24:00+05:30,cty_67ee7f6f,,nl_text,0,active,2026-05-30T10:00:00+05:30,2026-08-18T10:00:00+05:30
exp_3dbbc495,trp_8b6125c3,usr_2c93ab7f,food,Guide tip,1113.08,INR,1113.08,INR,2026-10-12,2026-10-12T21:22:00+05:30,cty_f288c6a0,,nl_text,0,active,2026-05-16T10:00:00+05:30,2026-08-18T10:00:00+05:30
exp_b82d05bf,trp_fda57035,usr_72796feb,transport,Souvenirs,90055.84,IDR,90055.84,INR,2026-08-01,2026-07-17T13:41:00+05:30,cty_36afaa5c,,manual,0,active,2026-08-07T10:00:00+05:30,2026-08-18T10:00:00+05:30
exp_02ad6ccc,trp_73c65d38,usr_41431693,activities,Guide tip,69.49,AED,2520.69,NPR,2026-08-01,2026-05-22T07:17:00+05:30,cty_1ced6ede,,manual,1,active,2026-07-09T10:00:00+05:30,2026-08-18T10:00:00+05:30
exp_91d53e16,trp_5df5ff0b,usr_ab2353de,shopping,Souvenirs,2729.72,INR,2729.72,INR,2026-09-18,2026-09-18T16:04:00+05:30,cty_34bbfdfe,,manual,0,active,2026-07-04T10:00:00+05:30,2026-08-18T10:00:00+05:30
exp_0e6981b8,trp_093fb740,usr_fc544c58,accommodation,Airport taxi,1756.10,INR,1756.10,INR,2026-08-01,2026-07-05T17:26:00+05:30,cty_c07454f1,,nl_text,0,active,2026-03-24T10:00:00+05:30,2026-08-18T10:00:00+05:30
exp_552a1f37,trp_574e5595,usr_05d0be25,activities,Laundry,75.29,AED,75.29,INR,2026-08-01,2026-05-10T16:24:00+05:30,cty_1ced6ede,,nl_text,0,active,2026-07-10T10:00:00+05:30,2026-08-18T10:00:00+05:30
exp_d0b130bc,trp_3a3fe157,usr_6c3fae7b,accommodation,Auto to the fort,8590.75,INR,8590.75,INR,2026-08-01,2026-07-09T21:22:00+05:30,cty_10cbee86,,manual,1,active,2026-04-06T10:00:00+05:30,2026-08-18T10:00:00+05:30
exp_e82d451e,trp_feb381e2,usr_4dc8096b,accommodation,Museum tickets,5685.96,INR,5685.96,INR,2026-10-06,2026-10-09T22:05:00+05:30,cty_d4f5e3a5,,nl_text,1,active,2026-06-28T10:00:00+05:30,2026-08-18T10:00:00+05:30
exp_290a5c92,trp_c946e9df,usr_d245dd5d,accommodation,Museum tickets,3412.11,INR,3412.11,INR,2026-08-01,2026-05-13T22:18:00+05:30,cty_0d9ab6ff,,manual,0,active,2026-08-05T10:00:00+05:30,2026-08-18T10:00:00+05:30
exp_5b33dc4b,trp_c1e34627,usr_05d0be25,accommodation,Coffee and snacks,3227.03,INR,3227.03,INR,2026-09-18,2026-09-19T21:15:00+05:30,cty_95e7c8ca,,manual,1,active,2026-05-04T10:00:00+05:30,2026-08-18T10:00:00+05:30
exp_c10bddfe,trp_5ad6c4c8,usr_c60b1837,accommodation,Auto to the fort,416.30,AED,416.30,INR,2026-11-17,2026-12-05T14:30:00+05:30,cty_1ced6ede,,manual,0,active,2026-03-22T10:00:00+05:30,2026-08-18T10:00:00+05:30
exp_5e43d926,trp_cafb851c,usr_be4ecc52,accommodation,Guide tip,1709.92,INR,1709.92,INR,2026-10-18,2026-10-20T20:21:00+05:30,cty_51a149b7,rcp_0c4d667e,ocr,0,active,2026-05-29T10:00:00+05:30,2026-08-18T10:00:00+05:30
exp_999dfda8,trp_ab774ec9,usr_77e91c3a,shopping,Souvenirs,3531.82,INR,1459.60,THB,2026-08-01,2026-07-12T15:47:00+05:30,cty_67ee7f6f,,nl_text,0,active,2026-07-21T10:00:00+05:30,2026-08-18T10:00:00+05:30
exp_38ebf8dd,trp_3912eedc,usr_1a6892bf,transport,Airport taxi,2279.07,INR,2279.07,INR,2026-11-17,2026-11-18T20:54:00+05:30,cty_c07454f1,,manual,1,active,2026-07-19T10:00:00+05:30,2026-08-18T10:00:00+05:30
exp_a03f2d1f,trp_f861423a,usr_e528f9b0,activities,Souvenirs,1948.43,INR,1948.43,INR,2026-08-01,2026-06-17T19:59:00+05:30,cty_7f673457,,manual,0,active,2026-06-28T10:00:00+05:30,2026-08-18T10:00:00+05:30
exp_0be3c80e,trp_574e5595,usr_05d0be25,accommodation,Two nights,8830.40,INR,8830.40,INR,2026-08-01,2026-05-11T16:32:00+05:30,cty_1ced6ede,,manual,0,active,2026-05-31T10:00:00+05:30,2026-08-18T10:00:00+05:30
exp_fa9efab0,trp_360afa3a,usr_1886c078,transport,Guide tip,1123.74,INR,204.10,MVR,2026-08-01,2026-07-25T10:10:00+05:30,cty_8fc1539e,,nl_text,0,active,2026-05-22T10:00:00+05:30,2026-08-18T10:00:00+05:30
exp_55b9fdf2,trp_4c87ad6d,usr_94e62241,accommodation,Guide tip,1616.49,INR,1616.49,INR,2026-08-01,2026-06-21T12:31:00+05:30,cty_ab50efee,,import,0,active,2026-05-28T10:00:00+05:30,2026-08-18T10:00:00+05:30
exp_bc0f8b62,trp_eda7ae24,usr_a386ca28,transport,Airport taxi,989.81,INR,989.81,INR,2026-11-11,2026-11-09T16:23:00+05:30,cty_b6ccbb3b,,manual,1,active,2026-06-18T10:00:00+05:30,2026-08-18T10:00:00+05:30
exp_7dcb5082,trp_c1e34627,usr_05d0be25,transport,Dinner,892.92,INR,892.92,INR,2026-09-18,2026-09-21T11:49:00+05:30,cty_95e7c8ca,,import,1,active,2026-05-04T10:00:00+05:30,2026-08-18T10:00:00+05:30
exp_48eddcb7,trp_1002157a,usr_50bcfb30,food,Dinner,655.57,INR,655.57,INR,2026-08-01,2026-06-12T11:15:00+05:30,cty_0d9ab6ff,,manual,0,active,2026-04-29T10:00:00+05:30,2026-08-18T10:00:00+05:30
exp_5152ae22,trp_97869c6a,usr_67de0711,food,Coffee and snacks,1131.34,NPR,1131.34,INR,2026-09-06,2026-09-04T15:49:00+05:30,cty_c0f2d9de,,nl_text,1,active,2026-04-23T10:00:00+05:30,2026-08-18T10:00:00+05:30
exp_a268a360,trp_bd724666,usr_c749abe0,accommodation,Guide tip,3729.12,INR,201.30,MYR,2026-09-12,2026-09-14T08:28:00+05:30,,,manual,1,active,2026-05-09T10:00:00+05:30,2026-08-18T10:00:00+05:30
exp_721141cc,trp_af330315,usr_f50e2299,accommodation,Boat ride,4194.27,INR,4194.27,INR,2026-08-07,2026-08-06T20:24:00+05:30,cty_ab50efee,,import,1,active,2026-07-25T10:00:00+05:30,2026-08-18T10:00:00+05:30
exp_2606f92b,trp_d8d828d7,usr_36c3dbed,transport,Museum tickets,79.99,QAR,19.25,CHF,2026-08-13,2026-08-13T12:15:00+05:30,cty_6320eea9,rcp_795e111f,ocr,0,active,2026-04-24T10:00:00+05:30,2026-08-18T10:00:00+05:30
exp_4c61e823,trp_d128a566,usr_e1d938d9,transport,Laundry,1692.81,INR,1692.81,INR,2026-10-24,2026-10-26T21:28:00+05:30,cty_43d0a650,,manual,0,active,2026-06-30T10:00:00+05:30,2026-08-18T10:00:00+05:30
exp_937b9737,trp_12e18a88,usr_bc4a9809,food,Museum tickets,1125.00,INR,1125.00,INR,2026-09-30,2026-09-30T22:25:00+05:30,cty_d401ef6b,,manual,0,active,2026-03-25T10:00:00+05:30,2026-08-18T10:00:00+05:30
exp_a00cbb72,trp_f996a70f,usr_2a348485,accommodation,Souvenirs,8398.12,INR,8398.12,INR,2026-11-17,2026-12-12T15:45:00+05:30,cty_f29656ff,,manual,1,active,2026-05-12T10:00:00+05:30,2026-08-18T10:00:00+05:30
exp_a0e93023,trp_81b0e4f1,usr_e2490a9e,transport,Auto to the fort,607.53,INR,607.53,INR,2026-08-13,2026-08-14T20:36:00+05:30,cty_7f673457,,manual,0,active,2026-04-26T10:00:00+05:30,2026-08-18T10:00:00+05:30
exp_eead6c6e,trp_2ee981f7,usr_0389057b,food,Coffee and snacks,1434.76,INR,1434.76,INR,2026-08-01,2026-07-28T16:30:00+05:30,cty_a97c33ad,,nl_text,0,active,2026-08-04T10:00:00+05:30,2026-08-18T10:00:00+05:30
exp_cb501044,trp_2578a1a2,usr_157e58e7,food,Auto to the fort,601.80,INR,26.20,AED,2026-08-01,2026-05-30T18:21:00+05:30,cty_ccb4fb74,,nl_text,0,active,2026-08-01T10:00:00+05:30,2026-08-18T10:00:00+05:30
exp_73f03e2f,trp_2342ddcb,usr_34d33978,accommodation,Boat ride,3363.34,NPR,3363.34,INR,2026-08-01,2026-07-05T19:39:00+05:30,,,manual,0,active,2026-06-04T10:00:00+05:30,2026-08-18T10:00:00+05:30
exp_ca943725,trp_3178fc73,usr_546ab7b6,fees,Guide tip,757.65,INR,757.65,INR,2026-08-01,2026-06-27T11:06:00+05:30,cty_caf3c1ee,,manual,0,active,2026-06-04T10:00:00+05:30,2026-08-18T10:00:00+05:30
exp_97038440,trp_7b77aa24,usr_88af6903,transport,Auto to the fort,1246.60,INR,1246.60,INR,2026-08-31,2026-09-01T16:40:00+05:30,cty_7cb0b529,,manual,0,active,2026-03-23T10:00:00+05:30,2026-08-18T10:00:00+05:30
exp_181aed82,trp_3173cbf9,usr_7101a5b5,food,Laundry,15.01,CHF,15.01,INR,2026-08-01,2026-07-13T12:10:00+05:30,,,manual,1,active,2026-08-14T10:00:00+05:30,2026-08-18T10:00:00+05:30
exp_db3285ff,trp_74917bfb,usr_d56927f7,accommodation,Souvenirs,6271.39,INR,6271.39,INR,2026-08-01,2026-07-13T22:23:00+05:30,cty_10cbee86,,manual,0,active,2026-04-08T10:00:00+05:30,2026-08-18T10:00:00+05:30
exp_24663c41,trp_223d5f10,usr_28c5ee24,activities,Museum tickets,1320.09,NPR,2943.90,LKR,2026-09-18,2026-09-19T14:52:00+05:30,cty_95d040d8,,manual,0,active,2026-04-26T10:00:00+05:30,2026-08-18T10:00:00+05:30
exp_0930cb67,trp_4c256d1e,usr_693c20b9,transport,Airport taxi,1449.05,INR,598.85,THB,2026-08-01,2026-06-05T08:48:00+05:30,cty_0d062a51,,manual,0,active,2026-07-08T10:00:00+05:30,2026-08-18T10:00:00+05:30
exp_e410131e,trp_89b7c125,usr_78afc45f,transport,Boat ride,2292.96,LKR,2292.96,INR,2026-08-01,2026-07-11T18:52:00+05:30,cty_009c9fd2,,manual,0,active,2026-06-05T10:00:00+05:30,2026-08-18T10:00:00+05:30
exp_876351d3,trp_856b6452,usr_5c4f42ed,food,Coffee and snacks,396.77,INR,642.84,NPR,2026-10-06,2026-10-05T08:19:00+05:30,cty_590d4b7b,rcp_63193877,ocr,0,active,2026-03-28T10:00:00+05:30,2026-08-18T10:00:00+05:30
exp_fd45a7af,trp_0e733795,usr_97d7df2b,transport,Guide tip,1073.74,INR,1073.74,INR,2026-10-24,2026-10-22T08:20:00+05:30,cty_c43cfa94,,manual,0,active,2026-04-27T10:00:00+05:30,2026-08-18T10:00:00+05:30
exp_2fc766d2,trp_45ab4600,usr_541840e2,transport,Dinner,2009.32,INR,2009.32,INR,2026-10-06,2026-10-08T12:48:00+05:30,cty_621f4a84,,manual,1,active,2026-07-08T10:00:00+05:30,2026-08-18T10:00:00+05:30
exp_11940ffd,trp_e72a3a42,usr_8a133f67,transport,Souvenirs,1880.80,INR,1880.80,INR,2026-08-01,2026-05-18T10:18:00+05:30,cty_f288c6a0,,manual,1,active,2026-04-11T10:00:00+05:30,2026-08-18T10:00:00+05:30
exp_66daabc7,trp_7156f558,usr_508f15f0,fees,Guide tip,23.64,AED,23.64,AED,2026-11-17,2026-11-26T13:07:00+05:30,cty_c0f2d9de,,manual,1,active,2026-05-25T10:00:00+05:30,2026-08-18T10:00:00+05:30
exp_1a11581a,trp_aad6a7fa,usr_3b70ae01,activities,Dinner,995.89,INR,995.89,INR,2026-08-07,2026-08-09T15:58:00+05:30,cty_076e8e86,,manual,0,active,2026-05-26T10:00:00+05:30,2026-08-18T10:00:00+05:30
exp_4297548b,trp_2e23ea17,usr_99bd0088,misc,Laundry,997.75,INR,3611.56,LKR,2026-10-18,2026-10-18T11:13:00+05:30,cty_9327d518,,manual,0,active,2026-07-28T10:00:00+05:30,2026-08-18T10:00:00+05:30
exp_bd0479d4,trp_73b4e062,usr_e851fdeb,food,Laundry,1385.23,INR,1385.23,INR,2026-08-25,2026-08-28T21:52:00+05:30,cty_cfec17b6,,nl_text,1,active,2026-08-07T10:00:00+05:30,2026-08-18T10:00:00+05:30
exp_940dffb8,trp_53739538,usr_6c5b2519,shopping,Boat ride,14.73,CHF,14.73,INR,2026-08-01,2026-05-14T13:03:00+05:30,cty_0b7f5985,,manual,0,active,2026-04-01T10:00:00+05:30,2026-08-18T10:00:00+05:30
exp_21adb83f,trp_66313d66,usr_1dc8f83e,misc,Coffee and snacks,946.81,INR,946.81,INR,2026-08-01,2026-05-12T21:07:00+05:30,cty_a5f16904,,manual,0,active,2026-06-20T10:00:00+05:30,2026-08-18T10:00:00+05:30
exp_88e89ec0,trp_e72a3a42,usr_8a133f67,transport,Boat ride,1256.09,INR,1256.09,INR,2026-08-01,2026-05-17T10:22:00+05:30,cty_f288c6a0,,nl_text,0,active,2026-06-15T10:00:00+05:30,2026-08-18T10:00:00+05:30
exp_34bf5bbd,trp_c795bd25,usr_1b4fe68e,accommodation,Two nights,248.22,AED,20039.48,LKR,2026-08-25,2026-08-27T07:52:00+05:30,cty_1ced6ede,rcp_2bdbb647,ocr,0,active,2026-05-27T10:00:00+05:30,2026-08-18T10:00:00+05:30
exp_4772b1fb,trp_79899032,usr_40c95b13,transport,Auto to the fort,5456.43,LKR,5456.43,INR,2026-08-01,2026-06-14T07:19:00+05:30,,,manual,0,active,2026-06-21T10:00:00+05:30,2026-08-18T10:00:00+05:30
exp_ad4dfadf,trp_43aa1b9f,usr_1cfaf7a0,shopping,Boat ride,957.22,INR,957.22,INR,2026-10-06,2026-10-08T21:56:00+05:30,cty_c0f2d9de,,manual,0,active,2026-05-18T10:00:00+05:30,2026-08-18T10:00:00+05:30
exp_47bdafa3,trp_46f6a107,usr_7d0ce609,accommodation,Two nights,349.18,MYR,349.18,MYR,2026-09-30,2026-09-30T07:41:00+05:30,,,manual,1,active,2026-04-29T10:00:00+05:30,2026-08-18T10:00:00+05:30
exp_e049b0c1,trp_45ab4600,usr_541840e2,activities,Two nights,635.57,INR,635.57,INR,2026-10-06,2026-10-04T11:16:00+05:30,cty_621f4a84,,nl_text,0,active,2026-04-03T10:00:00+05:30,2026-08-18T10:00:00+05:30
exp_e6516e8f,trp_fbce8226,usr_c81e60fe,food,Laundry,1230.16,INR,1230.16,INR,2026-08-01,2026-06-06T11:50:00+05:30,cty_5698a7ab,,manual,1,active,2026-06-22T10:00:00+05:30,2026-08-18T10:00:00+05:30
exp_4f8bfb15,trp_0d9ed6f6,usr_525b1d3c,food,Airport taxi,1135.98,INR,1135.98,INR,2026-08-01,2026-06-09T18:57:00+05:30,cty_718f03c7,,manual,0,active,2026-07-12T10:00:00+05:30,2026-08-18T10:00:00+05:30
exp_e031388a,trp_cdb13358,usr_5f22c672,accommodation,Boat ride,4004.88,INR,1655.10,THB,2026-08-01,2026-05-27T22:00:00+05:30,cty_7cb0b529,rcp_c4d4feda,ocr,1,active,2026-04-06T10:00:00+05:30,2026-08-18T10:00:00+05:30
exp_4e21ed3e,trp_b2aef743,usr_7796e5e8,misc,Laundry,728.99,INR,728.99,INR,2026-08-01,2026-06-21T16:53:00+05:30,cty_718f03c7,rcp_10950b4c,ocr,1,active,2026-06-12T10:00:00+05:30,2026-08-18T10:00:00+05:30
exp_25b78adc,trp_7013467c,usr_5bbebfef,transport,Two nights,307.05,MVR,307.05,INR,2026-11-17,2026-11-19T13:31:00+05:30,cty_9aa02925,,manual,1,active,2026-07-17T10:00:00+05:30,2026-08-18T10:00:00+05:30
exp_9adb02bc,trp_f861423a,usr_90afe18c,food,Airport taxi,981.23,INR,981.23,INR,2026-08-01,2026-06-17T11:50:00+05:30,cty_7f673457,,import,1,active,2026-07-29T10:00:00+05:30,2026-08-18T10:00:00+05:30
exp_47a4a25e,trp_e72a3a42,usr_8a133f67,food,Airport taxi,995.25,INR,995.25,INR,2026-08-01,2026-05-17T11:37:00+05:30,cty_f288c6a0,rcp_484de7bf,ocr,0,active,2026-03-24T10:00:00+05:30,2026-08-18T10:00:00+05:30
exp_55f138be,trp_e11af79e,usr_29dfdea3,transport,Airport taxi,1382.23,INR,1382.23,INR,2026-08-13,2026-08-11T14:20:00+05:30,cty_9327d518,,import,0,active,2026-08-05T10:00:00+05:30,2026-08-18T10:00:00+05:30
exp_e48d3f38,trp_929cc01b,usr_f6728ccc,accommodation,Guide tip,1504.62,MVR,1504.62,INR,2026-11-11,2026-11-09T18:43:00+05:30,cty_9aa02925,,nl_text,1,active,2026-07-10T10:00:00+05:30,2026-08-18T10:00:00+05:30
exp_6cadbdf2,trp_e5ff1490,usr_9ae9cbcb,food,Airport taxi,659.36,BTN,659.36,INR,2026-09-24,2026-09-26T20:42:00+05:30,cty_79cbc59b,,manual,1,active,2026-04-06T10:00:00+05:30,2026-08-18T10:00:00+05:30
exp_9d9573f6,trp_1af71903,usr_81dbf021,food,Boat ride,1384.83,INR,2186.87,NPR,2026-08-01,2026-05-07T07:49:00+05:30,cty_d4f5e3a5,,manual,0,active,2026-05-13T10:00:00+05:30,2026-08-18T10:00:00+05:30
exp_1531eb25,trp_0c86284d,usr_fa3a9dd6,activities,Museum tickets,71.34,QAR,71.34,INR,2026-08-01,2026-05-31T11:09:00+05:30,cty_6320eea9,,manual,0,active,2026-04-05T10:00:00+05:30,2026-08-18T10:00:00+05:30
exp_a2865cbc,trp_aa024588,usr_b10b045a,activities,Two nights,373.74,INR,154.46,THB,2026-08-01,2026-05-21T14:25:00+05:30,cty_caf3c1ee,,nl_text,1,active,2026-07-31T10:00:00+05:30,2026-08-18T10:00:00+05:30
exp_1add04b7,trp_d7693837,usr_3495d8ed,food,Guide tip,699.92,INR,699.92,INR,2026-11-17,2026-11-16T12:52:00+05:30,cty_8b6b1652,,manual,0,active,2026-05-06T10:00:00+05:30,2026-08-18T10:00:00+05:30
exp_4fa663c4,trp_3a3fe157,usr_6c3fae7b,accommodation,Souvenirs,3076.77,INR,3076.77,INR,2026-08-01,2026-07-11T19:43:00+05:30,cty_10cbee86,,nl_text,0,active,2026-04-24T10:00:00+05:30,2026-08-18T10:00:00+05:30
exp_49925a0e,trp_e5fcba16,usr_b021d103,food,Two nights,1544.48,INR,1544.48,INR,2026-10-30,2026-10-29T19:59:00+05:30,cty_621f4a84,,manual,0,active,2026-07-26T10:00:00+05:30,2026-08-18T10:00:00+05:30
exp_5f095087,trp_e16227b5,usr_d1c73fb8,food,Dinner,990.01,INR,990.01,INR,2026-10-12,2026-10-13T08:34:00+05:30,cty_b43cdd57,,nl_text,0,active,2026-07-21T10:00:00+05:30,2026-08-18T10:00:00+05:30
exp_875deda0,trp_f7736bd6,usr_79248234,food,Guide tip,3532.96,LKR,3532.96,INR,2026-10-30,2026-10-28T20:07:00+05:30,cty_009c9fd2,,manual,1,active,2026-04-25T10:00:00+05:30,2026-08-18T10:00:00+05:30
exp_e92ec1db,trp_7d8e2e3c,usr_1bd9093b,activities,Dinner,547.86,INR,547.86,INR,2026-08-01,2026-07-27T12:42:00+05:30,cty_17b8ef2f,,manual,1,active,2026-05-16T10:00:00+05:30,2026-08-18T10:00:00+05:30
exp_4ff4e37c,trp_95ffc5b8,usr_2b7e8931,food,Museum tickets,830.65,INR,830.65,INR,2026-11-05,2026-11-08T16:53:00+05:30,cty_0b92e2e7,rcp_62e9a33f,ocr,0,active,2026-04-08T10:00:00+05:30,2026-08-18T10:00:00+05:30
exp_7f90113f,trp_fdbf106b,usr_7a1346e6,accommodation,Two nights,1994.67,INR,1994.67,INR,2026-08-01,2026-05-08T10:16:00+05:30,,,manual,0,active,2026-04-20T10:00:00+05:30,2026-08-18T10:00:00+05:30
exp_b0c3fd6d,trp_493ac8fc,usr_540d307a,accommodation,Auto to the fort,1610.79,INR,2621.93,NPR,2026-11-11,2026-11-12T17:14:00+05:30,cty_7f673457,,manual,0,active,2026-05-17T10:00:00+05:30,2026-08-18T10:00:00+05:30
exp_b1ac61eb,trp_8adc5179,usr_d312cbff,food,Boat ride,349.26,INR,66705.07,IDR,2026-08-01,2026-06-20T12:01:00+05:30,cty_d4f5e3a5,,manual,0,active,2026-03-30T10:00:00+05:30,2026-08-18T10:00:00+05:30
exp_1ca1e6ce,trp_a9d6d238,usr_3d1b88d6,food,Laundry,1273.54,NPR,1273.54,INR,2026-08-01,2026-07-25T17:02:00+05:30,cty_95d040d8,,manual,1,active,2026-06-02T10:00:00+05:30,2026-08-18T10:00:00+05:30
exp_8e5f57c7,trp_706fdf80,usr_78513cd2,accommodation,Souvenirs,3066.41,INR,48.61,SGD,2026-08-01,2026-07-17T10:30:00+05:30,cty_43d0a650,,nl_text,0,active,2026-05-25T10:00:00+05:30,2026-08-18T10:00:00+05:30
exp_fd999b66,trp_360afa3a,usr_1886c078,food,Souvenirs,1355.20,INR,246.14,MVR,2026-08-01,2026-07-25T09:21:00+05:30,cty_8fc1539e,,manual,1,active,2026-08-10T10:00:00+05:30,2026-08-18T10:00:00+05:30
exp_2e3b5635,trp_c1e34627,usr_05d0be25,food,Dinner,308.25,INR,308.25,INR,2026-09-18,2026-09-19T18:19:00+05:30,,,import,1,active,2026-05-28T10:00:00+05:30,2026-08-18T10:00:00+05:30
exp_aaa0638c,trp_e19281ce,usr_ea41e115,transport,Dinner,960.03,INR,960.03,INR,2026-08-13,2026-08-16T11:38:00+05:30,cty_32e8e65c,rcp_a97b6555,ocr,0,active,2026-05-24T10:00:00+05:30,2026-08-18T10:00:00+05:30
exp_15c2ccaa,trp_8d9b71fd,usr_81dbf021,shopping,Guide tip,2675.08,NPR,2675.08,NPR,2026-08-01,2026-06-09T16:42:00+05:30,cty_95d040d8,,import,0,active,2026-04-06T10:00:00+05:30,2026-08-18T10:00:00+05:30
exp_e09fd667,trp_7afc863d,usr_394de344,food,Two nights,1118.66,LKR,1118.66,INR,2026-08-01,2026-07-02T13:38:00+05:30,cty_a50bc5dd,,manual,0,active,2026-05-15T10:00:00+05:30,2026-08-18T10:00:00+05:30
exp_feaa20b1,trp_929cc01b,usr_6e20f92e,food,Coffee and snacks,290.62,MVR,290.62,INR,2026-11-05,2026-11-08T09:01:00+05:30,,,import,0,active,2026-04-25T10:00:00+05:30,2026-08-18T10:00:00+05:30
exp_6e2230e5,trp_d04f7574,usr_5638f607,food,Boat ride,1480.83,INR,1480.83,INR,2026-08-01,2026-06-05T18:56:00+05:30,cty_f288c6a0,,manual,0,active,2026-04-24T10:00:00+05:30,2026-08-18T10:00:00+05:30
exp_651502bb,trp_c523a05c,usr_d32b1be5,transport,Museum tickets,1146.70,INR,1146.70,INR,2026-09-30,2026-10-02T22:13:00+05:30,cty_f288c6a0,,nl_text,1,active,2026-06-08T10:00:00+05:30,2026-08-18T10:00:00+05:30
exp_7e79797b,trp_a0b8b8af,usr_8e89346c,activities,Guide tip,5236.44,LKR,5236.44,INR,2026-11-17,2026-11-18T14:52:00+05:30,cty_009c9fd2,,manual,0,active,2026-07-25T10:00:00+05:30,2026-08-18T10:00:00+05:30
exp_2b001d97,trp_25a980cf,usr_2b053270,transport,Laundry,1636.75,INR,2976.59,JPY,2026-09-12,2026-09-14T12:16:00+05:30,cty_f288c6a0,,nl_text,1,active,2026-05-31T10:00:00+05:30,2026-08-18T10:00:00+05:30
exp_5bb5009b,trp_32bc8fa5,usr_5bbebfef,food,Airport taxi,1206.11,NPR,1206.11,NPR,2026-11-17,2026-12-05T12:19:00+05:30,,,manual,0,active,2026-04-01T10:00:00+05:30,2026-08-18T10:00:00+05:30
exp_7786df72,trp_22a4deac,usr_d59d0fa9,shopping,Laundry,4169.61,NPR,4169.61,NPR,2026-08-01,2026-06-20T21:13:00+05:30,cty_b43cdd57,,nl_text,1,active,2026-05-18T10:00:00+05:30,2026-08-18T10:00:00+05:30
exp_1b52313e,trp_de13b938,usr_50bcfb30,transport,Auto to the fort,1620.32,INR,1620.32,INR,2026-10-18,2026-10-21T22:30:00+05:30,cty_621f4a84,,manual,0,active,2026-06-17T10:00:00+05:30,2026-08-18T10:00:00+05:30
exp_e245710e,trp_962e90a6,usr_ab2353de,food,Laundry,525.44,INR,525.44,INR,2026-08-31,2026-08-30T21:04:00+05:30,cty_bbb31d67,,manual,0,active,2026-05-13T10:00:00+05:30,2026-08-18T10:00:00+05:30
exp_17c10d6b,trp_7d8e2e3c,usr_1bd9093b,accommodation,Boat ride,6386.90,INR,6386.90,INR,2026-08-01,2026-07-27T21:44:00+05:30,cty_17b8ef2f,,manual,0,active,2026-07-08T10:00:00+05:30,2026-08-18T10:00:00+05:30
exp_a3edb32b,trp_2dbec2dd,usr_e076a69d,misc,Auto to the fort,804.98,INR,804.98,INR,2026-10-12,2026-10-15T13:07:00+05:30,cty_7be8559f,,manual,0,active,2026-07-29T10:00:00+05:30,2026-08-18T10:00:00+05:30
exp_865531f3,trp_087633e3,usr_4cbf6de6,activities,Airport taxi,681.02,INR,681.02,INR,2026-11-17,2026-12-09T14:02:00+05:30,cty_5698a7ab,,import,1,active,2026-07-17T10:00:00+05:30,2026-08-18T10:00:00+05:30
exp_e30e7a8e,trp_03e922d6,usr_e8f563b9,food,Auto to the fort,1571.76,INR,1571.76,INR,2026-11-17,2026-11-26T11:28:00+05:30,,,manual,0,active,2026-07-18T10:00:00+05:30,2026-08-18T10:00:00+05:30
exp_9fc80886,trp_11c3f9e5,usr_afacd025,transport,Souvenirs,1824.74,INR,6349.97,LKR,2026-08-01,2026-05-13T10:17:00+05:30,cty_a97c33ad,,manual,0,active,2026-04-24T10:00:00+05:30,2026-08-18T10:00:00+05:30
exp_281c3fc9,trp_4b9e6595,usr_f271c461,accommodation,Dinner,300721.49,IDR,300721.49,IDR,2026-08-19,2026-08-17T17:49:00+05:30,cty_aa759717,,nl_text,0,active,2026-06-09T10:00:00+05:30,2026-08-18T10:00:00+05:30
exp_9a2a4999,trp_672c1a74,usr_8eb4e3e7,transport,Coffee and snacks,2106.66,INR,2106.66,INR,2026-08-01,2026-05-25T22:35:00+05:30,cty_8fc1539e,,manual,1,active,2026-05-06T10:00:00+05:30,2026-08-18T10:00:00+05:30
exp_53e6e111,trp_8d9b71fd,usr_81dbf021,accommodation,Two nights,15528.25,NPR,15528.25,NPR,2026-08-01,2026-06-11T15:55:00+05:30,,,manual,0,active,2026-03-23T10:00:00+05:30,2026-08-18T10:00:00+05:30
exp_a57acb0c,trp_bfc1339e,usr_65b43f7e,shopping,Souvenirs,692.01,INR,36.86,MYR,2026-08-25,2026-08-24T19:52:00+05:30,cty_32e8e65c,,manual,1,active,2026-04-30T10:00:00+05:30,2026-08-18T10:00:00+05:30
exp_cc8a58ef,trp_73e63df2,usr_3b2b4279,transport,Two nights,1872.31,INR,1872.31,INR,2026-11-17,2026-11-26T21:45:00+05:30,,,manual,1,active,2026-04-15T10:00:00+05:30,2026-08-18T10:00:00+05:30
exp_85c390c0,trp_f4115fa9,usr_22a9ab26,accommodation,Two nights,44.01,CHF,44.01,INR,2026-09-24,2026-09-22T19:32:00+05:30,cty_0b7f5985,,manual,0,active,2026-07-22T10:00:00+05:30,2026-08-18T10:00:00+05:30
exp_beb94373,trp_bbf16dcd,usr_2209582f,accommodation,Two nights,2073.40,INR,2073.40,INR,2026-11-05,2026-11-03T19:59:00+05:30,cty_caf3c1ee,,nl_text,1,active,2026-07-08T10:00:00+05:30,2026-08-18T10:00:00+05:30
exp_393ddce4,trp_1bb1485b,usr_d245dd5d,accommodation,Boat ride,5163.14,INR,5163.14,INR,2026-10-06,2026-10-06T21:11:00+05:30,cty_c43cfa94,,manual,0,active,2026-08-01T10:00:00+05:30,2026-08-18T10:00:00+05:30
exp_be824bd8,trp_67af61b6,usr_0cae1422,shopping,Airport taxi,927.49,INR,927.49,INR,2026-08-31,2026-08-30T10:29:00+05:30,cty_ccb4fb74,,nl_text,0,active,2026-04-27T10:00:00+05:30,2026-08-18T10:00:00+05:30
exp_6a1986e9,trp_6b3bd54e,usr_1501196b,transport,Souvenirs,4277.53,LKR,4277.53,INR,2026-09-06,2026-09-04T09:21:00+05:30,cty_009c9fd2,,manual,1,active,2026-04-02T10:00:00+05:30,2026-08-18T10:00:00+05:30
exp_0aeb94c2,trp_7a17c8a1,usr_b8c5bfe0,transport,Guide tip,1410.08,INR,1410.08,INR,2026-11-17,2026-11-24T19:20:00+05:30,cty_c07454f1,,manual,0,active,2026-04-15T10:00:00+05:30,2026-08-18T10:00:00+05:30
exp_17e3975b,trp_876b6bd2,usr_e1f3dfbc,food,Laundry,287.21,INR,12.36,QAR,2026-08-01,2026-05-15T16:52:00+05:30,cty_f29656ff,,manual,1,active,2026-05-24T10:00:00+05:30,2026-08-18T10:00:00+05:30
exp_85174190,trp_604a54fd,usr_76c235d5,food,Auto to the fort,1158.74,INR,1158.74,INR,2026-08-31,2026-09-03T10:29:00+05:30,cty_a97c33ad,,manual,0,active,2026-04-15T10:00:00+05:30,2026-08-18T10:00:00+05:30
exp_fb61a205,trp_20b372f1,usr_6e3b5c10,transport,Airport taxi,551.64,INR,551.64,INR,2026-08-01,2026-05-22T14:09:00+05:30,cty_cfec17b6,,manual,1,active,2026-06-19T10:00:00+05:30,2026-08-18T10:00:00+05:30
exp_2c5efd38,trp_372d222b,usr_9a5cd9cf,accommodation,Dinner,9575.78,INR,9575.78,INR,2026-08-01,2026-07-01T07:35:00+05:30,cty_a5f16904,,nl_text,0,active,2026-04-06T10:00:00+05:30,2026-08-18T10:00:00+05:30
exp_f982dc57,trp_7aed1147,usr_76c235d5,shopping,Souvenirs,1482.80,INR,1482.80,INR,2026-11-05,2026-11-05T09:18:00+05:30,cty_3503e391,,manual,0,active,2026-05-30T10:00:00+05:30,2026-08-18T10:00:00+05:30
exp_1b9beebd,trp_d10b37ba,usr_51247360,transport,Guide tip,2001.82,INR,2001.82,INR,2026-10-06,2026-10-07T20:36:00+05:30,cty_cfec17b6,,manual,1,active,2026-06-18T10:00:00+05:30,2026-08-18T10:00:00+05:30
exp_18261e5b,trp_6c80cfa7,usr_b357f73c,misc,Souvenirs,328.59,INR,328.59,INR,2026-08-01,2026-06-09T22:19:00+05:30,cty_0d9ab6ff,,manual,1,active,2026-07-14T10:00:00+05:30,2026-08-18T10:00:00+05:30
exp_e38559a7,trp_093fb740,usr_fc544c58,accommodation,Boat ride,7138.09,INR,7138.09,INR,2026-08-01,2026-07-04T17:56:00+05:30,cty_c07454f1,,manual,0,active,2026-06-20T10:00:00+05:30,2026-08-18T10:00:00+05:30
exp_43f5e11c,trp_5ad4267c,usr_7da99ef5,activities,Museum tickets,1444.10,INR,1444.10,INR,2026-10-06,2026-10-09T17:03:00+05:30,cty_d401ef6b,,import,0,active,2026-06-06T10:00:00+05:30,2026-08-18T10:00:00+05:30
exp_fc23b383,trp_2a380c8a,usr_8700ba48,transport,Coffee and snacks,2183.75,BTN,2183.75,BTN,2026-11-17,2026-11-27T10:44:00+05:30,cty_7b89639e,,manual,0,active,2026-08-16T10:00:00+05:30,2026-08-18T10:00:00+05:30
exp_e6b63888,trp_79423633,usr_72818c78,food,Museum tickets,661.52,INR,661.52,INR,2026-08-13,2026-08-16T22:46:00+05:30,cty_5698a7ab,,manual,0,active,2026-04-22T10:00:00+05:30,2026-08-18T10:00:00+05:30
exp_71f59c5d,trp_a06a57e3,usr_268fdb85,transport,Guide tip,943.35,INR,943.35,INR,2026-08-01,2026-07-23T10:15:00+05:30,cty_590d4b7b,,nl_text,0,active,2026-03-28T10:00:00+05:30,2026-08-18T10:00:00+05:30
exp_76e75e1a,trp_479e8ab9,usr_81005fa8,transport,Museum tickets,1916.65,INR,1916.65,INR,2026-10-30,2026-11-02T20:23:00+05:30,cty_36afaa5c,,nl_text,0,active,2026-05-16T10:00:00+05:30,2026-08-18T10:00:00+05:30
exp_a354cfd9,trp_0e658b9d,usr_3d92578a,transport,Souvenirs,909.05,INR,909.05,INR,2026-08-01,2026-06-10T21:04:00+05:30,cty_7cb0b529,,manual,1,active,2026-07-21T10:00:00+05:30,2026-08-18T10:00:00+05:30
exp_6e44f3fb,trp_2a380c8a,usr_8700ba48,food,Laundry,33.02,AED,752.04,BTN,2026-11-17,2026-11-26T12:13:00+05:30,cty_7b89639e,rcp_b9c4ef5f,ocr,1,active,2026-04-05T10:00:00+05:30,2026-08-18T10:00:00+05:30
exp_8528c092,trp_cdcc78b4,usr_c94b68cc,transport,Boat ride,2292.64,INR,2292.64,INR,2026-08-01,2026-05-26T17:04:00+05:30,cty_0b92e2e7,,nl_text,1,active,2026-04-07T10:00:00+05:30,2026-08-18T10:00:00+05:30
exp_942c666e,trp_5ac61fd8,usr_a93726c0,food,Coffee and snacks,715.00,INR,715.00,INR,2026-08-01,2026-06-24T18:46:00+05:30,cty_718f03c7,,manual,0,active,2026-04-02T10:00:00+05:30,2026-08-18T10:00:00+05:30
exp_a2e8e455,trp_1f82c042,usr_fc3617c0,accommodation,Souvenirs,8076.50,INR,3337.78,THB,2026-08-01,2026-06-22T17:26:00+05:30,cty_17b8ef2f,,manual,0,active,2026-05-30T10:00:00+05:30,2026-08-18T10:00:00+05:30
exp_a9c21c38,trp_dbfef2b5,usr_5527167d,accommodation,Souvenirs,4600.00,INR,4600.00,INR,2026-08-01,2026-06-11T11:39:00+05:30,cty_f8b75f8e,,manual,0,active,2026-08-05T10:00:00+05:30,2026-08-18T10:00:00+05:30
exp_c155aef0,trp_0c4edd73,usr_a6eaecde,activities,Auto to the fort,824.29,INR,824.29,INR,2026-11-17,2026-12-02T16:38:00+05:30,cty_541018a9,,manual,1,active,2026-04-17T10:00:00+05:30,2026-08-18T10:00:00+05:30
exp_457c28d5,trp_70ac83bf,usr_b021d103,food,Dinner,1512.25,INR,1512.25,INR,2026-11-05,2026-11-08T08:24:00+05:30,cty_67ee7f6f,,manual,0,active,2026-06-02T10:00:00+05:30,2026-08-18T10:00:00+05:30
exp_03c29399,trp_44ecb435,usr_2109396c,shopping,Museum tickets,3312.63,INR,54.55,SGD,2026-11-17,2026-12-03T22:50:00+05:30,cty_95e7c8ca,,manual,0,active,2026-06-21T10:00:00+05:30,2026-08-18T10:00:00+05:30
exp_b57022b8,trp_bab07b17,usr_b6d5d98c,food,Dinner,45.23,QAR,45.23,INR,2026-08-01,2026-06-25T08:14:00+05:30,cty_6320eea9,,manual,0,active,2026-04-14T10:00:00+05:30,2026-08-18T10:00:00+05:30
exp_b080ae92,trp_87c1afde,usr_7dc3ba48,activities,Coffee and snacks,46.98,AED,46.98,INR,2026-09-12,2026-09-13T20:16:00+05:30,cty_1ced6ede,,manual,0,active,2026-05-20T10:00:00+05:30,2026-08-18T10:00:00+05:30
exp_bc3622af,trp_2b1c9a53,usr_b1b8dc45,misc,Guide tip,622.78,INR,622.78,INR,2026-11-17,2026-11-18T08:53:00+05:30,cty_95e7c8ca,,manual,0,active,2026-04-15T10:00:00+05:30,2026-08-18T10:00:00+05:30
exp_7660c7d8,trp_f25ef2fa,usr_c010ce3c,food,Guide tip,58.64,MYR,58.64,INR,2026-10-30,2026-11-01T17:01:00+05:30,cty_c9f34ba7,,manual,1,active,2026-05-21T10:00:00+05:30,2026-08-18T10:00:00+05:30
exp_e7e33b0a,trp_7844b321,usr_2b11a6c9,shopping,Laundry,2875.11,INR,2875.11,INR,2026-08-01,2026-06-01T07:42:00+05:30,cty_b6ccbb3b,,nl_text,1,active,2026-07-21T10:00:00+05:30,2026-08-18T10:00:00+05:30
exp_49b4de3a,trp_67af61b6,usr_d3acd59c,food,Boat ride,622.47,INR,622.47,INR,2026-08-25,2026-08-28T10:58:00+05:30,cty_ccb4fb74,,nl_text,1,active,2026-07-29T10:00:00+05:30,2026-08-18T10:00:00+05:30
exp_67aaa376,trp_5162b851,usr_7b329574,food,Two nights,1152.15,INR,1152.15,INR,2026-08-01,2026-06-22T07:52:00+05:30,cty_5d572c8a,rcp_fdc56f50,ocr,1,active,2026-05-02T10:00:00+05:30,2026-08-18T10:00:00+05:30
exp_989ebae3,trp_96b44a87,usr_108e6f0f,food,Two nights,504.27,INR,504.27,INR,2026-09-12,2026-09-13T10:56:00+05:30,cty_17b8ef2f,,import,0,active,2026-04-07T10:00:00+05:30,2026-08-18T10:00:00+05:30
exp_8761a7f4,trp_d0565c09,usr_e2ca58e8,misc,Auto to the fort,154.40,THB,154.40,INR,2026-10-06,2026-10-06T19:16:00+05:30,cty_a5f16904,,nl_text,0,active,2026-06-21T10:00:00+05:30,2026-08-18T10:00:00+05:30
exp_b7034342,trp_8adc5179,usr_d312cbff,accommodation,Dinner,8793.78,INR,1679521.47,IDR,2026-08-01,2026-06-24T16:23:00+05:30,cty_d4f5e3a5,,manual,0,active,2026-08-12T10:00:00+05:30,2026-08-18T10:00:00+05:30
exp_47cafa99,trp_e31ab00a,usr_0e9166f0,fees,Auto to the fort,5.44,QAR,5.44,INR,2026-08-07,2026-08-05T16:00:00+05:30,cty_6320eea9,,nl_text,0,active,2026-07-27T10:00:00+05:30,2026-08-18T10:00:00+05:30
exp_706b1643,trp_4158f34b,usr_9473419d,fees,Museum tickets,662.10,INR,662.10,INR,2026-10-18,2026-10-20T10:38:00+05:30,cty_32e8e65c,,manual,0,active,2026-04-22T10:00:00+05:30,2026-08-18T10:00:00+05:30
exp_34a3107a,trp_5a52c165,usr_96740172,activities,Boat ride,97.46,MYR,97.46,INR,2026-08-19,2026-08-20T17:03:00+05:30,cty_c9f34ba7,,manual,0,active,2026-04-29T10:00:00+05:30,2026-08-18T10:00:00+05:30
exp_f032806f,trp_0c86284d,usr_82545d82,food,Dinner,51.87,QAR,51.87,INR,2026-08-01,2026-05-31T11:20:00+05:30,cty_6320eea9,,import,0,active,2026-04-12T10:00:00+05:30,2026-08-18T10:00:00+05:30
exp_6f3bbffb,trp_0ea3db93,usr_1cec1f14,misc,Souvenirs,803.44,INR,803.44,INR,2026-10-30,2026-10-29T09:52:00+05:30,cty_9327d518,,manual,1,active,2026-05-21T10:00:00+05:30,2026-08-18T10:00:00+05:30
exp_47d064e7,trp_634a2f2f,usr_671138ff,food,Laundry,927.09,INR,927.09,INR,2026-11-11,2026-11-14T17:36:00+05:30,cty_ccb4fb74,,nl_text,0,active,2026-08-15T10:00:00+05:30,2026-08-18T10:00:00+05:30
exp_9e513ccf,trp_a0a40e8a,usr_63d6db20,accommodation,Guide tip,2168.76,INR,2168.76,INR,2026-09-24,2026-09-27T09:01:00+05:30,cty_0d9ab6ff,,manual,0,active,2026-07-06T10:00:00+05:30,2026-08-18T10:00:00+05:30
exp_2f6c3f44,trp_773ff3c5,usr_14c738e0,shopping,Auto to the fort,1431.59,INR,1431.59,INR,2026-09-30,2026-09-28T09:11:00+05:30,cty_c97e6cd5,,manual,0,active,2026-03-26T10:00:00+05:30,2026-08-18T10:00:00+05:30
exp_747d87cc,trp_f9407f9b,usr_98a69060,food,Laundry,1311.42,INR,1311.42,INR,2026-08-01,2026-05-11T15:18:00+05:30,cty_34bbfdfe,,manual,0,active,2026-03-31T10:00:00+05:30,2026-08-18T10:00:00+05:30
exp_414768db,trp_32ae8bfe,usr_63d19d4c,food,Auto to the fort,976.25,INR,976.25,INR,2026-08-01,2026-05-20T11:36:00+05:30,cty_f29656ff,,manual,0,active,2026-07-31T10:00:00+05:30,2026-08-18T10:00:00+05:30
exp_c79b9b43,trp_86a8180b,usr_a25f0129,food,Coffee and snacks,259.66,MVR,259.66,INR,2026-11-11,2026-11-09T08:00:00+05:30,cty_9aa02925,,nl_text,0,active,2026-07-23T10:00:00+05:30,2026-08-18T10:00:00+05:30
exp_f0a84446,trp_f18e9739,usr_b10b6018,activities,Dinner,1167.76,INR,50.98,QAR,2026-08-31,2026-08-31T13:19:00+05:30,cty_076e8e86,,manual,0,active,2026-06-15T10:00:00+05:30,2026-08-18T10:00:00+05:30
exp_b106e3e4,trp_b18bf78b,usr_d245dd5d,food,Boat ride,17.46,SGD,17.46,INR,2026-11-17,2026-11-30T12:21:00+05:30,cty_905fd8a1,,manual,0,active,2026-05-17T10:00:00+05:30,2026-08-18T10:00:00+05:30
exp_95de19f8,trp_79c91f6b,usr_85c09ee4,activities,Airport taxi,372.85,INR,372.85,INR,2026-08-01,2026-05-19T21:07:00+05:30,cty_cf1c6ac5,,manual,0,active,2026-07-29T10:00:00+05:30,2026-08-18T10:00:00+05:30
exp_a4916b7b,trp_5a52c165,usr_76c235d5,transport,Coffee and snacks,99.19,MYR,99.19,INR,2026-08-13,2026-08-14T17:54:00+05:30,cty_c9f34ba7,,manual,0,active,2026-07-31T10:00:00+05:30,2026-08-18T10:00:00+05:30
exp_b9b101f6,trp_08207645,usr_5b790166,accommodation,Airport taxi,5812.98,BTN,5812.98,BTN,2026-11-17,2026-12-01T13:13:00+05:30,cty_32e8e65c,,import,0,active,2026-04-03T10:00:00+05:30,2026-08-18T10:00:00+05:30
exp_61360725,trp_87c1afde,usr_f60ade8b,activities,Coffee and snacks,27.34,AED,27.34,INR,2026-09-12,2026-09-12T10:32:00+05:30,cty_1ced6ede,,manual,0,active,2026-04-07T10:00:00+05:30,2026-08-18T10:00:00+05:30
exp_79a24ede,trp_10a5cdc9,usr_58d2b52f,shopping,Boat ride,109.77,MVR,109.77,INR,2026-09-30,2026-10-01T17:05:00+05:30,cty_9aa02925,,manual,0,active,2026-05-06T10:00:00+05:30,2026-08-18T10:00:00+05:30
exp_6319dae6,trp_3912eedc,usr_1a6892bf,activities,Auto to the fort,1173.18,INR,1173.18,INR,2026-11-17,2026-11-16T18:41:00+05:30,cty_c07454f1,rcp_9821df4b,ocr,0,active,2026-07-10T10:00:00+05:30,2026-08-18T10:00:00+05:30
exp_379a2373,trp_25a980cf,usr_2da5bb04,transport,Museum tickets,958.96,INR,1748.95,JPY,2026-09-18,2026-09-16T22:19:00+05:30,cty_f288c6a0,,manual,0,active,2026-08-16T10:00:00+05:30,2026-08-18T10:00:00+05:30
exp_50cea848,trp_2e6bf66f,usr_1b4fe68e,transport,Two nights,682.60,INR,2389.52,LKR,2026-08-19,2026-08-20T18:23:00+05:30,cty_8b6b1652,,manual,0,active,2026-07-06T10:00:00+05:30,2026-08-18T10:00:00+05:30
exp_10491fc6,trp_7aed1147,usr_76c235d5,activities,Laundry,1505.36,INR,1505.36,INR,2026-11-05,2026-11-03T19:28:00+05:30,,,manual,1,active,2026-03-27T10:00:00+05:30,2026-08-18T10:00:00+05:30
exp_6f4c6328,trp_c6136493,usr_22a5c239,transport,Auto to the fort,791.98,INR,791.98,INR,2026-09-24,2026-09-23T09:26:00+05:30,cty_cfec17b6,,manual,0,active,2026-03-29T10:00:00+05:30,2026-08-18T10:00:00+05:30
exp_59506530,trp_f83ed4d2,usr_c6f0707f,transport,Coffee and snacks,1690.86,INR,1690.86,INR,2026-11-17,2026-11-27T09:55:00+05:30,cty_b6ccbb3b,,manual,0,active,2026-06-18T10:00:00+05:30,2026-08-18T10:00:00+05:30
exp_0cebe4af,trp_d7693837,usr_3495d8ed,food,Laundry,535.23,INR,535.23,INR,2026-11-17,2026-11-19T09:53:00+05:30,cty_8b6b1652,,manual,1,active,2026-06-11T10:00:00+05:30,2026-08-18T10:00:00+05:30
exp_bb1acfdf,trp_cfa5ee66,usr_c8025f92,accommodation,Two nights,26440.57,LKR,11998.49,NPR,2026-08-01,2026-07-29T20:20:00+05:30,cty_a50bc5dd,,nl_text,1,active,2026-06-08T10:00:00+05:30,2026-08-18T10:00:00+05:30
exp_aff0e3b2,trp_234af87a,usr_856079e2,activities,Boat ride,393.98,INR,393.98,INR,2026-08-01,2026-07-23T20:53:00+05:30,cty_cf1c6ac5,,manual,0,active,2026-04-08T10:00:00+05:30,2026-08-18T10:00:00+05:30
exp_9eabdce4,trp_12961d3c,usr_81ed406f,transport,Souvenirs,2324.35,INR,2324.35,INR,2026-10-06,2026-10-06T07:06:00+05:30,cty_ccb4fb74,,manual,0,active,2026-06-02T10:00:00+05:30,2026-08-18T10:00:00+05:30
exp_415c9322,trp_d5063ed0,usr_8b3ba681,transport,Auto to the fort,688.86,INR,29.99,AED,2026-08-01,2026-06-09T12:24:00+05:30,cty_c43cfa94,,import,1,active,2026-04-23T10:00:00+05:30,2026-08-18T10:00:00+05:30
exp_14057293,trp_7f4c80ca,usr_50bced56,activities,Guide tip,1758.63,INR,1758.63,INR,2026-08-01,2026-06-12T14:12:00+05:30,cty_d4f5e3a5,,manual,1,active,2026-06-13T10:00:00+05:30,2026-08-18T10:00:00+05:30
exp_50762d7f,trp_372d222b,usr_9a5cd9cf,accommodation,Laundry,2779.92,THB,2779.92,INR,2026-08-01,2026-06-30T19:28:00+05:30,cty_a5f16904,,manual,1,active,2026-06-11T10:00:00+05:30,2026-08-18T10:00:00+05:30
exp_ac814010,trp_cfa5ee66,usr_c8025f92,accommodation,Museum tickets,14730.43,LKR,6684.54,NPR,2026-08-01,2026-07-28T19:49:00+05:30,cty_a50bc5dd,,manual,1,active,2026-06-07T10:00:00+05:30,2026-08-18T10:00:00+05:30
exp_d97e7468,trp_27260494,usr_ee03ca6c,activities,Coffee and snacks,629.05,INR,629.05,INR,2026-09-30,2026-09-29T14:27:00+05:30,cty_95e7c8ca,,manual,0,active,2026-06-09T10:00:00+05:30,2026-08-18T10:00:00+05:30
exp_2203eea6,trp_d44e94e7,usr_e4f15778,accommodation,Souvenirs,9152.22,INR,14452.83,NPR,2026-08-01,2026-06-13T10:04:00+05:30,cty_17b8ef2f,,manual,0,active,2026-08-12T10:00:00+05:30,2026-08-18T10:00:00+05:30
exp_b3ec68fa,trp_7013467c,usr_5bbebfef,accommodation,Auto to the fort,1688.84,MVR,1688.84,INR,2026-11-17,2026-11-21T15:29:00+05:30,,rcp_91fdd3d3,ocr,0,active,2026-06-19T10:00:00+05:30,2026-08-18T10:00:00+05:30
exp_6be3f912,trp_799607b3,usr_157e58e7,shopping,Airport taxi,3018.45,INR,3018.45,INR,2026-08-01,2026-06-29T21:54:00+05:30,cty_43d0a650,,manual,0,active,2026-03-29T10:00:00+05:30,2026-08-18T10:00:00+05:30
exp_ac1399cf,trp_c6e23791,usr_3038e2f7,transport,Museum tickets,466.47,INR,466.47,INR,2026-08-01,2026-06-20T08:41:00+05:30,cty_43d0a650,,import,0,active,2026-08-12T10:00:00+05:30,2026-08-18T10:00:00+05:30
exp_3e07fb96,trp_2a380c8a,usr_8700ba48,food,Guide tip,43.36,AED,987.54,BTN,2026-11-17,2026-11-28T16:08:00+05:30,cty_7b89639e,,import,0,active,2026-05-01T10:00:00+05:30,2026-08-18T10:00:00+05:30
exp_017d9cc2,trp_45a660c5,usr_1f0f9af9,accommodation,Souvenirs,5351.08,INR,5351.08,INR,2026-08-01,2026-06-07T14:53:00+05:30,cty_ab50efee,,manual,1,active,2026-08-17T10:00:00+05:30,2026-08-18T10:00:00+05:30
exp_6f0710e6,trp_9656ff69,usr_4efab0b7,shopping,Laundry,798.47,INR,798.47,INR,2026-08-01,2026-05-31T21:44:00+05:30,cty_7fc82336,,manual,0,active,2026-05-27T10:00:00+05:30,2026-08-18T10:00:00+05:30
exp_abfa3153,trp_962e90a6,usr_96740172,accommodation,Guide tip,5015.49,INR,5015.49,INR,2026-08-31,2026-08-31T18:12:00+05:30,cty_bbb31d67,,nl_text,0,active,2026-04-11T10:00:00+05:30,2026-08-18T10:00:00+05:30
exp_8ac266fb,trp_0e4afde6,usr_0b8f3bdc,accommodation,Auto to the fort,1847.05,INR,1847.05,INR,2026-09-12,2026-09-13T07:47:00+05:30,cty_ab50efee,,manual,1,active,2026-06-13T10:00:00+05:30,2026-08-18T10:00:00+05:30
exp_7f348080,trp_1765a1ad,usr_737d4dab,shopping,Coffee and snacks,2068.90,INR,2068.90,INR,2026-08-25,2026-08-24T12:35:00+05:30,cty_c0f2d9de,,manual,1,active,2026-04-29T10:00:00+05:30,2026-08-18T10:00:00+05:30
exp_997c36aa,trp_2ee981f7,usr_0389057b,food,Guide tip,401.20,INR,401.20,INR,2026-08-01,2026-07-27T22:10:00+05:30,cty_a97c33ad,,nl_text,1,active,2026-06-14T10:00:00+05:30,2026-08-18T10:00:00+05:30
exp_7e3c7423,trp_fc58b9bd,usr_1c8154b9,food,Dinner,478.96,INR,478.96,INR,2026-08-01,2026-06-26T11:13:00+05:30,cty_10cbee86,,import,0,active,2026-05-18T10:00:00+05:30,2026-08-18T10:00:00+05:30
exp_f18f07b1,trp_ca70f1c6,usr_b50df034,misc,Museum tickets,662.13,INR,662.13,INR,2026-11-17,2026-12-07T19:16:00+05:30,cty_aa759717,,nl_text,0,active,2026-07-12T10:00:00+05:30,2026-08-18T10:00:00+05:30
exp_bb5ed642,trp_9fc37785,usr_42202df5,activities,Museum tickets,631.21,INR,631.21,INR,2026-08-01,2026-06-05T09:21:00+05:30,,,nl_text,0,active,2026-08-15T10:00:00+05:30,2026-08-18T10:00:00+05:30
exp_6ee31e93,trp_b18bf78b,usr_d245dd5d,activities,Museum tickets,20.48,SGD,20.48,INR,2026-11-17,2026-12-02T08:02:00+05:30,cty_905fd8a1,,manual,1,active,2026-05-15T10:00:00+05:30,2026-08-18T10:00:00+05:30
exp_243814b5,trp_0c58e20b,usr_dc1bd238,shopping,Laundry,2294.60,INR,2294.60,INR,2026-08-01,2026-05-28T19:03:00+05:30,cty_c07454f1,,import,1,active,2026-05-30T10:00:00+05:30,2026-08-18T10:00:00+05:30
exp_71eb2ed3,trp_b14214a6,usr_78afc45f,accommodation,Laundry,5445.37,INR,5445.37,INR,2026-11-17,2026-11-18T13:56:00+05:30,cty_95e7c8ca,,manual,0,active,2026-07-02T10:00:00+05:30,2026-08-18T10:00:00+05:30
exp_d1cb94a2,trp_074ec52a,usr_9738df4b,accommodation,Coffee and snacks,3259.23,INR,3259.23,INR,2026-08-31,2026-09-03T20:03:00+05:30,cty_5d572c8a,,manual,0,active,2026-08-04T10:00:00+05:30,2026-08-18T10:00:00+05:30
exp_1b7240e3,trp_566e3eb3,usr_bc4a9809,accommodation,Airport taxi,3570.67,THB,3570.67,INR,2026-09-24,2026-09-26T21:30:00+05:30,cty_a5f16904,,nl_text,1,active,2026-03-24T10:00:00+05:30,2026-08-18T10:00:00+05:30
exp_07513223,trp_95715c8a,usr_0dc99bd5,food,Airport taxi,383.87,INR,383.87,INR,2026-08-01,2026-05-27T08:43:00+05:30,cty_f29656ff,,nl_text,0,active,2026-04-04T10:00:00+05:30,2026-08-18T10:00:00+05:30
exp_2c7afea7,trp_776da560,usr_7101a5b5,accommodation,Auto to the fort,8201.37,INR,8201.37,INR,2026-08-19,2026-08-22T21:40:00+05:30,cty_c97e6cd5,,manual,1,active,2026-03-28T10:00:00+05:30,2026-08-18T10:00:00+05:30
exp_a4849f89,trp_73b4e062,usr_ab81846d,transport,Auto to the fort,1541.62,INR,1541.62,INR,2026-08-31,2026-08-31T18:16:00+05:30,cty_cfec17b6,rcp_bc657be6,ocr,0,active,2026-05-25T10:00:00+05:30,2026-08-18T10:00:00+05:30
exp_ac0cca22,trp_9656ff69,usr_bc67142c,activities,Airport taxi,1689.56,INR,1689.56,INR,2026-08-01,2026-05-27T12:29:00+05:30,cty_7fc82336,,nl_text,0,active,2026-08-09T10:00:00+05:30,2026-08-18T10:00:00+05:30
exp_29fd2325,trp_a41af335,usr_dcc95fd2,accommodation,Souvenirs,9621.80,INR,9621.80,INR,2026-08-01,2026-05-20T15:34:00+05:30,cty_718f03c7,,nl_text,0,active,2026-05-13T10:00:00+05:30,2026-08-18T10:00:00+05:30
exp_20a12d9a,trp_f61c2fce,usr_e7b2dd09,activities,Souvenirs,1809.17,INR,1809.17,INR,2026-08-01,2026-07-30T20:34:00+05:30,cty_5d572c8a,,nl_text,0,active,2026-04-17T10:00:00+05:30,2026-08-18T10:00:00+05:30
exp_e69ae644,trp_0629deb2,usr_0e9166f0,food,Two nights,891.61,INR,891.61,INR,2026-09-18,2026-09-21T08:01:00+05:30,cty_5d572c8a,,nl_text,0,active,2026-08-03T10:00:00+05:30,2026-08-18T10:00:00+05:30
exp_f85295f5,trp_db8edb3f,usr_bc4b67f6,food,Coffee and snacks,1507.82,INR,24.41,SGD,2026-09-18,2026-09-19T15:43:00+05:30,cty_f29656ff,,manual,0,active,2026-07-19T10:00:00+05:30,2026-08-18T10:00:00+05:30
exp_69c5ea19,trp_d03225c9,usr_e4376908,accommodation,Two nights,3789.69,INR,40.47,CHF,2026-11-17,2026-11-26T07:44:00+05:30,cty_f288c6a0,,manual,0,active,2026-04-08T10:00:00+05:30,2026-08-18T10:00:00+05:30
exp_a51a6747,trp_f272c28c,usr_8f32fd7a,transport,Souvenirs,2205.73,INR,7675.79,LKR,2026-08-01,2026-08-01T19:52:00+05:30,cty_c43cfa94,,nl_text,1,active,2026-04-21T10:00:00+05:30,2026-08-18T10:00:00+05:30
exp_8a6797ce,trp_77b09e9a,usr_373b76a9,food,Coffee and snacks,789.22,INR,8.38,CHF,2026-10-06,2026-10-09T21:01:00+05:30,cty_0d062a51,rcp_dec39d0d,ocr,1,active,2026-04-21T10:00:00+05:30,2026-08-18T10:00:00+05:30
exp_0ca33526,trp_cdb13358,usr_5d8450f0,activities,Coffee and snacks,540.73,INR,223.47,THB,2026-08-01,2026-05-28T11:09:00+05:30,cty_7cb0b529,,manual,0,active,2026-07-02T10:00:00+05:30,2026-08-18T10:00:00+05:30
exp_88d1f979,trp_0c58e20b,usr_dc1bd238,accommodation,Airport taxi,4166.13,INR,4166.13,INR,2026-08-01,2026-05-29T10:06:00+05:30,cty_c07454f1,,manual,1,active,2026-07-16T10:00:00+05:30,2026-08-18T10:00:00+05:30
exp_1711731a,trp_3c03178d,usr_f855344d,accommodation,Guide tip,8463.42,INR,8463.42,INR,2026-10-24,2026-10-24T19:36:00+05:30,cty_0d9ab6ff,,manual,0,active,2026-05-14T10:00:00+05:30,2026-08-18T10:00:00+05:30
exp_35dc1afb,trp_093fb740,usr_fc544c58,accommodation,Airport taxi,4035.35,INR,4035.35,INR,2026-08-01,2026-07-05T12:56:00+05:30,cty_c07454f1,,manual,1,active,2026-04-28T10:00:00+05:30,2026-08-18T10:00:00+05:30
exp_847b5a58,trp_6d961db4,usr_fd8f7b49,accommodation,Museum tickets,5420.09,INR,5420.09,INR,2026-08-01,2026-07-20T10:35:00+05:30,cty_7f673457,,manual,0,active,2026-06-08T10:00:00+05:30,2026-08-18T10:00:00+05:30
exp_cc4a6ada,trp_64030cdd,usr_e10845c8,activities,Two nights,350.03,INR,350.03,INR,2026-08-01,2026-07-17T11:20:00+05:30,cty_c43cfa94,,manual,0,active,2026-06-16T10:00:00+05:30,2026-08-18T10:00:00+05:30
exp_4b1d02a9,trp_c6136493,usr_22a5c239,accommodation,Auto to the fort,9185.70,INR,9185.70,INR,2026-09-24,2026-09-22T18:21:00+05:30,cty_cfec17b6,,manual,1,active,2026-06-08T10:00:00+05:30,2026-08-18T10:00:00+05:30
exp_767362ae,trp_ecb44c64,usr_b2323a23,food,Souvenirs,792.11,INR,792.11,INR,2026-08-01,2026-07-17T17:33:00+05:30,cty_67ee7f6f,,manual,1,active,2026-06-29T10:00:00+05:30,2026-08-18T10:00:00+05:30
exp_cd35f68a,trp_d128a566,usr_e1d938d9,fees,Two nights,357.92,INR,357.92,INR,2026-10-24,2026-10-27T17:43:00+05:30,cty_43d0a650,,manual,1,active,2026-05-25T10:00:00+05:30,2026-08-18T10:00:00+05:30
exp_e3a422db,trp_740a0028,usr_651a4d17,fees,Auto to the fort,319.12,INR,319.12,INR,2026-08-01,2026-07-25T17:37:00+05:30,cty_f29656ff,,import,1,active,2026-08-09T10:00:00+05:30,2026-08-18T10:00:00+05:30
exp_81e039ae,trp_01716435,usr_5e4aa2d9,food,Souvenirs,1238.86,INR,1238.86,INR,2026-08-19,2026-08-17T08:14:00+05:30,cty_8fc1539e,,manual,1,active,2026-06-01T10:00:00+05:30,2026-08-18T10:00:00+05:30
exp_acf7e338,trp_91d592b2,usr_8d937b9e,food,Souvenirs,1602.33,INR,1602.33,INR,2026-11-17,2026-12-04T09:56:00+05:30,cty_10cbee86,,nl_text,1,active,2026-07-15T10:00:00+05:30,2026-08-18T10:00:00+05:30
exp_e907e29a,trp_7a5e7bd8,usr_e94f06ca,transport,Guide tip,452.96,INR,452.96,INR,2026-08-01,2026-07-11T10:03:00+05:30,cty_f8b75f8e,,manual,0,active,2026-08-12T10:00:00+05:30,2026-08-18T10:00:00+05:30
exp_20004f1f,trp_25a53353,usr_24e54a31,accommodation,Souvenirs,4064.06,THB,4064.06,INR,2026-08-01,2026-07-17T07:36:00+05:30,cty_a5f16904,,manual,1,active,2026-07-13T10:00:00+05:30,2026-08-18T10:00:00+05:30
exp_4250cad0,trp_f4115fa9,usr_22a9ab26,transport,Museum tickets,1053.10,INR,1053.10,INR,2026-09-18,2026-09-21T07:42:00+05:30,cty_0b7f5985,,manual,0,active,2026-07-10T10:00:00+05:30,2026-08-18T10:00:00+05:30
exp_1f47af21,trp_13a7ffcc,usr_701b0010,transport,Museum tickets,1103.56,INR,1103.56,INR,2026-11-17,2026-12-03T11:41:00+05:30,cty_95e7c8ca,,nl_text,1,active,2026-07-21T10:00:00+05:30,2026-08-18T10:00:00+05:30
exp_05f79df9,trp_e086bae2,usr_4d8f3b3a,food,Auto to the fort,2836.93,JPY,2836.93,INR,2026-08-01,2026-06-20T18:11:00+05:30,cty_51a149b7,,manual,0,active,2026-07-19T10:00:00+05:30,2026-08-18T10:00:00+05:30
exp_8ec4b6f1,trp_95715c8a,usr_0dc99bd5,transport,Laundry,678.45,INR,678.45,INR,2026-08-01,2026-05-23T19:09:00+05:30,cty_f29656ff,,nl_text,1,active,2026-08-17T10:00:00+05:30,2026-08-18T10:00:00+05:30
exp_b66f95ba,trp_9fcf6ecc,usr_f48b4353,accommodation,Laundry,8094.20,INR,8094.20,INR,2026-11-05,2026-11-04T11:39:00+05:30,cty_590d4b7b,,manual,1,active,2026-06-01T10:00:00+05:30,2026-08-18T10:00:00+05:30
exp_b082f84e,trp_634a2f2f,usr_91afdeed,transport,Auto to the fort,2323.57,INR,2323.57,INR,2026-11-11,2026-11-13T18:28:00+05:30,cty_ccb4fb74,,manual,0,active,2026-06-28T10:00:00+05:30,2026-08-18T10:00:00+05:30
exp_e39fddc4,trp_fd4e6af3,usr_52de2228,shopping,Two nights,1429.61,INR,283324.04,IDR,2026-11-17,2026-11-30T16:51:00+05:30,cty_0d9ab6ff,,manual,1,active,2026-08-07T10:00:00+05:30,2026-08-18T10:00:00+05:30
exp_cb0ce079,trp_4be0ba46,usr_1501196b,shopping,Dinner,1482.22,BTN,1482.22,BTN,2026-09-18,2026-09-21T17:55:00+05:30,cty_cfec17b6,,nl_text,0,active,2026-07-30T10:00:00+05:30,2026-08-18T10:00:00+05:30
exp_e93b2d8a,trp_f0bbd941,usr_58d2b52f,activities,Souvenirs,625.33,INR,625.33,INR,2026-08-01,2026-07-23T15:17:00+05:30,cty_10cbee86,,manual,1,active,2026-07-01T10:00:00+05:30,2026-08-18T10:00:00+05:30
exp_c070b127,trp_074ec52a,usr_ee6409a7,food,Auto to the fort,1359.89,INR,1359.89,INR,2026-09-12,2026-09-10T14:14:00+05:30,cty_5d572c8a,,manual,0,active,2026-05-02T10:00:00+05:30,2026-08-18T10:00:00+05:30
exp_158e7838,trp_c31653d2,usr_ab49979e,accommodation,Souvenirs,2523.34,INR,2523.34,INR,2026-08-25,2026-08-28T19:41:00+05:30,,,manual,1,active,2026-04-20T10:00:00+05:30,2026-08-18T10:00:00+05:30
exp_07a1f81a,trp_45ab4600,usr_541840e2,food,Dinner,1490.14,INR,1490.14,INR,2026-10-06,2026-10-08T15:41:00+05:30,cty_621f4a84,,manual,0,active,2026-05-23T10:00:00+05:30,2026-08-18T10:00:00+05:30
exp_bfd88d50,trp_493ac8fc,usr_540d307a,activities,Coffee and snacks,568.84,INR,925.92,NPR,2026-11-11,2026-11-14T19:52:00+05:30,cty_7f673457,,manual,1,active,2026-05-06T10:00:00+05:30,2026-08-18T10:00:00+05:30
exp_a54df6cc,trp_3ebf9280,usr_beeb010f,accommodation,Museum tickets,3749.24,INR,39.60,CHF,2026-09-24,2026-09-27T15:53:00+05:30,cty_c07454f1,,manual,1,active,2026-06-15T10:00:00+05:30,2026-08-18T10:00:00+05:30
exp_9c3cfbcd,trp_4360e4bd,usr_0c1ce238,accommodation,Boat ride,2065.18,INR,2065.18,INR,2026-09-06,2026-09-09T12:13:00+05:30,cty_34bbfdfe,,manual,0,active,2026-04-04T10:00:00+05:30,2026-08-18T10:00:00+05:30
exp_d28d1a59,trp_2fee6106,usr_dcf3a4ae,accommodation,Coffee and snacks,6182.45,INR,6182.45,INR,2026-11-17,2026-12-06T11:39:00+05:30,cty_79cbc59b,,nl_text,0,active,2026-06-26T10:00:00+05:30,2026-08-18T10:00:00+05:30
exp_8e0e5533,trp_c0c1da94,usr_2aa556d6,fees,Laundry,582.11,INR,582.11,INR,2026-10-12,2026-10-11T18:46:00+05:30,cty_95e7c8ca,,manual,0,active,2026-04-11T10:00:00+05:30,2026-08-18T10:00:00+05:30
exp_a92ed310,trp_773ff3c5,usr_14c738e0,accommodation,Airport taxi,2674.99,INR,2674.99,INR,2026-09-30,2026-10-02T09:07:00+05:30,cty_c97e6cd5,,manual,0,active,2026-08-16T10:00:00+05:30,2026-08-18T10:00:00+05:30
exp_407c587d,trp_9e0e3864,usr_bc9d20fa,accommodation,Two nights,4982.39,INR,4982.39,INR,2026-08-01,2026-06-28T22:39:00+05:30,cty_a97c33ad,,nl_text,1,active,2026-07-22T10:00:00+05:30,2026-08-18T10:00:00+05:30
exp_9939bf38,trp_64726e5f,usr_f9060fbb,transport,Museum tickets,1734.30,INR,1734.30,INR,2026-09-24,2026-09-25T13:08:00+05:30,cty_d4f5e3a5,,manual,0,active,2026-08-12T10:00:00+05:30,2026-08-18T10:00:00+05:30
exp_a0239d25,trp_8e052cdf,usr_74ed32ff,accommodation,Museum tickets,4103.62,INR,4103.62,INR,2026-08-01,2026-05-12T22:36:00+05:30,cty_c43cfa94,,import,0,active,2026-04-26T10:00:00+05:30,2026-08-18T10:00:00+05:30
exp_c4f5ef3b,trp_897d9724,usr_8af9206e,food,Museum tickets,436.32,INR,436.32,INR,2026-08-01,2026-07-18T22:53:00+05:30,cty_5d572c8a,,manual,1,active,2026-04-02T10:00:00+05:30,2026-08-18T10:00:00+05:30
exp_9f949bcc,trp_1aeefd3e,usr_55a04c8d,food,Guide tip,1354.68,INR,1354.68,INR,2026-10-24,2026-10-23T16:42:00+05:30,cty_cf1c6ac5,,nl_text,1,active,2026-05-08T10:00:00+05:30,2026-08-18T10:00:00+05:30
exp_fc63223b,trp_3faed012,usr_6bf6f0c2,accommodation,Two nights,7433.07,INR,7433.07,INR,2026-08-13,2026-08-14T16:38:00+05:30,cty_7cb0b529,rcp_6e8e02e7,ocr,0,active,2026-04-01T10:00:00+05:30,2026-08-18T10:00:00+05:30
exp_b488d2f6,trp_bacdeb91,usr_b6d5d98c,accommodation,Museum tickets,9218.82,INR,9218.82,INR,2026-08-01,2026-06-23T13:53:00+05:30,,,manual,0,active,2026-07-18T10:00:00+05:30,2026-08-18T10:00:00+05:30
exp_c976f03f,trp_d1b2a8eb,usr_108e6f0f,food,Dinner,389.25,INR,389.25,INR,2026-11-17,2026-11-27T15:35:00+05:30,cty_a5f16904,,manual,0,active,2026-03-27T10:00:00+05:30,2026-08-18T10:00:00+05:30
exp_911cb0ca,trp_92aba9c1,usr_dce3bc90,transport,Auto to the fort,773.25,INR,773.25,INR,2026-11-17,2026-11-29T14:47:00+05:30,cty_caf3c1ee,,manual,0,active,2026-04-14T10:00:00+05:30,2026-08-18T10:00:00+05:30
exp_9eb4c622,trp_44abe323,usr_e60873aa,accommodation,Guide tip,1938.82,INR,1938.82,INR,2026-08-01,2026-05-29T13:17:00+05:30,cty_f29656ff,,import,0,active,2026-05-31T10:00:00+05:30,2026-08-18T10:00:00+05:30
exp_80a9ecc8,trp_4e648420,usr_dc1bd238,shopping,Guide tip,1559.91,INR,1559.91,INR,2026-08-13,2026-08-16T17:13:00+05:30,cty_b43cdd57,,nl_text,1,active,2026-05-13T10:00:00+05:30,2026-08-18T10:00:00+05:30
exp_5d86162d,trp_c81c4b8e,usr_9694b4a3,fees,Auto to the fort,406.19,INR,406.19,INR,2026-08-01,2026-06-28T12:37:00+05:30,cty_ab50efee,,manual,1,active,2026-06-09T10:00:00+05:30,2026-08-18T10:00:00+05:30
exp_90149b30,trp_194fb6db,usr_d1a44892,transport,Boat ride,1594.79,INR,1594.79,INR,2026-08-01,2026-05-20T17:59:00+05:30,cty_c9f34ba7,,nl_text,0,active,2026-05-31T10:00:00+05:30,2026-08-18T10:00:00+05:30
exp_6417955c,trp_edc2177c,usr_68f38693,food,Boat ride,1045.78,INR,1045.78,INR,2026-08-01,2026-06-21T10:05:00+05:30,cty_0d062a51,,manual,0,active,2026-08-10T10:00:00+05:30,2026-08-18T10:00:00+05:30
exp_fa0b4c69,trp_ddc1ac3a,usr_969a0636,activities,Souvenirs,1332.37,INR,1332.37,INR,2026-08-01,2026-05-11T19:09:00+05:30,cty_5d572c8a,,manual,0,active,2026-08-09T10:00:00+05:30,2026-08-18T10:00:00+05:30
exp_96a808b5,trp_e469328d,usr_d8cab59f,food,Souvenirs,934.80,INR,178537.18,IDR,2026-08-01,2026-07-10T20:14:00+05:30,cty_c07454f1,,manual,0,active,2026-04-03T10:00:00+05:30,2026-08-18T10:00:00+05:30
exp_1e2e0378,trp_b61bda4b,usr_7f6e49de,food,Two nights,1081.82,INR,1081.82,INR,2026-09-12,2026-09-15T09:01:00+05:30,cty_ab50efee,,manual,0,active,2026-07-21T10:00:00+05:30,2026-08-18T10:00:00+05:30
exp_32a10629,trp_7f4c80ca,usr_3ccdc15e,transport,Dinner,742.15,INR,742.15,INR,2026-08-01,2026-06-08T18:51:00+05:30,cty_d4f5e3a5,,nl_text,0,active,2026-06-29T10:00:00+05:30,2026-08-18T10:00:00+05:30
exp_5dac0c4a,trp_d0565c09,usr_3e25dcc6,activities,Two nights,262.42,THB,262.42,INR,2026-10-06,2026-10-07T15:01:00+05:30,cty_a5f16904,,manual,1,active,2026-08-01T10:00:00+05:30,2026-08-18T10:00:00+05:30
exp_9430ccd2,trp_81b0e4f1,usr_e2490a9e,transport,Auto to the fort,1907.45,INR,1907.45,INR,2026-08-13,2026-08-13T12:43:00+05:30,cty_7f673457,,manual,1,active,2026-04-19T10:00:00+05:30,2026-08-18T10:00:00+05:30
exp_009bbf1c,trp_0512bf41,usr_8e272905,transport,Laundry,1596.55,INR,1596.55,INR,2026-09-06,2026-09-04T16:47:00+05:30,cty_cf1c6ac5,,import,0,active,2026-05-06T10:00:00+05:30,2026-08-18T10:00:00+05:30
exp_121a5239,trp_96471330,usr_243cefe8,transport,Auto to the fort,19.29,CHF,19.29,INR,2026-11-17,2026-11-30T22:29:00+05:30,cty_0b7f5985,,manual,0,active,2026-07-09T10:00:00+05:30,2026-08-18T10:00:00+05:30
exp_baa7b991,trp_fe3977e6,usr_2da5bb04,transport,Guide tip,1907.57,INR,3458.98,JPY,2026-09-06,2026-09-07T13:20:00+05:30,cty_f29656ff,,nl_text,0,active,2026-05-16T10:00:00+05:30,2026-08-18T10:00:00+05:30
exp_8cc51133,trp_994c9a51,usr_6be041f5,food,Auto to the fort,914.36,INR,3181.91,LKR,2026-08-01,2026-06-02T14:58:00+05:30,cty_cf1c6ac5,,manual,0,active,2026-06-26T10:00:00+05:30,2026-08-18T10:00:00+05:30
exp_e398df85,trp_e16227b5,usr_d1c73fb8,accommodation,Dinner,6407.05,INR,6407.05,INR,2026-10-18,2026-10-17T13:26:00+05:30,cty_b43cdd57,,manual,1,active,2026-07-22T10:00:00+05:30,2026-08-18T10:00:00+05:30
exp_1dfe3683,trp_71d9ea27,usr_0a31df91,transport,Boat ride,1959.58,INR,1959.58,INR,2026-08-31,2026-09-03T12:44:00+05:30,cty_67ee7f6f,,manual,0,active,2026-07-05T10:00:00+05:30,2026-08-18T10:00:00+05:30
exp_c2ccafa5,trp_4a2eb05b,usr_99adb626,shopping,Coffee and snacks,4749.33,NPR,4749.33,INR,2026-08-07,2026-08-06T12:58:00+05:30,cty_c0f2d9de,,nl_text,1,active,2026-03-28T10:00:00+05:30,2026-08-18T10:00:00+05:30
exp_1d6af07b,trp_feb381e2,usr_7f6d27fe,transport,Two nights,2307.72,INR,2307.72,INR,2026-10-12,2026-10-10T10:43:00+05:30,cty_d4f5e3a5,,nl_text,0,active,2026-07-25T10:00:00+05:30,2026-08-18T10:00:00+05:30
exp_ef4ac15c,trp_11c3f9e5,usr_afacd025,accommodation,Airport taxi,5746.68,INR,19998.05,LKR,2026-08-01,2026-05-14T14:42:00+05:30,cty_a97c33ad,,manual,0,active,2026-04-21T10:00:00+05:30,2026-08-18T10:00:00+05:30
exp_61bcb286,trp_fefb6d73,usr_4b9412c5,transport,Airport taxi,1567.31,INR,1567.31,INR,2026-08-07,2026-08-09T17:30:00+05:30,cty_0d9ab6ff,,manual,0,active,2026-08-11T10:00:00+05:30,2026-08-18T10:00:00+05:30
exp_bfbd6e1d,trp_098ba70a,usr_e459a18c,food,Auto to the fort,978.48,INR,978.48,INR,2026-11-17,2026-12-13T19:06:00+05:30,cty_34bbfdfe,,manual,1,active,2026-04-24T10:00:00+05:30,2026-08-18T10:00:00+05:30
exp_5d1beaa1,trp_7a22e52a,usr_0551c67a,food,Laundry,838.92,INR,838.92,INR,2026-11-17,2026-11-25T16:18:00+05:30,cty_541018a9,rcp_da84d327,ocr,0,active,2026-07-28T10:00:00+05:30,2026-08-18T10:00:00+05:30
exp_feb735e5,trp_22fafc52,usr_ddfa0cd0,activities,Souvenirs,1202.04,INR,4183.02,LKR,2026-08-01,2026-05-29T19:49:00+05:30,cty_ccb4fb74,,manual,0,active,2026-06-07T10:00:00+05:30,2026-08-18T10:00:00+05:30
exp_1eaee91d,trp_96471330,usr_243cefe8,accommodation,Coffee and snacks,42.72,CHF,42.72,INR,2026-11-17,2026-11-30T10:50:00+05:30,cty_0b7f5985,,manual,0,active,2026-04-02T10:00:00+05:30,2026-08-18T10:00:00+05:30
exp_9dcd37b7,trp_2f814928,usr_2b7e8931,food,Auto to the fort,1153.20,INR,1153.20,INR,2026-11-11,2026-11-10T15:11:00+05:30,cty_8b6b1652,,manual,1,active,2026-05-06T10:00:00+05:30,2026-08-18T10:00:00+05:30
exp_b3a37ea1,trp_be19b00c,usr_c25e06d9,accommodation,Laundry,1931.29,INR,1931.29,INR,2026-11-05,2026-11-08T12:23:00+05:30,cty_b6ccbb3b,,import,1,active,2026-04-13T10:00:00+05:30,2026-08-18T10:00:00+05:30
exp_865f615b,trp_5b0721fc,usr_d1c73fb8,accommodation,Two nights,6997.71,INR,6997.71,INR,2026-08-01,2026-08-03T15:33:00+05:30,cty_9aa02925,,nl_text,0,active,2026-06-24T10:00:00+05:30,2026-08-18T10:00:00+05:30
exp_d3f2d298,trp_924dd4a3,usr_aef2d4f6,food,Souvenirs,21.73,SGD,21.73,SGD,2026-11-05,2026-11-06T21:20:00+05:30,cty_9327d518,,nl_text,0,active,2026-04-06T10:00:00+05:30,2026-08-18T10:00:00+05:30
exp_9d4444e7,trp_9de9979d,usr_4f4d8587,accommodation,Guide tip,67.45,CHF,67.45,INR,2026-08-01,2026-08-02T12:07:00+05:30,cty_0b7f5985,rcp_7838979e,ocr,0,active,2026-06-18T10:00:00+05:30,2026-08-18T10:00:00+05:30
exp_9316f74e,trp_a41af335,usr_dcc95fd2,food,Airport taxi,291.21,INR,291.21,INR,2026-08-01,2026-05-22T13:34:00+05:30,cty_718f03c7,,manual,1,active,2026-05-16T10:00:00+05:30,2026-08-18T10:00:00+05:30
exp_01982d8a,trp_929cc01b,usr_df582802,accommodation,Guide tip,1437.74,MVR,1437.74,INR,2026-11-05,2026-11-08T13:30:00+05:30,cty_9aa02925,,manual,1,active,2026-03-30T10:00:00+05:30,2026-08-18T10:00:00+05:30
exp_a4b0609a,trp_962e90a6,usr_ab2353de,transport,Auto to the fort,2255.64,INR,2255.64,INR,2026-08-25,2026-08-28T10:10:00+05:30,cty_bbb31d67,,import,0,active,2026-05-11T10:00:00+05:30,2026-08-18T10:00:00+05:30
exp_4f91ac7c,trp_d10b37ba,usr_51247360,food,Boat ride,473.76,INR,473.76,INR,2026-10-06,2026-10-08T11:06:00+05:30,cty_cfec17b6,,manual,1,active,2026-03-25T10:00:00+05:30,2026-08-18T10:00:00+05:30
exp_f59d9032,trp_67af61b6,usr_d3acd59c,accommodation,Guide tip,7758.45,INR,7758.45,INR,2026-08-31,2026-08-29T21:10:00+05:30,cty_ccb4fb74,,nl_text,0,active,2026-04-06T10:00:00+05:30,2026-08-18T10:00:00+05:30
exp_1e46de03,trp_12961d3c,usr_81ed406f,accommodation,Airport taxi,9716.13,INR,9716.13,INR,2026-10-06,2026-10-06T11:01:00+05:30,cty_ccb4fb74,,nl_text,0,active,2026-08-02T10:00:00+05:30,2026-08-18T10:00:00+05:30
exp_cd465a39,trp_ebe52e65,usr_f52d271a,transport,Laundry,644.70,INR,644.70,INR,2026-08-01,2026-07-24T21:28:00+05:30,cty_621f4a84,,manual,0,active,2026-06-20T10:00:00+05:30,2026-08-18T10:00:00+05:30
exp_f01cf415,trp_ba83403f,usr_cabd8a19,activities,Dinner,357.11,INR,357.11,INR,2026-11-05,2026-11-05T13:35:00+05:30,cty_541018a9,,manual,1,active,2026-07-22T10:00:00+05:30,2026-08-18T10:00:00+05:30
exp_f3b741eb,trp_12961d3c,usr_dc032205,accommodation,Boat ride,5732.83,INR,5732.83,INR,2026-10-06,2026-10-06T22:57:00+05:30,cty_ccb4fb74,,manual,1,active,2026-06-18T10:00:00+05:30,2026-08-18T10:00:00+05:30
exp_85eb691b,trp_6c9581df,usr_712600f0,food,Auto to the fort,1366.63,INR,1366.63,INR,2026-08-01,2026-07-01T14:30:00+05:30,cty_7b89639e,,manual,1,active,2026-06-11T10:00:00+05:30,2026-08-18T10:00:00+05:30
exp_0ac32c87,trp_b18bf78b,usr_d245dd5d,misc,Airport taxi,917.65,INR,917.65,INR,2026-11-17,2026-12-01T15:10:00+05:30,cty_905fd8a1,,manual,0,active,2026-05-06T10:00:00+05:30,2026-08-18T10:00:00+05:30
exp_eff3542e,trp_84855866,usr_9473419d,accommodation,Auto to the fort,3299.58,INR,3299.58,INR,2026-08-25,2026-08-28T20:26:00+05:30,cty_17b8ef2f,,manual,0,active,2026-04-28T10:00:00+05:30,2026-08-18T10:00:00+05:30
exp_830ec592,trp_ba83403f,usr_9e65154f,activities,Coffee and snacks,435.65,INR,435.65,INR,2026-11-05,2026-11-03T17:25:00+05:30,,,manual,1,active,2026-06-19T10:00:00+05:30,2026-08-18T10:00:00+05:30
exp_92a8830b,trp_0cf04e06,usr_9cb9eedc,activities,Two nights,975.13,INR,975.13,INR,2026-10-24,2026-10-27T10:42:00+05:30,cty_67ee7f6f,rcp_7c0bedce,ocr,1,active,2026-07-04T10:00:00+05:30,2026-08-18T10:00:00+05:30
exp_fc6e76d6,trp_e19281ce,usr_ea41e115,food,Boat ride,1019.86,INR,1019.86,INR,2026-08-19,2026-08-18T16:45:00+05:30,,,manual,0,active,2026-04-19T10:00:00+05:30,2026-08-18T10:00:00+05:30
exp_a5e9cfa7,trp_63451510,usr_44604a9d,transport,Boat ride,921.97,INR,921.97,INR,2026-11-17,2026-11-26T18:54:00+05:30,cty_8fc1539e,,nl_text,1,active,2026-08-09T10:00:00+05:30,2026-08-18T10:00:00+05:30
exp_1adb9a5e,trp_223d5f10,usr_28c5ee24,transport,Museum tickets,7514.72,LKR,7514.72,LKR,2026-09-18,2026-09-18T15:16:00+05:30,cty_95d040d8,,manual,0,active,2026-04-16T10:00:00+05:30,2026-08-18T10:00:00+05:30
exp_91d25e74,trp_194fb6db,usr_d1a44892,accommodation,Dinner,7048.90,INR,7048.90,INR,2026-08-01,2026-05-22T12:59:00+05:30,cty_c9f34ba7,,import,0,active,2026-04-15T10:00:00+05:30,2026-08-18T10:00:00+05:30
exp_579e886b,trp_d4204375,usr_e10845c8,misc,Airport taxi,999.93,INR,999.93,INR,2026-08-07,2026-08-10T15:20:00+05:30,cty_7be8559f,,import,0,active,2026-04-28T10:00:00+05:30,2026-08-18T10:00:00+05:30
exp_1c280455,trp_73adc9df,usr_1dd8f348,transport,Airport taxi,1715.00,INR,1715.00,INR,2026-08-01,2026-05-27T18:13:00+05:30,cty_36afaa5c,,manual,0,active,2026-04-26T10:00:00+05:30,2026-08-18T10:00:00+05:30
exp_1a9f0612,trp_c0c1da94,usr_2aa556d6,shopping,Laundry,2452.21,INR,2452.21,INR,2026-10-12,2026-10-10T12:27:00+05:30,cty_95e7c8ca,,manual,0,active,2026-05-07T10:00:00+05:30,2026-08-18T10:00:00+05:30
exp_4bffe579,trp_6d082956,usr_de458aa5,accommodation,Coffee and snacks,5531.55,BTN,297.13,MYR,2026-08-01,2026-05-26T19:59:00+05:30,cty_79cbc59b,,manual,0,active,2026-06-10T10:00:00+05:30,2026-08-18T10:00:00+05:30
exp_9b769e9a,trp_d8f6113f,usr_a3f4f2d9,transport,Airport taxi,1174.03,INR,51.11,AED,2026-08-01,2026-05-28T09:06:00+05:30,cty_f8b75f8e,,nl_text,1,active,2026-08-01T10:00:00+05:30,2026-08-18T10:00:00+05:30
exp_750cbf9e,trp_c403d6fa,usr_ce9ee3ae,misc,Coffee and snacks,673.93,INR,6.99,CHF,2026-08-01,2026-06-24T07:19:00+05:30,cty_34bbfdfe,,manual,0,active,2026-06-12T10:00:00+05:30,2026-08-18T10:00:00+05:30
exp_3af9bd34,trp_7156f558,usr_508f15f0,accommodation,Coffee and snacks,98.24,AED,98.24,AED,2026-11-17,2026-11-25T17:54:00+05:30,cty_c0f2d9de,,manual,0,active,2026-08-11T10:00:00+05:30,2026-08-18T10:00:00+05:30
exp_4c967806,trp_22fafc52,usr_ddfa0cd0,food,Laundry,492.31,INR,1713.21,LKR,2026-08-01,2026-05-24T10:29:00+05:30,,rcp_f73c54e4,ocr,1,active,2026-05-08T10:00:00+05:30,2026-08-18T10:00:00+05:30
exp_bf16a5d1,trp_aebbbd34,usr_8eb4e3e7,food,Two nights,327.38,THB,327.38,INR,2026-10-30,2026-10-29T18:31:00+05:30,cty_a5f16904,,manual,0,active,2026-06-04T10:00:00+05:30,2026-08-18T10:00:00+05:30
exp_4a0adb50,trp_c6136493,usr_9473419d,accommodation,Museum tickets,2634.32,INR,2634.32,INR,2026-09-24,2026-09-24T19:04:00+05:30,cty_cfec17b6,,manual,0,active,2026-08-13T10:00:00+05:30,2026-08-18T10:00:00+05:30
exp_98298fdc,trp_6b90fe6a,usr_2136e1fa,activities,Laundry,431.98,INR,18.81,AED,2026-08-01,2026-05-23T18:21:00+05:30,cty_828a7777,,manual,1,active,2026-07-19T10:00:00+05:30,2026-08-18T10:00:00+05:30
exp_866b2912,trp_be19b00c,usr_b0226153,transport,Auto to the fort,1276.66,INR,1276.66,INR,2026-11-05,2026-11-07T21:52:00+05:30,cty_b6ccbb3b,,nl_text,0,active,2026-07-13T10:00:00+05:30,2026-08-18T10:00:00+05:30
exp_cca72dc9,trp_f9407f9b,usr_98a69060,food,Laundry,695.76,INR,695.76,INR,2026-08-01,2026-05-12T21:29:00+05:30,cty_34bbfdfe,,manual,0,active,2026-04-28T10:00:00+05:30,2026-08-18T10:00:00+05:30
exp_b62f6a06,trp_5843b90d,usr_d7d11d69,misc,Museum tickets,363.37,INR,363.37,INR,2026-09-12,2026-09-12T10:01:00+05:30,cty_5d572c8a,,import,0,active,2026-08-17T10:00:00+05:30,2026-08-18T10:00:00+05:30
exp_bd8efa3d,trp_3901f712,usr_ce2e54f4,transport,Auto to the fort,912.90,INR,912.90,INR,2026-11-17,2026-11-15T11:25:00+05:30,cty_f8b75f8e,,manual,0,active,2026-04-27T10:00:00+05:30,2026-08-18T10:00:00+05:30
exp_f54085f9,trp_45ab4600,usr_541840e2,activities,Boat ride,1077.46,INR,1077.46,INR,2026-10-06,2026-10-06T13:37:00+05:30,,,manual,1,active,2026-04-04T10:00:00+05:30,2026-08-18T10:00:00+05:30
exp_92fe12c6,trp_71d9ea27,usr_0a31df91,fees,Guide tip,178.28,INR,178.28,INR,2026-09-06,2026-09-07T20:30:00+05:30,cty_67ee7f6f,,manual,1,active,2026-06-28T10:00:00+05:30,2026-08-18T10:00:00+05:30
exp_8a6a028e,trp_6c80cfa7,usr_bedf358a,accommodation,Laundry,3430.61,INR,3430.61,INR,2026-08-01,2026-06-12T14:09:00+05:30,cty_0d9ab6ff,,manual,0,active,2026-04-07T10:00:00+05:30,2026-08-18T10:00:00+05:30
exp_e787406f,trp_09f90a77,usr_6e6d6fef,food,Museum tickets,1324.65,INR,1324.65,INR,2026-11-11,2026-11-14T12:40:00+05:30,cty_95d040d8,,manual,1,active,2026-04-28T10:00:00+05:30,2026-08-18T10:00:00+05:30
exp_4eb88073,trp_1c6b709c,usr_2433031a,accommodation,Two nights,3703.63,NPR,102.10,AED,2026-08-01,2026-07-24T14:56:00+05:30,cty_95d040d8,,import,0,active,2026-07-06T10:00:00+05:30,2026-08-18T10:00:00+05:30
exp_f726f0b6,trp_bf65331c,usr_32f091df,shopping,Auto to the fort,122.91,MYR,122.91,INR,2026-08-01,2026-07-29T18:40:00+05:30,cty_c9f34ba7,,manual,1,active,2026-06-12T10:00:00+05:30,2026-08-18T10:00:00+05:30
exp_1bc9b2d5,trp_0c34e3f4,usr_b829ab46,accommodation,Two nights,3142.92,INR,3142.92,INR,2026-08-01,2026-06-14T14:16:00+05:30,cty_c07454f1,,manual,1,active,2026-07-10T10:00:00+05:30,2026-08-18T10:00:00+05:30
exp_35aeef84,trp_87c1afde,usr_7fc93a76,misc,Museum tickets,16.97,AED,16.97,INR,2026-09-12,2026-09-13T22:43:00+05:30,cty_1ced6ede,,manual,0,active,2026-03-23T10:00:00+05:30,2026-08-18T10:00:00+05:30
exp_88f6b48e,trp_03ebe095,usr_0389057b,food,Museum tickets,757.02,INR,757.02,INR,2026-08-01,2026-07-18T19:54:00+05:30,cty_9327d518,,nl_text,0,active,2026-07-11T10:00:00+05:30,2026-08-18T10:00:00+05:30
exp_1d471672,trp_e72a3a42,usr_8a133f67,transport,Guide tip,1231.12,INR,1231.12,INR,2026-08-01,2026-05-17T22:40:00+05:30,cty_f288c6a0,,manual,0,active,2026-03-22T10:00:00+05:30,2026-08-18T10:00:00+05:30
exp_75d8de38,trp_4be0ba46,usr_1501196b,transport,Boat ride,1621.75,INR,1634.73,BTN,2026-09-18,2026-09-21T18:54:00+05:30,cty_cfec17b6,,import,1,active,2026-04-11T10:00:00+05:30,2026-08-18T10:00:00+05:30
exp_01d106aa,trp_cfff63af,usr_b86dd891,accommodation,Museum tickets,3174.50,INR,3174.50,INR,2026-08-01,2026-08-01T09:58:00+05:30,cty_79cbc59b,,manual,1,active,2026-04-30T10:00:00+05:30,2026-08-18T10:00:00+05:30
exp_62813121,trp_4b2dcdb7,usr_9d604e2e,transport,Souvenirs,2253.56,INR,2253.56,INR,2026-08-01,2026-07-08T19:36:00+05:30,cty_c43cfa94,,manual,0,active,2026-04-30T10:00:00+05:30,2026-08-18T10:00:00+05:30
exp_d964ae65,trp_c4b22e96,usr_5f1e6e1c,accommodation,Airport taxi,12361.43,JPY,12361.43,INR,2026-08-13,2026-08-12T09:18:00+05:30,cty_51a149b7,,manual,1,active,2026-07-21T10:00:00+05:30,2026-08-18T10:00:00+05:30
exp_0895e5cc,trp_a00e9d0f,usr_749f5098,transport,Souvenirs,847.95,INR,169266.16,IDR,2026-11-11,2026-11-09T16:29:00+05:30,cty_aa759717,,manual,0,active,2026-07-01T10:00:00+05:30,2026-08-18T10:00:00+05:30
exp_2ca12977,trp_08207645,usr_7b318031,food,Laundry,306.98,BTN,306.98,BTN,2026-11-17,2026-12-02T22:48:00+05:30,cty_32e8e65c,,nl_text,1,active,2026-07-27T10:00:00+05:30,2026-08-18T10:00:00+05:30
exp_3f64fcfd,trp_3eae7fcb,usr_ca6dc019,misc,Boat ride,901.35,INR,901.35,INR,2026-08-01,2026-06-13T16:30:00+05:30,cty_a50bc5dd,,manual,0,active,2026-05-27T10:00:00+05:30,2026-08-18T10:00:00+05:30
exp_a6f3a4f5,trp_574e5595,usr_05d0be25,shopping,Dinner,112.11,AED,112.11,INR,2026-08-01,2026-05-10T08:38:00+05:30,cty_1ced6ede,,manual,0,active,2026-06-07T10:00:00+05:30,2026-08-18T10:00:00+05:30
exp_b8808b9f,trp_2974df6f,usr_c8025f92,accommodation,Two nights,14059.60,JPY,12338.73,NPR,2026-10-30,2026-11-01T20:16:00+05:30,cty_51a149b7,,manual,0,active,2026-04-13T10:00:00+05:30,2026-08-18T10:00:00+05:30
exp_2d9b43c6,trp_e53d9a08,usr_9c28ee85,transport,Two nights,1857.99,INR,1857.99,INR,2026-11-17,2026-12-11T17:56:00+05:30,cty_d4f5e3a5,,manual,1,active,2026-07-07T10:00:00+05:30,2026-08-18T10:00:00+05:30
exp_a7629db8,trp_67de89e5,usr_9de6bd6d,misc,Airport taxi,544.36,INR,544.36,INR,2026-08-01,2026-07-26T19:34:00+05:30,cty_7be8559f,,manual,1,active,2026-05-25T10:00:00+05:30,2026-08-18T10:00:00+05:30
exp_1510903e,trp_8500bc75,usr_d504f21d,food,Airport taxi,67.86,QAR,67.86,INR,2026-11-11,2026-11-13T21:49:00+05:30,cty_6320eea9,,manual,0,active,2026-04-29T10:00:00+05:30,2026-08-18T10:00:00+05:30
exp_608f43fb,trp_2fee6106,usr_dcf3a4ae,activities,Guide tip,718.84,BTN,718.84,INR,2026-11-17,2026-12-06T22:03:00+05:30,cty_79cbc59b,,nl_text,1,active,2026-04-02T10:00:00+05:30,2026-08-18T10:00:00+05:30
exp_e378f219,trp_1dd09ed0,usr_fedbd227,food,Auto to the fort,1259.68,INR,1259.68,INR,2026-08-01,2026-07-24T10:07:00+05:30,cty_b6ccbb3b,,import,0,active,2026-06-18T10:00:00+05:30,2026-08-18T10:00:00+05:30
exp_0fb2e3c5,trp_924dd4a3,usr_2109396c,transport,Laundry,15.09,SGD,15.09,SGD,2026-11-05,2026-11-04T17:19:00+05:30,,,nl_text,1,active,2026-06-07T10:00:00+05:30,2026-08-18T10:00:00+05:30
exp_1827acb2,trp_d8f6113f,usr_a3f4f2d9,transport,Dinner,957.63,INR,41.69,AED,2026-08-01,2026-05-27T20:40:00+05:30,cty_f8b75f8e,,manual,0,active,2026-05-02T10:00:00+05:30,2026-08-18T10:00:00+05:30
exp_e990b644,trp_c0c1da94,usr_2aa556d6,food,Museum tickets,275.85,INR,275.85,INR,2026-10-12,2026-10-10T08:41:00+05:30,cty_95e7c8ca,,nl_text,0,active,2026-05-19T10:00:00+05:30,2026-08-18T10:00:00+05:30
exp_b5affa78,trp_e900e96a,usr_6c5b2519,misc,Auto to the fort,678.16,NPR,678.16,INR,2026-08-01,2026-06-08T20:37:00+05:30,cty_95d040d8,,nl_text,0,active,2026-04-21T10:00:00+05:30,2026-08-18T10:00:00+05:30
exp_4f1b2bc9,trp_d4204375,usr_e10845c8,shopping,Boat ride,781.82,INR,781.82,INR,2026-08-13,2026-08-11T12:12:00+05:30,cty_7be8559f,,manual,0,active,2026-07-29T10:00:00+05:30,2026-08-18T10:00:00+05:30
exp_9a9d1831,trp_fefb6d73,usr_4b9412c5,food,Boat ride,1395.96,INR,1395.96,INR,2026-08-13,2026-08-11T07:39:00+05:30,cty_0d9ab6ff,,manual,1,active,2026-06-26T10:00:00+05:30,2026-08-18T10:00:00+05:30
exp_871a2e97,trp_2578a1a2,usr_157e58e7,activities,Auto to the fort,1551.20,INR,67.53,AED,2026-08-01,2026-05-31T20:22:00+05:30,cty_ccb4fb74,,manual,1,active,2026-07-18T10:00:00+05:30,2026-08-18T10:00:00+05:30
exp_b7827c09,trp_cb6840c6,usr_e2966606,accommodation,Two nights,2616.01,INR,2616.01,INR,2026-08-01,2026-06-13T13:22:00+05:30,cty_95e7c8ca,,manual,0,active,2026-03-31T10:00:00+05:30,2026-08-18T10:00:00+05:30
exp_f266a1c6,trp_4a923b00,usr_ddfd9a4a,food,Souvenirs,656.60,INR,656.60,INR,2026-09-24,2026-09-26T18:53:00+05:30,cty_caf3c1ee,,manual,1,active,2026-08-14T10:00:00+05:30,2026-08-18T10:00:00+05:30
exp_4e30cc6c,trp_3c03178d,usr_f855344d,activities,Dinner,899.42,INR,899.42,INR,2026-10-18,2026-10-21T09:48:00+05:30,cty_0d9ab6ff,,manual,1,active,2026-07-22T10:00:00+05:30,2026-08-18T10:00:00+05:30
exp_df9e14f0,trp_25a53353,usr_24e54a31,food,Guide tip,465.05,THB,465.05,INR,2026-08-01,2026-07-16T21:57:00+05:30,cty_a5f16904,,manual,1,active,2026-06-17T10:00:00+05:30,2026-08-18T10:00:00+05:30
exp_e2a7c76c,trp_6579c710,usr_d1c73fb8,accommodation,Boat ride,3346.05,INR,3346.05,INR,2026-08-01,2026-06-18T07:58:00+05:30,cty_bbb31d67,,manual,0,active,2026-03-28T10:00:00+05:30,2026-08-18T10:00:00+05:30
exp_a7f76626,trp_2b1c9a53,usr_1a6892bf,food,Souvenirs,1281.02,INR,1281.02,INR,2026-11-17,2026-11-19T15:36:00+05:30,cty_95e7c8ca,,nl_text,1,active,2026-07-20T10:00:00+05:30,2026-08-18T10:00:00+05:30
exp_9ace8621,trp_7844b321,usr_2b11a6c9,food,Airport taxi,405.48,INR,405.48,INR,2026-08-01,2026-06-02T09:04:00+05:30,cty_b6ccbb3b,,manual,0,active,2026-06-10T10:00:00+05:30,2026-08-18T10:00:00+05:30
exp_88d5fbdc,trp_4b9e6595,usr_f271c461,accommodation,Airport taxi,3959.55,INR,764331.13,IDR,2026-08-19,2026-08-17T17:40:00+05:30,cty_aa759717,,manual,0,active,2026-06-19T10:00:00+05:30,2026-08-18T10:00:00+05:30
exp_deda75be,trp_f9bdd86b,usr_7ad82b11,accommodation,Two nights,6721.91,INR,6721.91,INR,2026-08-01,2026-06-17T11:40:00+05:30,cty_590d4b7b,,import,1,active,2026-06-19T10:00:00+05:30,2026-08-18T10:00:00+05:30
exp_9e6c3c9c,trp_4360e4bd,usr_76c235d5,transport,Souvenirs,631.67,INR,631.67,INR,2026-09-12,2026-09-10T11:28:00+05:30,cty_34bbfdfe,,nl_text,0,active,2026-04-17T10:00:00+05:30,2026-08-18T10:00:00+05:30
exp_2a18cae8,trp_ae6b4527,usr_e3b9431c,food,Coffee and snacks,616.17,INR,616.17,INR,2026-08-01,2026-06-08T07:07:00+05:30,cty_d35a9652,,manual,0,active,2026-05-13T10:00:00+05:30,2026-08-18T10:00:00+05:30
exp_dabc4614,trp_26590ab5,usr_ee605ce4,activities,Laundry,1311.80,INR,1311.80,INR,2026-08-01,2026-06-09T19:57:00+05:30,cty_a97c33ad,,manual,0,active,2026-07-25T10:00:00+05:30,2026-08-18T10:00:00+05:30
exp_f83e7661,trp_13a7ffcc,usr_701b0010,accommodation,Museum tickets,7021.53,INR,7021.53,INR,2026-11-17,2026-12-01T09:56:00+05:30,cty_95e7c8ca,,import,0,active,2026-05-09T10:00:00+05:30,2026-08-18T10:00:00+05:30
exp_3c627b2c,trp_79045015,usr_2162d6ff,misc,Auto to the fort,247.49,THB,247.49,INR,2026-10-18,2026-10-20T21:21:00+05:30,cty_a5f16904,,manual,0,active,2026-05-30T10:00:00+05:30,2026-08-18T10:00:00+05:30
exp_a74f7191,trp_f80fc406,usr_424aaa79,food,Coffee and snacks,341.71,INR,341.71,INR,2026-10-24,2026-10-26T13:55:00+05:30,cty_10cbee86,,nl_text,0,active,2026-08-04T10:00:00+05:30,2026-08-18T10:00:00+05:30
exp_8ae2dd85,trp_034ee3ea,usr_2209582f,fees,Dinner,7.23,MYR,7.23,INR,2026-08-01,2026-08-01T15:17:00+05:30,cty_c9f34ba7,,manual,1,active,2026-08-14T10:00:00+05:30,2026-08-18T10:00:00+05:30
exp_ebf7f6cd,trp_73b4e062,usr_e851fdeb,transport,Auto to the fort,1481.10,INR,1481.10,INR,2026-08-31,2026-09-03T20:18:00+05:30,cty_cfec17b6,,manual,0,active,2026-04-27T10:00:00+05:30,2026-08-18T10:00:00+05:30
exp_5c6aaedd,trp_8500bc75,usr_d504f21d,food,Souvenirs,1230.24,INR,1230.24,INR,2026-11-11,2026-11-10T10:02:00+05:30,cty_6320eea9,,nl_text,1,active,2026-04-28T10:00:00+05:30,2026-08-18T10:00:00+05:30
exp_f93f88b4,trp_13f532df,usr_664c590c,shopping,Museum tickets,2509.35,INR,2509.35,INR,2026-09-12,2026-09-11T19:41:00+05:30,cty_8fc1539e,,manual,0,active,2026-04-28T10:00:00+05:30,2026-08-18T10:00:00+05:30
exp_5e82dffc,trp_10a5cdc9,usr_58d2b52f,shopping,Auto to the fort,282.03,MVR,282.03,INR,2026-10-06,2026-10-05T16:17:00+05:30,cty_9aa02925,,manual,1,active,2026-05-23T10:00:00+05:30,2026-08-18T10:00:00+05:30
exp_3ee07902,trp_10a5cdc9,usr_58d2b52f,misc,Museum tickets,70.13,MVR,70.13,INR,2026-10-06,2026-10-05T08:19:00+05:30,cty_9aa02925,,manual,0,active,2026-06-29T10:00:00+05:30,2026-08-18T10:00:00+05:30
exp_9b090813,trp_13a7ffcc,usr_ae35e63d,shopping,Dinner,1601.45,INR,1601.45,INR,2026-11-17,2026-12-01T17:24:00+05:30,cty_95e7c8ca,,manual,0,active,2026-03-28T10:00:00+05:30,2026-08-18T10:00:00+05:30
exp_eee69e5d,trp_3a3fe157,usr_6c3fae7b,transport,Airport taxi,1691.36,INR,1691.36,INR,2026-08-01,2026-07-15T08:35:00+05:30,cty_10cbee86,,manual,1,active,2026-04-17T10:00:00+05:30,2026-08-18T10:00:00+05:30
exp_c23f50a1,trp_603a2836,usr_f353d290,activities,Two nights,1578.42,INR,1578.42,INR,2026-08-01,2026-05-29T19:33:00+05:30,cty_7be8559f,,manual,1,active,2026-06-23T10:00:00+05:30,2026-08-18T10:00:00+05:30
exp_3b7a7ca0,trp_9de9979d,usr_4f4d8587,food,Dinner,16.21,CHF,16.21,INR,2026-08-01,2026-08-01T18:15:00+05:30,cty_0b7f5985,rcp_b14c5eeb,ocr,1,active,2026-08-05T10:00:00+05:30,2026-08-18T10:00:00+05:30
exp_376f555d,trp_67af61b6,usr_045378e4,food,Auto to the fort,1173.22,INR,1173.22,INR,2026-08-25,2026-08-28T13:42:00+05:30,cty_ccb4fb74,,manual,1,active,2026-05-05T10:00:00+05:30,2026-08-18T10:00:00+05:30
exp_b66d54bf,trp_7fa3c6c3,usr_c24f45f3,accommodation,Laundry,8151.93,INR,8151.93,INR,2026-08-01,2026-07-19T18:55:00+05:30,cty_905fd8a1,,manual,1,active,2026-06-10T10:00:00+05:30,2026-08-18T10:00:00+05:30
exp_b2f8d90c,trp_9eb0f5fe,usr_d20b2a69,food,Two nights,1149.20,INR,1149.20,INR,2026-08-07,2026-08-09T12:53:00+05:30,cty_a5f16904,,manual,0,active,2026-06-18T10:00:00+05:30,2026-08-18T10:00:00+05:30
exp_1298e36e,trp_aa8d192e,usr_bedf358a,accommodation,Boat ride,2403.59,INR,2403.59,INR,2026-08-01,2026-07-29T18:32:00+05:30,cty_c97e6cd5,,nl_text,1,active,2026-07-04T10:00:00+05:30,2026-08-18T10:00:00+05:30
exp_b302f166,trp_72f16fa8,usr_df77fb8e,food,Museum tickets,925.43,INR,925.43,INR,2026-11-17,2026-11-24T11:40:00+05:30,cty_f288c6a0,,manual,1,active,2026-06-22T10:00:00+05:30,2026-08-18T10:00:00+05:30
exp_3edf2d94,trp_fc64f16e,usr_ea269383,shopping,Souvenirs,1496.98,INR,1496.98,INR,2026-08-01,2026-05-23T20:05:00+05:30,cty_828a7777,,manual,0,active,2026-05-20T10:00:00+05:30,2026-08-18T10:00:00+05:30
exp_ef431abf,trp_cdb13358,usr_5f22c672,transport,Coffee and snacks,673.63,THB,673.63,THB,2026-08-01,2026-05-25T08:00:00+05:30,cty_7cb0b529,,nl_text,0,active,2026-04-01T10:00:00+05:30,2026-08-18T10:00:00+05:30
exp_3b4181b9,trp_75b9d7b8,usr_ae35e63d,shopping,Museum tickets,1465.22,INR,1465.22,INR,2026-10-24,2026-10-27T22:50:00+05:30,cty_caf3c1ee,,manual,0,active,2026-04-20T10:00:00+05:30,2026-08-18T10:00:00+05:30
exp_c7154ec4,trp_45a660c5,usr_228f37bd,shopping,Boat ride,2698.47,INR,2698.47,INR,2026-08-01,2026-06-05T09:58:00+05:30,cty_ab50efee,,manual,0,active,2026-05-21T10:00:00+05:30,2026-08-18T10:00:00+05:30
exp_28ce6f64,trp_3c03178d,usr_f855344d,activities,Auto to the fort,453.63,INR,453.63,INR,2026-10-24,2026-10-23T09:29:00+05:30,cty_0d9ab6ff,,import,0,active,2026-06-11T10:00:00+05:30,2026-08-18T10:00:00+05:30
exp_636fa533,trp_cfa5ee66,usr_c8025f92,accommodation,Airport taxi,3101.43,NPR,3101.43,NPR,2026-08-01,2026-07-29T18:38:00+05:30,cty_a50bc5dd,,manual,0,active,2026-06-27T10:00:00+05:30,2026-08-18T10:00:00+05:30
exp_5c07b52f,trp_e617ca9d,usr_72dfb712,accommodation,Museum tickets,3898.31,INR,3898.31,INR,2026-09-24,2026-09-24T11:59:00+05:30,,,nl_text,0,active,2026-06-20T10:00:00+05:30,2026-08-18T10:00:00+05:30
exp_7db4ece4,trp_69a5e32d,usr_def0c99e,transport,Laundry,546.11,INR,859.24,NPR,2026-08-07,2026-08-09T13:04:00+05:30,cty_0d9ab6ff,,manual,0,active,2026-04-30T10:00:00+05:30,2026-08-18T10:00:00+05:30
exp_9da7dfc1,trp_7a17c8a1,usr_b8c5bfe0,activities,Guide tip,1059.52,INR,1059.52,INR,2026-11-17,2026-11-23T20:56:00+05:30,,,manual,1,active,2026-05-16T10:00:00+05:30,2026-08-18T10:00:00+05:30
exp_44d83321,trp_f45d3ef9,usr_c4dc3602,activities,Laundry,1581.07,INR,1581.07,INR,2026-08-01,2026-06-25T20:15:00+05:30,cty_d35a9652,,manual,0,active,2026-05-21T10:00:00+05:30,2026-08-18T10:00:00+05:30
exp_1b9144dc,trp_e469328d,usr_3c2f4109,food,Two nights,247674.30,IDR,247674.30,IDR,2026-08-01,2026-07-11T10:56:00+05:30,cty_c07454f1,,nl_text,1,active,2026-03-23T10:00:00+05:30,2026-08-18T10:00:00+05:30
exp_19fa855b,trp_4171ee4e,usr_7af1e427,accommodation,Guide tip,5862.26,INR,5862.26,INR,2026-08-01,2026-05-24T12:51:00+05:30,cty_0d062a51,,manual,0,active,2026-08-05T10:00:00+05:30,2026-08-18T10:00:00+05:30
exp_1902daf3,trp_358447d8,usr_701b0010,food,Auto to the fort,1032.85,INR,1032.85,INR,2026-10-12,2026-10-15T17:18:00+05:30,cty_d4f5e3a5,,manual,0,active,2026-05-18T10:00:00+05:30,2026-08-18T10:00:00+05:30
exp_e1a353dc,trp_c9e5981e,usr_e2490a9e,shopping,Guide tip,1030.28,INR,1030.28,INR,2026-08-01,2026-06-17T08:30:00+05:30,cty_32e8e65c,,manual,1,active,2026-06-12T10:00:00+05:30,2026-08-18T10:00:00+05:30
exp_8f3dbea6,trp_c1603110,usr_4cb26745,accommodation,Laundry,3566.24,INR,56.53,SGD,2026-08-01,2026-05-08T09:36:00+05:30,cty_d401ef6b,,manual,0,active,2026-04-08T10:00:00+05:30,2026-08-18T10:00:00+05:30
exp_1be69b14,trp_31e8bc24,usr_ca24d130,accommodation,Dinner,9817.56,INR,9817.56,INR,2026-08-01,2026-06-19T08:44:00+05:30,cty_ab50efee,,manual,1,active,2026-08-03T10:00:00+05:30,2026-08-18T10:00:00+05:30
exp_18e0656c,trp_07ee6d2b,usr_157e58e7,fees,Two nights,713.55,INR,713.55,INR,2026-11-17,2026-12-05T15:46:00+05:30,cty_5698a7ab,,manual,0,active,2026-05-20T10:00:00+05:30,2026-08-18T10:00:00+05:30
exp_3fc4bdc2,trp_e11af79e,usr_29dfdea3,accommodation,Coffee and snacks,9399.90,INR,9399.90,INR,2026-08-13,2026-08-13T21:24:00+05:30,cty_9327d518,rcp_1aa0b0f8,ocr,0,active,2026-07-18T10:00:00+05:30,2026-08-18T10:00:00+05:30
exp_d3680115,trp_3faed012,usr_6bf6f0c2,accommodation,Airport taxi,9639.07,INR,9639.07,INR,2026-08-13,2026-08-13T16:21:00+05:30,cty_7cb0b529,,nl_text,0,active,2026-04-15T10:00:00+05:30,2026-08-18T10:00:00+05:30
exp_54ee9b3c,trp_1765a1ad,usr_8cace6bd,food,Auto to the fort,1308.78,NPR,1308.78,INR,2026-08-19,2026-08-21T07:10:00+05:30,cty_c0f2d9de,,import,0,active,2026-05-05T10:00:00+05:30,2026-08-18T10:00:00+05:30
exp_23f84b7a,trp_ffce7c33,usr_76ac5087,food,Guide tip,1228.31,INR,1228.31,INR,2026-11-17,2026-12-02T16:16:00+05:30,cty_f8b75f8e,,manual,1,active,2026-08-15T10:00:00+05:30,2026-08-18T10:00:00+05:30
exp_87038743,trp_f6a466fb,usr_3127972d,fees,Boat ride,1167.54,LKR,1167.54,INR,2026-08-01,2026-07-02T12:30:00+05:30,cty_009c9fd2,,manual,0,active,2026-08-06T10:00:00+05:30,2026-08-18T10:00:00+05:30
exp_a839d3e0,trp_a7356ab0,usr_c582abb2,transport,Laundry,577.41,INR,577.41,INR,2026-08-01,2026-07-23T16:45:00+05:30,cty_076e8e86,,manual,1,active,2026-07-12T10:00:00+05:30,2026-08-18T10:00:00+05:30
exp_64e28d87,trp_5f84d260,usr_5307f01f,transport,Coffee and snacks,1359.84,INR,1359.84,INR,2026-10-18,2026-10-19T14:56:00+05:30,cty_ccb4fb74,,manual,0,active,2026-03-25T10:00:00+05:30,2026-08-18T10:00:00+05:30
exp_1c8ef794,trp_e8b8c651,usr_4efab0b7,accommodation,Souvenirs,2301.06,INR,2301.06,INR,2026-11-17,2026-12-03T11:22:00+05:30,cty_9327d518,,manual,1,active,2026-07-17T10:00:00+05:30,2026-08-18T10:00:00+05:30
exp_4f1dd82b,trp_cf3db507,usr_e27e3b52,food,Dinner,541.58,INR,541.58,INR,2026-10-18,2026-10-17T11:49:00+05:30,cty_cf1c6ac5,,manual,0,active,2026-08-03T10:00:00+05:30,2026-08-18T10:00:00+05:30
exp_7ef86604,trp_75b9d7b8,usr_ae35e63d,transport,Souvenirs,1127.59,INR,1127.59,INR,2026-10-24,2026-10-27T07:13:00+05:30,cty_caf3c1ee,,import,0,active,2026-05-08T10:00:00+05:30,2026-08-18T10:00:00+05:30
exp_78dd16d9,trp_7fe2e631,usr_f3d35bfe,shopping,Laundry,80.15,AED,80.15,INR,2026-08-01,2026-06-25T19:10:00+05:30,,,manual,0,active,2026-05-09T10:00:00+05:30,2026-08-18T10:00:00+05:30
exp_102e12a6,trp_3c03178d,usr_f855344d,shopping,Dinner,3468.40,INR,3468.40,INR,2026-10-18,2026-10-21T07:39:00+05:30,cty_0d9ab6ff,,nl_text,0,active,2026-04-22T10:00:00+05:30,2026-08-18T10:00:00+05:30
exp_b0392a80,trp_49772eb7,usr_b4a877b0,shopping,Laundry,132.03,QAR,132.03,INR,2026-08-01,2026-07-17T11:06:00+05:30,cty_6320eea9,rcp_a97b6555,ocr,1,active,2026-07-15T10:00:00+05:30,2026-08-18T10:00:00+05:30
exp_cf81b68a,trp_7a17c8a1,usr_b8c5bfe0,activities,Airport taxi,544.73,INR,544.73,INR,2026-11-17,2026-11-22T13:42:00+05:30,cty_c07454f1,,manual,1,active,2026-05-12T10:00:00+05:30,2026-08-18T10:00:00+05:30
exp_c4b1d3f7,trp_bc925fdc,usr_22e61dad,accommodation,Laundry,4896.82,INR,4896.82,INR,2026-10-12,2026-10-13T07:18:00+05:30,cty_7fc82336,,manual,0,active,2026-06-05T10:00:00+05:30,2026-08-18T10:00:00+05:30
exp_9433f36c,trp_7945b3eb,usr_810e7b81,fees,Souvenirs,344.27,INR,344.27,INR,2026-09-12,2026-09-15T08:49:00+05:30,cty_7cb0b529,,nl_text,0,active,2026-08-06T10:00:00+05:30,2026-08-18T10:00:00+05:30
exp_f0690b78,trp_897d9724,usr_8af9206e,transport,Dinner,2034.23,INR,2034.23,INR,2026-08-01,2026-07-18T15:47:00+05:30,cty_5d572c8a,,manual,0,active,2026-07-29T10:00:00+05:30,2026-08-18T10:00:00+05:30
exp_6f89ba3a,trp_03ebe095,usr_0389057b,transport,Guide tip,397.98,INR,397.98,INR,2026-08-01,2026-07-18T15:09:00+05:30,cty_9327d518,,nl_text,1,active,2026-08-02T10:00:00+05:30,2026-08-18T10:00:00+05:30
exp_61c966b9,trp_be2b6219,usr_1b4fe68e,fees,Auto to the fort,2125.50,LKR,2125.50,LKR,2026-10-12,2026-10-15T10:07:00+05:30,cty_009c9fd2,,manual,0,active,2026-07-09T10:00:00+05:30,2026-08-18T10:00:00+05:30
exp_aa5677ef,trp_fd96ecd9,usr_b452b228,accommodation,Boat ride,5240.70,INR,968.18,MVR,2026-08-31,2026-09-02T17:38:00+05:30,cty_32e8e65c,,import,0,active,2026-06-26T10:00:00+05:30,2026-08-18T10:00:00+05:30
exp_d210c331,trp_07cf1d5b,usr_9115fc7c,shopping,Auto to the fort,969.77,INR,3398.37,LKR,2026-08-07,2026-08-10T14:28:00+05:30,cty_aa759717,,nl_text,0,active,2026-05-11T10:00:00+05:30,2026-08-18T10:00:00+05:30
exp_8d60f0a4,trp_bd664180,usr_2bd5e70b,accommodation,Airport taxi,5519.30,INR,5519.30,INR,2026-10-18,2026-10-16T19:26:00+05:30,,,manual,0,active,2026-07-14T10:00:00+05:30,2026-08-18T10:00:00+05:30
exp_487567a1,trp_baeb9644,usr_0000ca76,transport,Souvenirs,636.16,INR,636.16,INR,2026-10-06,2026-10-04T07:37:00+05:30,cty_34bbfdfe,,manual,0,active,2026-06-08T10:00:00+05:30,2026-08-18T10:00:00+05:30
exp_ef6c034d,trp_ca5546b3,usr_bbd1ced8,food,Boat ride,1014.21,INR,1014.21,INR,2026-08-01,2026-07-08T13:47:00+05:30,cty_9aa02925,rcp_5f30e083,ocr,0,active,2026-07-16T10:00:00+05:30,2026-08-18T10:00:00+05:30
exp_1e062cc2,trp_fd9a2525,usr_40edb5af,accommodation,Laundry,169.76,AED,169.76,INR,2026-08-19,2026-08-17T14:41:00+05:30,cty_1ced6ede,,manual,1,active,2026-06-22T10:00:00+05:30,2026-08-18T10:00:00+05:30
exp_7a6cece1,trp_9f0e2c12,usr_ee57ec9a,accommodation,Coffee and snacks,5365.38,INR,5365.38,INR,2026-08-01,2026-05-23T15:35:00+05:30,cty_43d0a650,,import,0,active,2026-05-24T10:00:00+05:30,2026-08-18T10:00:00+05:30
exp_b261585c,trp_35d620ca,usr_525b1d3c,misc,Laundry,253.66,INR,4.02,SGD,2026-08-01,2026-06-20T12:21:00+05:30,cty_a97c33ad,,import,1,active,2026-05-29T10:00:00+05:30,2026-08-18T10:00:00+05:30
exp_5b75e002,trp_3ebf9280,usr_9cb9eedc,misc,Airport taxi,662.27,INR,7.00,CHF,2026-09-24,2026-09-27T16:23:00+05:30,cty_c07454f1,,manual,0,active,2026-06-09T10:00:00+05:30,2026-08-18T10:00:00+05:30
exp_ee416afc,trp_89ad1eee,usr_712600f0,accommodation,Dinner,8205.12,INR,12957.21,NPR,2026-08-01,2026-05-21T21:04:00+05:30,cty_7fc82336,,nl_text,0,active,2026-06-23T10:00:00+05:30,2026-08-18T10:00:00+05:30
exp_26e613e3,trp_73c65d38,usr_41431693,accommodation,Airport taxi,114.98,AED,4170.80,NPR,2026-08-01,2026-05-20T07:23:00+05:30,,,manual,1,active,2026-04-03T10:00:00+05:30,2026-08-18T10:00:00+05:30
exp_bc2e2cfd,trp_8b48ae6e,usr_520d9624,accommodation,Auto to the fort,6210.17,INR,6210.17,INR,2026-11-17,2026-12-08T17:56:00+05:30,cty_7be8559f,,nl_text,0,active,2026-06-17T10:00:00+05:30,2026-08-18T10:00:00+05:30
exp_6ce9094c,trp_bcc5d027,usr_18a2e06d,accommodation,Two nights,1905.89,INR,1905.89,INR,2026-10-12,2026-10-13T10:05:00+05:30,cty_8b6b1652,,manual,0,active,2026-04-12T10:00:00+05:30,2026-08-18T10:00:00+05:30
exp_abcc91c3,trp_d8d828d7,usr_c7dcdd3d,accommodation,Dinner,149.23,QAR,35.92,CHF,2026-08-13,2026-08-13T11:13:00+05:30,cty_6320eea9,,manual,0,active,2026-05-16T10:00:00+05:30,2026-08-18T10:00:00+05:30
exp_18e90ec0,trp_831241e0,usr_79248234,shopping,Auto to the fort,1026.90,INR,1026.90,INR,2026-09-30,2026-10-02T12:36:00+05:30,cty_f29656ff,,manual,0,active,2026-08-06T10:00:00+05:30,2026-08-18T10:00:00+05:30
exp_a51478d0,trp_520c7693,usr_77e91c3a,food,Souvenirs,808.23,INR,808.23,INR,2026-08-13,2026-08-12T19:04:00+05:30,cty_cfec17b6,,manual,0,active,2026-07-21T10:00:00+05:30,2026-08-18T10:00:00+05:30
exp_f60a0469,trp_9bebde0c,usr_fe056e56,transport,Dinner,2062.86,INR,2062.86,INR,2026-08-01,2026-06-21T11:12:00+05:30,cty_5d572c8a,rcp_31285419,ocr,1,active,2026-06-28T10:00:00+05:30,2026-08-18T10:00:00+05:30
exp_5166ffae,trp_adec5721,usr_df582802,food,Museum tickets,1574.30,INR,25.18,SGD,2026-08-19,2026-08-18T20:52:00+05:30,cty_b6ccbb3b,rcp_7e477c0b,ocr,0,active,2026-06-05T10:00:00+05:30,2026-08-18T10:00:00+05:30
exp_5a5f033b,trp_64726e5f,usr_f9060fbb,food,Souvenirs,940.85,INR,940.85,INR,2026-09-24,2026-09-23T12:15:00+05:30,cty_d4f5e3a5,,manual,1,active,2026-04-20T10:00:00+05:30,2026-08-18T10:00:00+05:30
exp_f2707f05,trp_12961d3c,usr_81ed406f,transport,Coffee and snacks,1785.79,INR,1785.79,INR,2026-10-06,2026-10-07T14:44:00+05:30,cty_ccb4fb74,,manual,0,active,2026-04-11T10:00:00+05:30,2026-08-18T10:00:00+05:30
exp_5b15861a,trp_0f181044,usr_6303c026,food,Souvenirs,1053.83,INR,46.02,QAR,2026-09-06,2026-09-09T12:22:00+05:30,cty_f288c6a0,,manual,0,active,2026-05-02T10:00:00+05:30,2026-08-18T10:00:00+05:30
exp_71092d0e,trp_ce030396,usr_7edfea3c,fees,Boat ride,749.13,INR,749.13,INR,2026-09-30,2026-09-30T16:25:00+05:30,cty_0d062a51,,manual,1,active,2026-06-03T10:00:00+05:30,2026-08-18T10:00:00+05:30
exp_5ba6f9c5,trp_34f84795,usr_7faf6134,activities,Coffee and snacks,978.25,INR,52.82,MYR,2026-09-18,2026-09-20T22:47:00+05:30,cty_3503e391,,manual,0,active,2026-08-05T10:00:00+05:30,2026-08-18T10:00:00+05:30
exp_cc254af8,trp_eda7ae24,usr_a386ca28,misc,Laundry,318.74,INR,318.74,INR,2026-11-11,2026-11-10T20:38:00+05:30,cty_b6ccbb3b,,manual,0,active,2026-04-20T10:00:00+05:30,2026-08-18T10:00:00+05:30
exp_54bd20d9,trp_79045015,usr_e6863416,food,Boat ride,931.84,INR,931.84,INR,2026-10-24,2026-10-23T18:19:00+05:30,cty_a5f16904,,manual,0,active,2026-08-10T10:00:00+05:30,2026-08-18T10:00:00+05:30
exp_fdf8bad4,trp_7fe2e631,usr_4794174d,accommodation,Museum tickets,323.59,AED,323.59,INR,2026-08-01,2026-06-27T07:25:00+05:30,cty_1ced6ede,,manual,0,active,2026-08-03T10:00:00+05:30,2026-08-18T10:00:00+05:30
exp_305e7a89,trp_4158f34b,usr_9473419d,food,Auto to the fort,985.01,INR,985.01,INR,2026-10-18,2026-10-21T12:24:00+05:30,,,import,0,active,2026-04-16T10:00:00+05:30,2026-08-18T10:00:00+05:30
exp_03a71d91,trp_4171ee4e,usr_7af1e427,accommodation,Airport taxi,3922.85,INR,3922.85,INR,2026-08-01,2026-05-24T07:29:00+05:30,cty_0d062a51,,manual,0,active,2026-06-22T10:00:00+05:30,2026-08-18T10:00:00+05:30
exp_8b6d75a7,trp_e0e73f4f,usr_62a77a41,accommodation,Airport taxi,6513.33,INR,6513.33,INR,2026-08-01,2026-06-10T11:05:00+05:30,cty_7f673457,,manual,1,active,2026-04-29T10:00:00+05:30,2026-08-18T10:00:00+05:30
exp_5da8fab3,trp_e11af79e,usr_29dfdea3,transport,Airport taxi,1242.58,INR,1242.58,INR,2026-08-13,2026-08-12T07:17:00+05:30,cty_9327d518,,manual,0,active,2026-07-09T10:00:00+05:30,2026-08-18T10:00:00+05:30
exp_b3b83740,trp_604a54fd,usr_76c235d5,transport,Laundry,1713.86,INR,1713.86,INR,2026-08-31,2026-08-31T07:53:00+05:30,cty_a97c33ad,,nl_text,1,active,2026-04-30T10:00:00+05:30,2026-08-18T10:00:00+05:30
exp_e08047a7,trp_2f330bc2,usr_51983e08,food,Boat ride,1560.40,INR,1560.40,INR,2026-11-17,2026-11-19T14:52:00+05:30,cty_43d0a650,,manual,0,active,2026-04-02T10:00:00+05:30,2026-08-18T10:00:00+05:30
exp_a32d0a0c,trp_39d6963e,usr_7b03ee88,fees,Coffee and snacks,362.39,INR,362.39,INR,2026-08-01,2026-05-13T19:45:00+05:30,cty_a50bc5dd,,nl_text,1,active,2026-05-06T10:00:00+05:30,2026-08-18T10:00:00+05:30
exp_3b16b0d2,trp_97869c6a,usr_67de0711,activities,Two nights,1111.03,INR,1111.03,INR,2026-09-06,2026-09-04T13:59:00+05:30,cty_c0f2d9de,,manual,0,active,2026-08-10T10:00:00+05:30,2026-08-18T10:00:00+05:30
exp_d5d439c9,trp_cfa5ee66,usr_c8025f92,food,Laundry,1719.19,NPR,1719.19,NPR,2026-08-01,2026-07-29T15:59:00+05:30,cty_a50bc5dd,,nl_text,0,active,2026-06-17T10:00:00+05:30,2026-08-18T10:00:00+05:30
exp_0ab719ea,trp_a00e9d0f,usr_7edfea3c,accommodation,Guide tip,1020804.98,IDR,1020804.98,IDR,2026-11-11,2026-11-09T18:09:00+05:30,cty_aa759717,,manual,0,active,2026-07-16T10:00:00+05:30,2026-08-18T10:00:00+05:30
exp_32f2dfc2,trp_4a2eb05b,usr_99adb626,transport,Guide tip,1016.34,NPR,1016.34,INR,2026-08-07,2026-08-05T07:18:00+05:30,cty_c0f2d9de,,import,1,active,2026-05-06T10:00:00+05:30,2026-08-18T10:00:00+05:30
exp_27737287,trp_2472305e,usr_aaf1c470,food,Airport taxi,1056.71,INR,199.22,MVR,2026-11-17,2026-11-25T21:40:00+05:30,cty_d4f5e3a5,,manual,0,active,2026-08-17T10:00:00+05:30,2026-08-18T10:00:00+05:30
exp_5b4f82cb,trp_ccff079f,usr_78b510fb,transport,Two nights,434.12,INR,18.90,AED,2026-08-01,2026-05-22T15:45:00+05:30,cty_cfec17b6,,manual,1,active,2026-04-24T10:00:00+05:30,2026-08-18T10:00:00+05:30
exp_02e64c4d,trp_ec11de60,usr_29fdaeb0,accommodation,Souvenirs,7253.94,INR,7253.94,INR,2026-08-19,2026-08-20T13:59:00+05:30,cty_6320eea9,,manual,0,active,2026-04-11T10:00:00+05:30,2026-08-18T10:00:00+05:30
exp_b81ce11c,trp_1c6b709c,usr_2433031a,food,Coffee and snacks,1870.07,NPR,51.55,AED,2026-08-01,2026-07-28T18:36:00+05:30,cty_95d040d8,rcp_1a702361,ocr,1,active,2026-05-01T10:00:00+05:30,2026-08-18T10:00:00+05:30
exp_c6509b73,trp_10a5cdc9,usr_58d2b52f,misc,Dinner,48.65,MVR,48.65,INR,2026-09-30,2026-10-01T13:06:00+05:30,cty_9aa02925,,nl_text,0,active,2026-06-10T10:00:00+05:30,2026-08-18T10:00:00+05:30
exp_02f2c58d,trp_8cceaae7,usr_32a5a217,food,Guide tip,1064.72,INR,1064.72,INR,2026-11-17,2026-11-22T15:50:00+05:30,cty_0d9ab6ff,,manual,0,active,2026-03-27T10:00:00+05:30,2026-08-18T10:00:00+05:30
exp_2dc0ef46,trp_76677b52,usr_55b114d5,accommodation,Airport taxi,3700.90,INR,3700.90,INR,2026-08-01,2026-07-18T16:14:00+05:30,cty_cfec17b6,,manual,0,active,2026-04-18T10:00:00+05:30,2026-08-18T10:00:00+05:30
exp_e49dd7cb,trp_06892c8d,usr_5e9a11a1,shopping,Airport taxi,970.46,NPR,970.46,NPR,2026-08-25,2026-08-23T12:12:00+05:30,cty_34bbfdfe,,nl_text,0,active,2026-05-07T10:00:00+05:30,2026-08-18T10:00:00+05:30
exp_f3e7508a,trp_20b372f1,usr_6e3b5c10,accommodation,Auto to the fort,6323.59,INR,6323.59,INR,2026-08-01,2026-05-20T19:47:00+05:30,cty_cfec17b6,,manual,1,active,2026-06-02T10:00:00+05:30,2026-08-18T10:00:00+05:30
exp_6b65b1f5,trp_f8995cd0,usr_b4b6a1a5,transport,Laundry,1132.09,INR,1132.09,INR,2026-11-17,2026-12-01T20:00:00+05:30,cty_aa759717,,import,1,active,2026-06-25T10:00:00+05:30,2026-08-18T10:00:00+05:30
exp_99e2aefe,trp_0c34e3f4,usr_7101a5b5,food,Museum tickets,358.99,INR,358.99,INR,2026-08-01,2026-06-07T10:24:00+05:30,cty_c07454f1,,nl_text,0,active,2026-07-28T10:00:00+05:30,2026-08-18T10:00:00+05:30
exp_2d94be46,trp_4a923b00,usr_ddfd9a4a,food,Airport taxi,354.99,INR,354.99,INR,2026-09-24,2026-09-27T15:47:00+05:30,cty_caf3c1ee,,manual,0,active,2026-06-27T10:00:00+05:30,2026-08-18T10:00:00+05:30
exp_31de1d07,trp_c523a05c,usr_9976417a,accommodation,Airport taxi,5311.09,INR,5311.09,INR,2026-09-30,2026-10-02T15:57:00+05:30,cty_f288c6a0,rcp_61ae1453,ocr,0,active,2026-04-25T10:00:00+05:30,2026-08-18T10:00:00+05:30
exp_2978a2e4,trp_fbce8226,usr_2e38cf37,transport,Guide tip,411.49,INR,411.49,INR,2026-08-01,2026-06-05T09:57:00+05:30,cty_5698a7ab,,nl_text,0,active,2026-04-20T10:00:00+05:30,2026-08-18T10:00:00+05:30
exp_fda34ec2,trp_7fa3c6c3,usr_c24f45f3,accommodation,Auto to the fort,8992.04,INR,8992.04,INR,2026-08-01,2026-07-19T13:44:00+05:30,cty_905fd8a1,,nl_text,0,active,2026-04-30T10:00:00+05:30,2026-08-18T10:00:00+05:30
exp_519e7f56,trp_098ba70a,usr_4e65d08a,transport,Coffee and snacks,917.63,INR,917.63,INR,2026-11-17,2026-12-08T14:13:00+05:30,cty_34bbfdfe,,manual,1,active,2026-05-13T10:00:00+05:30,2026-08-18T10:00:00+05:30
exp_74625636,trp_0ea3db93,usr_1cec1f14,food,Auto to the fort,913.37,INR,913.37,INR,2026-10-24,2026-10-26T10:37:00+05:30,cty_9327d518,,manual,0,active,2026-04-14T10:00:00+05:30,2026-08-18T10:00:00+05:30
exp_89f112b5,trp_e4e09b00,usr_17b45921,accommodation,Coffee and snacks,265.52,AED,63.23,CHF,2026-08-01,2026-07-30T09:31:00+05:30,cty_1ced6ede,,nl_text,0,active,2026-06-28T10:00:00+05:30,2026-08-18T10:00:00+05:30
exp_bdd16961,trp_776da560,usr_6479c45c,food,Two nights,786.29,INR,786.29,INR,2026-08-19,2026-08-21T21:33:00+05:30,cty_c97e6cd5,,manual,1,active,2026-05-16T10:00:00+05:30,2026-08-18T10:00:00+05:30
exp_8dfba80b,trp_6fb32210,usr_e076a69d,food,Museum tickets,644.26,INR,644.26,INR,2026-11-17,2026-11-29T08:40:00+05:30,cty_bbb31d67,,manual,0,active,2026-03-31T10:00:00+05:30,2026-08-18T10:00:00+05:30
exp_7323ace8,trp_4be0ba46,usr_1501196b,accommodation,Dinner,2550.58,INR,2566.19,BTN,2026-09-24,2026-09-22T14:23:00+05:30,cty_cfec17b6,,manual,0,active,2026-04-18T10:00:00+05:30,2026-08-18T10:00:00+05:30
exp_58b46664,trp_cc443308,usr_49c29e32,misc,Auto to the fort,740.80,INR,740.80,INR,2026-08-31,2026-09-01T12:22:00+05:30,cty_34bbfdfe,,manual,1,active,2026-04-21T10:00:00+05:30,2026-08-18T10:00:00+05:30
exp_1f9bfac8,trp_c4b22e96,usr_5f1e6e1c,accommodation,Souvenirs,4585.55,JPY,4585.55,INR,2026-08-07,2026-08-10T13:12:00+05:30,cty_51a149b7,,manual,1,active,2026-05-18T10:00:00+05:30,2026-08-18T10:00:00+05:30
exp_9fb1bbab,trp_ab6c0ec2,usr_36c3dbed,accommodation,Museum tickets,2767.76,INR,2767.76,INR,2026-08-13,2026-08-12T11:49:00+05:30,cty_32e8e65c,rcp_24ea2be7,ocr,0,active,2026-06-16T10:00:00+05:30,2026-08-18T10:00:00+05:30
exp_80fb239b,trp_96471330,usr_243cefe8,accommodation,Airport taxi,87.69,CHF,87.69,INR,2026-11-17,2026-11-30T10:55:00+05:30,cty_0b7f5985,,manual,1,active,2026-06-27T10:00:00+05:30,2026-08-18T10:00:00+05:30
exp_0e232b16,trp_493ac8fc,usr_a9e888d0,food,Two nights,1215.31,INR,1978.19,NPR,2026-11-11,2026-11-12T19:54:00+05:30,cty_7f673457,,import,0,active,2026-08-10T10:00:00+05:30,2026-08-18T10:00:00+05:30
exp_68351ca0,trp_81ba1051,usr_a2df7150,misc,Museum tickets,639.65,INR,639.65,INR,2026-08-25,2026-08-26T15:57:00+05:30,cty_d35a9652,,manual,0,active,2026-07-08T10:00:00+05:30,2026-08-18T10:00:00+05:30
exp_640a51ae,trp_fe3977e6,usr_2da5bb04,accommodation,Coffee and snacks,5336.70,INR,9676.98,JPY,2026-09-06,2026-09-06T22:24:00+05:30,cty_f29656ff,,manual,0,active,2026-06-02T10:00:00+05:30,2026-08-18T10:00:00+05:30
exp_15db331e,trp_2578a1a2,usr_157e58e7,transport,Coffee and snacks,726.66,INR,31.63,AED,2026-08-01,2026-05-28T08:47:00+05:30,cty_ccb4fb74,,manual,0,active,2026-05-25T10:00:00+05:30,2026-08-18T10:00:00+05:30
exp_fadc47e6,trp_aa498437,usr_e2966606,transport,Boat ride,2067.08,INR,2067.08,INR,2026-09-18,2026-09-19T18:01:00+05:30,cty_5698a7ab,,manual,0,active,2026-03-25T10:00:00+05:30,2026-08-18T10:00:00+05:30
exp_ddfcc8b8,trp_773ff3c5,usr_14c738e0,food,Auto to the fort,1032.84,INR,1032.84,INR,2026-09-30,2026-09-28T17:54:00+05:30,,,nl_text,0,active,2026-06-19T10:00:00+05:30,2026-08-18T10:00:00+05:30
exp_75a4a8d0,trp_79c91f6b,usr_85c09ee4,misc,Guide tip,568.44,INR,568.44,INR,2026-08-01,2026-05-18T18:37:00+05:30,cty_cf1c6ac5,,manual,0,active,2026-07-29T10:00:00+05:30,2026-08-18T10:00:00+05:30
exp_a9cb6222,trp_8b6125c3,usr_2c93ab7f,activities,Coffee and snacks,872.40,INR,872.40,INR,2026-10-12,2026-10-14T18:55:00+05:30,cty_f288c6a0,,nl_text,1,active,2026-07-17T10:00:00+05:30,2026-08-18T10:00:00+05:30
exp_01514b39,trp_5843566d,usr_57995796,activities,Dinner,432.98,INR,432.98,INR,2026-10-24,2026-10-27T18:37:00+05:30,cty_ccb4fb74,,nl_text,1,active,2026-03-28T10:00:00+05:30,2026-08-18T10:00:00+05:30
exp_3c44c92a,trp_90e2fb40,usr_e572b881,food,Dinner,223.66,THB,223.66,INR,2026-08-01,2026-06-21T18:58:00+05:30,cty_a5f16904,,manual,1,active,2026-06-15T10:00:00+05:30,2026-08-18T10:00:00+05:30
exp_b10029eb,trp_2ee981f7,usr_0389057b,transport,Auto to the fort,1326.67,INR,1326.67,INR,2026-08-01,2026-07-28T21:27:00+05:30,cty_a97c33ad,,manual,0,active,2026-04-23T10:00:00+05:30,2026-08-18T10:00:00+05:30
exp_979acd71,trp_03e922d6,usr_e8f563b9,accommodation,Two nights,7536.36,INR,7536.36,INR,2026-11-17,2026-11-24T08:50:00+05:30,cty_621f4a84,,manual,0,active,2026-03-22T10:00:00+05:30,2026-08-18T10:00:00+05:30
exp_04ed6c81,trp_fefb6d73,usr_4b9412c5,accommodation,Two nights,7192.29,INR,7192.29,INR,2026-08-13,2026-08-11T09:14:00+05:30,cty_0d9ab6ff,,nl_text,0,active,2026-04-03T10:00:00+05:30,2026-08-18T10:00:00+05:30
exp_ce7e6efb,trp_962e90a6,usr_96740172,food,Laundry,966.94,INR,966.94,INR,2026-08-25,2026-08-27T21:54:00+05:30,cty_bbb31d67,,manual,0,active,2026-03-24T10:00:00+05:30,2026-08-18T10:00:00+05:30
exp_4a83cff7,trp_bbf16dcd,usr_4f7fc3a8,accommodation,Dinner,7759.82,INR,7759.82,INR,2026-10-30,2026-11-01T17:59:00+05:30,,,nl_text,0,active,2026-04-14T10:00:00+05:30,2026-08-18T10:00:00+05:30
exp_3474b37a,trp_dbfef2b5,usr_5527167d,food,Two nights,1580.05,INR,1580.05,INR,2026-08-01,2026-06-10T16:07:00+05:30,cty_f8b75f8e,,nl_text,0,active,2026-03-29T10:00:00+05:30,2026-08-18T10:00:00+05:30
exp_ac952b67,trp_0e658b9d,usr_3d92578a,food,Souvenirs,1367.47,INR,1367.47,INR,2026-08-01,2026-06-08T19:42:00+05:30,cty_7cb0b529,,manual,1,active,2026-07-26T10:00:00+05:30,2026-08-18T10:00:00+05:30
exp_2f3050d2,trp_77576097,usr_d1a44892,food,Museum tickets,328.50,INR,1193.73,LKR,2026-11-17,2026-12-06T15:13:00+05:30,cty_17b8ef2f,,import,0,active,2026-06-01T10:00:00+05:30,2026-08-18T10:00:00+05:30
exp_f83197d9,trp_3e263e75,usr_6498a0a8,misc,Boat ride,1114.15,NPR,1114.15,INR,2026-10-18,2026-10-20T11:29:00+05:30,cty_c0f2d9de,,manual,0,active,2026-05-17T10:00:00+05:30,2026-08-18T10:00:00+05:30
exp_cd8a8dbe,trp_7aed1147,usr_76c235d5,transport,Airport taxi,1609.33,INR,1609.33,INR,2026-11-05,2026-11-03T09:07:00+05:30,cty_3503e391,,import,0,active,2026-03-28T10:00:00+05:30,2026-08-18T10:00:00+05:30
exp_19869953,trp_ffd35a10,usr_ca24d130,accommodation,Dinner,5626.62,INR,5626.62,INR,2026-08-31,2026-09-03T09:51:00+05:30,cty_3503e391,,manual,0,active,2026-04-07T10:00:00+05:30,2026-08-18T10:00:00+05:30
exp_00665c1f,trp_35d620ca,usr_54e0dc44,transport,Auto to the fort,2257.97,INR,35.79,SGD,2026-08-01,2026-06-17T14:59:00+05:30,cty_a97c33ad,,manual,1,active,2026-06-02T10:00:00+05:30,2026-08-18T10:00:00+05:30
exp_f0abb451,trp_6ff162fb,usr_4787696f,activities,Auto to the fort,13.42,CHF,535.00,THB,2026-08-01,2026-07-14T08:14:00+05:30,cty_0b7f5985,,manual,0,active,2026-06-08T10:00:00+05:30,2026-08-18T10:00:00+05:30
exp_33003530,trp_7844b321,usr_2b11a6c9,transport,Airport taxi,595.55,INR,595.55,INR,2026-08-01,2026-06-01T13:38:00+05:30,cty_b6ccbb3b,,nl_text,0,active,2026-04-21T10:00:00+05:30,2026-08-18T10:00:00+05:30
exp_a495f556,trp_799607b3,usr_55b114d5,activities,Boat ride,1868.90,INR,1868.90,INR,2026-08-01,2026-06-30T15:26:00+05:30,cty_43d0a650,rcp_3583407b,ocr,1,active,2026-06-05T10:00:00+05:30,2026-08-18T10:00:00+05:30
exp_b510c8d4,trp_f8995cd0,usr_e0440f90,accommodation,Two nights,4531.93,INR,4531.93,INR,2026-11-17,2026-12-01T17:43:00+05:30,cty_aa759717,,manual,0,active,2026-07-01T10:00:00+05:30,2026-08-18T10:00:00+05:30
exp_8a70f87d,trp_79c91f6b,usr_85c09ee4,transport,Guide tip,1892.55,INR,1892.55,INR,2026-08-01,2026-05-19T17:28:00+05:30,,,manual,1,active,2026-03-30T10:00:00+05:30,2026-08-18T10:00:00+05:30
exp_721ee2d5,trp_0ab1cb2b,usr_ab49979e,accommodation,Laundry,5695.51,INR,5695.51,INR,2026-08-01,2026-06-25T09:38:00+05:30,cty_f29656ff,,nl_text,0,active,2026-05-23T10:00:00+05:30,2026-08-18T10:00:00+05:30
exp_9a1cdf2e,trp_1898ff3a,usr_a7185e16,transport,Dinner,3562.02,NPR,3562.02,INR,2026-11-17,2026-12-05T18:47:00+05:30,cty_95d040d8,,manual,0,active,2026-07-19T10:00:00+05:30,2026-08-18T10:00:00+05:30
exp_0bf7feab,trp_9fcf6ecc,usr_f8162b43,accommodation,Dinner,9763.43,INR,9763.43,INR,2026-10-30,2026-11-02T09:22:00+05:30,cty_590d4b7b,rcp_0c4d667e,ocr,1,active,2026-07-29T10:00:00+05:30,2026-08-18T10:00:00+05:30
exp_dad9a3ab,trp_11b70470,usr_0c1ce238,transport,Dinner,1550.28,INR,1550.28,INR,2026-08-01,2026-05-23T11:14:00+05:30,cty_d4f5e3a5,rcp_cc7c95ea,ocr,0,active,2026-06-03T10:00:00+05:30,2026-08-18T10:00:00+05:30
exp_01a8fd9d,trp_bf65331c,usr_32f091df,transport,Auto to the fort,2113.55,INR,2113.55,INR,2026-08-01,2026-07-28T11:42:00+05:30,cty_c9f34ba7,,manual,1,active,2026-06-23T10:00:00+05:30,2026-08-18T10:00:00+05:30
exp_1945dfd8,trp_e97f3f1c,usr_f60ade8b,misc,Airport taxi,344.61,INR,344.61,INR,2026-11-17,2026-11-16T09:38:00+05:30,cty_5d572c8a,,manual,0,active,2026-05-12T10:00:00+05:30,2026-08-18T10:00:00+05:30
exp_a4d75b25,trp_acaf45e7,usr_228f37bd,accommodation,Souvenirs,8481.04,INR,8481.04,INR,2026-08-01,2026-07-15T16:41:00+05:30,cty_a97c33ad,,manual,0,active,2026-06-27T10:00:00+05:30,2026-08-18T10:00:00+05:30
exp_916abae4,trp_8adc5179,usr_d312cbff,activities,Coffee and snacks,243089.25,IDR,243089.25,IDR,2026-08-01,2026-06-24T07:51:00+05:30,cty_d4f5e3a5,,manual,1,active,2026-08-15T10:00:00+05:30,2026-08-18T10:00:00+05:30
exp_c298d71d,trp_12c07e4d,usr_d89a1dce,accommodation,Airport taxi,93.12,AED,93.12,INR,2026-09-24,2026-09-24T15:58:00+05:30,cty_1ced6ede,,manual,0,active,2026-08-04T10:00:00+05:30,2026-08-18T10:00:00+05:30
exp_fd15c15f,trp_eda7ae24,usr_bedf358a,accommodation,Guide tip,8073.53,INR,8073.53,INR,2026-11-11,2026-11-09T09:35:00+05:30,cty_b6ccbb3b,,manual,0,active,2026-04-07T10:00:00+05:30,2026-08-18T10:00:00+05:30
exp_a63cefc7,trp_dbe8a03a,usr_62b3f8b8,accommodation,Two nights,3128.62,INR,3128.62,INR,2026-11-17,2026-11-23T20:43:00+05:30,,,manual,0,active,2026-07-25T10:00:00+05:30,2026-08-18T10:00:00+05:30
exp_611de39c,trp_96471330,usr_243cefe8,accommodation,Museum tickets,97.76,CHF,97.76,INR,2026-11-17,2026-11-27T07:11:00+05:30,cty_0b7f5985,,manual,0,active,2026-04-11T10:00:00+05:30,2026-08-18T10:00:00+05:30
exp_448fd4d7,trp_15632e85,usr_bc67142c,activities,Museum tickets,249.00,MVR,249.00,INR,2026-09-18,2026-09-17T22:20:00+05:30,cty_9aa02925,rcp_da8fd6bb,ocr,0,active,2026-06-02T10:00:00+05:30,2026-08-18T10:00:00+05:30
exp_ae4b5527,trp_a396cd51,usr_4d8f3b3a,accommodation,Airport taxi,5163.82,INR,5163.82,INR,2026-10-24,2026-10-26T11:34:00+05:30,cty_67ee7f6f,rcp_9cd3572c,ocr,0,active,2026-05-06T10:00:00+05:30,2026-08-18T10:00:00+05:30
exp_9e85ab52,trp_9fc37785,usr_42202df5,accommodation,Dinner,4873.45,INR,4873.45,INR,2026-08-01,2026-06-10T10:37:00+05:30,cty_5d572c8a,,manual,1,active,2026-08-06T10:00:00+05:30,2026-08-18T10:00:00+05:30
exp_76b86fda,trp_ffd35a10,usr_ca24d130,accommodation,Dinner,4491.64,INR,4491.64,INR,2026-08-31,2026-08-29T07:21:00+05:30,cty_3503e391,,nl_text,0,active,2026-04-11T10:00:00+05:30,2026-08-18T10:00:00+05:30
exp_78fec948,trp_087633e3,usr_63d6db20,accommodation,Airport taxi,3807.24,INR,3807.24,INR,2026-11-17,2026-12-15T16:40:00+05:30,cty_5698a7ab,,manual,0,active,2026-07-11T10:00:00+05:30,2026-08-18T10:00:00+05:30
exp_2714800a,trp_3d0f7e84,usr_2182a4d3,transport,Museum tickets,2309.49,INR,2309.49,INR,2026-10-18,2026-10-20T18:42:00+05:30,cty_5698a7ab,,manual,0,active,2026-08-01T10:00:00+05:30,2026-08-18T10:00:00+05:30
exp_db2f26c2,trp_61372035,usr_db37359e,food,Laundry,5579.71,LKR,5579.71,INR,2026-08-01,2026-07-15T10:47:00+05:30,cty_a50bc5dd,,manual,0,active,2026-08-13T10:00:00+05:30,2026-08-18T10:00:00+05:30
exp_60ab811f,trp_63451510,usr_44604a9d,accommodation,Airport taxi,9585.23,INR,9585.23,INR,2026-11-17,2026-11-22T20:11:00+05:30,cty_8fc1539e,,manual,1,active,2026-05-26T10:00:00+05:30,2026-08-18T10:00:00+05:30
exp_97585c07,trp_574e5595,usr_05d0be25,food,Coffee and snacks,466.75,INR,466.75,INR,2026-08-01,2026-05-10T16:59:00+05:30,,,manual,0,active,2026-03-25T10:00:00+05:30,2026-08-18T10:00:00+05:30
exp_c9fc99dc,trp_f0bbd941,usr_58d2b52f,accommodation,Auto to the fort,4779.11,INR,4779.11,INR,2026-08-01,2026-07-22T11:31:00+05:30,cty_10cbee86,,manual,0,active,2026-05-06T10:00:00+05:30,2026-08-18T10:00:00+05:30
exp_f14b1967,trp_377a871a,usr_a370271a,transport,Dinner,2330.01,NPR,2330.01,INR,2026-08-01,2026-06-09T19:39:00+05:30,cty_c0f2d9de,,manual,0,active,2026-06-22T10:00:00+05:30,2026-08-18T10:00:00+05:30
exp_22402fd6,trp_d98bd293,usr_d8024b62,food,Souvenirs,296.41,INR,296.41,INR,2026-08-01,2026-07-09T13:08:00+05:30,cty_cf1c6ac5,,manual,0,active,2026-05-28T10:00:00+05:30,2026-08-18T10:00:00+05:30
exp_69715399,trp_3addadca,usr_ce09de03,accommodation,Coffee and snacks,5488.60,INR,56.90,CHF,2026-08-01,2026-07-30T17:29:00+05:30,cty_0d9ab6ff,,manual,0,active,2026-08-05T10:00:00+05:30,2026-08-18T10:00:00+05:30
exp_af93efa5,trp_adec5721,usr_61710d50,shopping,Airport taxi,1848.99,INR,29.58,SGD,2026-08-19,2026-08-17T07:38:00+05:30,cty_b6ccbb3b,,import,0,active,2026-06-09T10:00:00+05:30,2026-08-18T10:00:00+05:30
exp_36ae0a28,trp_dd037e63,usr_b1a4b433,activities,Two nights,812.26,INR,812.26,INR,2026-08-07,2026-08-10T10:55:00+05:30,cty_9327d518,,nl_text,1,active,2026-04-08T10:00:00+05:30,2026-08-18T10:00:00+05:30
exp_25f892cf,trp_2a380c8a,usr_8700ba48,transport,Guide tip,694.81,BTN,694.81,BTN,2026-11-17,2026-11-26T21:55:00+05:30,cty_7b89639e,,manual,1,active,2026-06-19T10:00:00+05:30,2026-08-18T10:00:00+05:30
exp_cbc2c50e,trp_c2f959a5,usr_b376fa1f,transport,Museum tickets,257.21,THB,257.21,INR,2026-08-01,2026-06-11T15:18:00+05:30,cty_a5f16904,,manual,0,active,2026-05-28T10:00:00+05:30,2026-08-18T10:00:00+05:30
exp_06a158d2,trp_e900e96a,usr_e6dcafe4,shopping,Two nights,3033.44,INR,3033.44,INR,2026-08-01,2026-06-08T12:18:00+05:30,cty_95d040d8,,manual,0,active,2026-03-24T10:00:00+05:30,2026-08-18T10:00:00+05:30
exp_50eaf6b8,trp_10f1523f,usr_45175b03,shopping,Airport taxi,1615.50,INR,1615.50,INR,2026-09-24,2026-09-26T15:56:00+05:30,cty_9327d518,,nl_text,0,active,2026-07-15T10:00:00+05:30,2026-08-18T10:00:00+05:30
exp_81ee4304,trp_2ee981f7,usr_0389057b,transport,Souvenirs,1120.10,INR,1120.10,INR,2026-08-01,2026-07-27T17:59:00+05:30,cty_a97c33ad,,manual,1,active,2026-08-15T10:00:00+05:30,2026-08-18T10:00:00+05:30
exp_f218f3db,trp_aa024588,usr_b10b045a,transport,Auto to the fort,566.87,INR,234.27,THB,2026-08-01,2026-05-21T09:15:00+05:30,cty_caf3c1ee,,manual,0,active,2026-04-27T10:00:00+05:30,2026-08-18T10:00:00+05:30
exp_675fdf9d,trp_5764aee3,usr_8d2c2759,shopping,Airport taxi,1980.41,INR,1980.41,INR,2026-08-01,2026-05-12T08:03:00+05:30,cty_43d0a650,,manual,0,active,2026-05-17T10:00:00+05:30,2026-08-18T10:00:00+05:30
exp_e926de62,trp_66313d66,usr_1dc8f83e,food,Laundry,120.26,THB,120.26,INR,2026-08-01,2026-05-11T16:31:00+05:30,cty_a5f16904,,manual,0,active,2026-08-14T10:00:00+05:30,2026-08-18T10:00:00+05:30
exp_9ab2c5bb,trp_fd4e6af3,usr_35d340e3,food,Souvenirs,676.66,INR,134102.34,IDR,2026-11-17,2026-12-01T07:30:00+05:30,cty_0d9ab6ff,,manual,0,active,2026-04-06T10:00:00+05:30,2026-08-18T10:00:00+05:30
exp_f8278f4d,trp_fd9a2525,usr_40edb5af,accommodation,Auto to the fort,216.51,AED,216.51,INR,2026-08-13,2026-08-16T08:00:00+05:30,,,manual,1,active,2026-03-26T10:00:00+05:30,2026-08-18T10:00:00+05:30
exp_0a6fb4c3,trp_ebd8ca83,usr_c010ce3c,food,Museum tickets,1390.78,INR,1390.78,INR,2026-10-06,2026-10-09T14:59:00+05:30,cty_8fc1539e,,nl_text,1,active,2026-07-16T10:00:00+05:30,2026-08-18T10:00:00+05:30
exp_4eb3fb0c,trp_adec5721,usr_a7185e16,fees,Souvenirs,697.81,INR,11.16,SGD,2026-08-19,2026-08-21T15:09:00+05:30,cty_b6ccbb3b,,manual,0,active,2026-06-03T10:00:00+05:30,2026-08-18T10:00:00+05:30
exp_265673e1,trp_d923c276,usr_865c98a2,transport,Laundry,74.08,QAR,74.08,INR,2026-09-30,2026-09-30T10:55:00+05:30,cty_6320eea9,,manual,1,active,2026-05-25T10:00:00+05:30,2026-08-18T10:00:00+05:30
exp_883989d7,trp_299b74ad,usr_956481cd,accommodation,Museum tickets,4303.29,INR,4303.29,INR,2026-08-01,2026-05-13T18:56:00+05:30,cty_7be8559f,rcp_0007f0f9,ocr,0,active,2026-04-22T10:00:00+05:30,2026-08-18T10:00:00+05:30
exp_089b36e4,trp_c7b6e5c7,usr_8b3ba681,food,Dinner,8.88,SGD,8.88,SGD,2026-08-01,2026-06-11T19:34:00+05:30,cty_d4f5e3a5,,nl_text,0,active,2026-03-26T10:00:00+05:30,2026-08-18T10:00:00+05:30
exp_b362f41e,trp_07cf1d5b,usr_9115fc7c,accommodation,Coffee and snacks,6314.07,INR,22089.34,LKR,2026-08-13,2026-08-11T09:32:00+05:30,cty_aa759717,,manual,1,active,2026-04-11T10:00:00+05:30,2026-08-18T10:00:00+05:30
exp_6feb0fe9,trp_534769b0,usr_bc8d5d3b,food,Coffee and snacks,1354.90,INR,1354.90,INR,2026-08-01,2026-05-21T10:43:00+05:30,cty_f29656ff,,manual,0,active,2026-05-18T10:00:00+05:30,2026-08-18T10:00:00+05:30
exp_7d4d0c3d,trp_0512bf41,usr_3e25dcc6,accommodation,Coffee and snacks,3561.13,INR,3561.13,INR,2026-08-31,2026-09-01T08:05:00+05:30,cty_cf1c6ac5,,manual,0,active,2026-05-21T10:00:00+05:30,2026-08-18T10:00:00+05:30
exp_6b9c31b5,trp_32db6373,usr_24d10368,accommodation,Dinner,3676.15,INR,3676.15,INR,2026-11-17,2026-12-06T18:04:00+05:30,cty_f8b75f8e,,import,0,active,2026-05-08T10:00:00+05:30,2026-08-18T10:00:00+05:30
exp_beefcfff,trp_4567900f,usr_e94f06ca,food,Souvenirs,38.26,AED,38.26,INR,2026-08-01,2026-05-10T12:52:00+05:30,cty_7b89639e,,nl_text,1,active,2026-05-08T10:00:00+05:30,2026-08-18T10:00:00+05:30
exp_82e1dc66,trp_7aed1147,usr_76c235d5,food,Airport taxi,648.61,INR,648.61,INR,2026-10-30,2026-11-01T18:42:00+05:30,cty_3503e391,,manual,1,active,2026-06-08T10:00:00+05:30,2026-08-18T10:00:00+05:30
exp_12baca26,trp_ed7e580e,usr_07f03d4c,accommodation,Coffee and snacks,2083.62,INR,2083.62,INR,2026-08-07,2026-08-09T14:58:00+05:30,cty_590d4b7b,,manual,0,active,2026-07-20T10:00:00+05:30,2026-08-18T10:00:00+05:30
exp_4bf37d9a,trp_997cc8cc,usr_e076a69d,activities,Laundry,2755.21,NPR,317.03,MVR,2026-10-24,2026-10-23T21:47:00+05:30,cty_95d040d8,,nl_text,0,active,2026-04-28T10:00:00+05:30,2026-08-18T10:00:00+05:30
exp_70da691b,trp_97bcd5c8,usr_106130ad,activities,Guide tip,1295.24,INR,1295.24,INR,2026-08-01,2026-07-28T17:43:00+05:30,cty_f288c6a0,,manual,0,active,2026-04-08T10:00:00+05:30,2026-08-18T10:00:00+05:30
exp_d4dc0275,trp_1b20de3f,usr_6c3fae7b,transport,Dinner,26.34,SGD,26.34,INR,2026-11-17,2026-11-24T13:16:00+05:30,,,manual,0,active,2026-03-31T10:00:00+05:30,2026-08-18T10:00:00+05:30
exp_28024c89,trp_53200b9d,usr_bff7bdb8,activities,Two nights,1524.27,INR,629.94,THB,2026-08-01,2026-06-20T12:52:00+05:30,cty_aa759717,,manual,0,active,2026-04-15T10:00:00+05:30,2026-08-18T10:00:00+05:30
exp_b73c4a88,trp_e53d9a08,usr_9c28ee85,food,Airport taxi,965.14,INR,965.14,INR,2026-11-17,2026-12-06T11:16:00+05:30,cty_d4f5e3a5,,manual,0,active,2026-03-27T10:00:00+05:30,2026-08-18T10:00:00+05:30
exp_3be0c27b,trp_6ff162fb,usr_4787696f,fees,Boat ride,216.16,THB,216.16,THB,2026-08-01,2026-07-15T12:12:00+05:30,cty_0b7f5985,,manual,1,active,2026-05-19T10:00:00+05:30,2026-08-18T10:00:00+05:30
exp_5931d9ee,trp_9bebde0c,usr_fe056e56,food,Coffee and snacks,1559.82,INR,1559.82,INR,2026-08-01,2026-06-21T14:20:00+05:30,cty_5d572c8a,,manual,0,active,2026-03-22T10:00:00+05:30,2026-08-18T10:00:00+05:30
exp_32c9c1de,trp_af330315,usr_f50e2299,fees,Museum tickets,527.36,INR,527.36,INR,2026-08-01,2026-08-04T09:19:00+05:30,cty_ab50efee,,manual,0,active,2026-06-29T10:00:00+05:30,2026-08-18T10:00:00+05:30
exp_ab3a02ed,trp_77b09e9a,usr_373b76a9,food,Dinner,1457.57,INR,15.53,CHF,2026-10-12,2026-10-10T09:49:00+05:30,cty_0d062a51,,manual,0,active,2026-07-08T10:00:00+05:30,2026-08-18T10:00:00+05:30
exp_82917e6e,trp_fdbf106b,usr_3ee2992a,food,Dinner,1525.43,INR,1525.43,INR,2026-08-01,2026-05-07T07:59:00+05:30,,,import,0,active,2026-07-29T10:00:00+05:30,2026-08-18T10:00:00+05:30
exp_b88ff815,trp_223d5f10,usr_28c5ee24,transport,Souvenirs,1252.99,NPR,2794.26,LKR,2026-09-18,2026-09-17T12:10:00+05:30,cty_95d040d8,,nl_text,1,active,2026-08-04T10:00:00+05:30,2026-08-18T10:00:00+05:30
exp_86b8a291,trp_0053b2f7,usr_cf744020,accommodation,Museum tickets,4126.00,INR,4126.00,INR,2026-08-01,2026-08-03T18:59:00+05:30,cty_f288c6a0,,manual,0,active,2026-05-30T10:00:00+05:30,2026-08-18T10:00:00+05:30
exp_c236a072,trp_3901f712,usr_ce2e54f4,transport,Boat ride,522.99,INR,522.99,INR,2026-11-17,2026-11-17T09:49:00+05:30,cty_f8b75f8e,,manual,1,active,2026-04-04T10:00:00+05:30,2026-08-18T10:00:00+05:30
exp_c879b599,trp_fd4e6af3,usr_52de2228,accommodation,Guide tip,1192639.13,IDR,1192639.13,IDR,2026-11-17,2026-12-02T13:46:00+05:30,cty_0d9ab6ff,,import,0,active,2026-07-27T10:00:00+05:30,2026-08-18T10:00:00+05:30
exp_db337754,trp_8e5f0010,usr_76043d79,accommodation,Auto to the fort,3668.54,INR,3668.54,INR,2026-09-30,2026-09-28T08:40:00+05:30,cty_17b8ef2f,,manual,0,active,2026-08-04T10:00:00+05:30,2026-08-18T10:00:00+05:30
exp_9e98e431,trp_4360e4bd,usr_0c1ce238,accommodation,Dinner,4413.50,INR,4413.50,INR,2026-09-12,2026-09-10T16:00:00+05:30,cty_34bbfdfe,,manual,0,active,2026-05-30T10:00:00+05:30,2026-08-18T10:00:00+05:30
exp_92f70419,trp_89eafa58,usr_d0571b95,activities,Airport taxi,1447.73,INR,1447.73,INR,2026-09-24,2026-09-23T20:42:00+05:30,cty_caf3c1ee,,manual,0,active,2026-06-05T10:00:00+05:30,2026-08-18T10:00:00+05:30
exp_b88bc5bc,trp_61372035,usr_c61e810b,food,Dinner,5719.34,LKR,5719.34,INR,2026-08-01,2026-07-16T17:15:00+05:30,cty_a50bc5dd,,manual,0,active,2026-06-14T10:00:00+05:30,2026-08-18T10:00:00+05:30
exp_600f39a4,trp_4eec7794,usr_2de68d4f,fees,Boat ride,231.80,INR,231.80,INR,2026-08-01,2026-07-28T20:35:00+05:30,cty_076e8e86,,manual,1,active,2026-08-15T10:00:00+05:30,2026-08-18T10:00:00+05:30
exp_f300f909,trp_9656ff69,usr_7faf6134,activities,Guide tip,1726.97,INR,1726.97,INR,2026-08-01,2026-05-28T17:56:00+05:30,cty_7fc82336,,manual,1,active,2026-04-24T10:00:00+05:30,2026-08-18T10:00:00+05:30
exp_d32fb5ae,trp_6c9581df,usr_bedf358a,food,Auto to the fort,67.16,AED,67.16,INR,2026-08-01,2026-07-03T10:38:00+05:30,cty_7b89639e,,manual,1,active,2026-05-17T10:00:00+05:30,2026-08-18T10:00:00+05:30
exp_253dc2ac,trp_cef915ff,usr_7796e5e8,accommodation,Souvenirs,4739.11,INR,4739.11,INR,2026-08-01,2026-05-23T15:24:00+05:30,,rcp_dc637249,ocr,0,active,2026-06-14T10:00:00+05:30,2026-08-18T10:00:00+05:30
exp_13576d17,trp_27e50a35,usr_0dc99bd5,accommodation,Guide tip,5307.40,INR,5307.40,INR,2026-11-17,2026-11-24T13:06:00+05:30,cty_b43cdd57,,manual,1,active,2026-04-04T10:00:00+05:30,2026-08-18T10:00:00+05:30
exp_fa57e25f,trp_03ce3598,usr_e0853a17,food,Boat ride,608.83,INR,608.83,INR,2026-08-01,2026-05-11T18:19:00+05:30,cty_7cb0b529,,manual,0,active,2026-05-06T10:00:00+05:30,2026-08-18T10:00:00+05:30
exp_c5cf5fd6,trp_53f18756,usr_b8779399,food,Auto to the fort,55.88,AED,55.88,AED,2026-10-30,2026-10-31T13:33:00+05:30,cty_51a149b7,,manual,0,active,2026-08-15T10:00:00+05:30,2026-08-18T10:00:00+05:30
exp_35fd41c7,trp_e842e287,usr_4794174d,accommodation,Airport taxi,9042.51,INR,9042.51,INR,2026-08-25,2026-08-28T13:57:00+05:30,cty_34bbfdfe,,manual,0,active,2026-05-01T10:00:00+05:30,2026-08-18T10:00:00+05:30
exp_28c75515,trp_ef522093,usr_13fe39d3,activities,Souvenirs,146.19,THB,146.19,INR,2026-08-19,2026-08-20T14:19:00+05:30,,,manual,0,active,2026-06-02T10:00:00+05:30,2026-08-18T10:00:00+05:30
exp_27790ab6,trp_ab6c0ec2,usr_36c3dbed,food,Dinner,1193.49,INR,1193.49,INR,2026-08-13,2026-08-11T22:09:00+05:30,cty_32e8e65c,,manual,1,active,2026-05-02T10:00:00+05:30,2026-08-18T10:00:00+05:30
exp_38199337,trp_0d9ed6f6,usr_525b1d3c,food,Two nights,975.61,INR,975.61,INR,2026-08-01,2026-06-09T22:33:00+05:30,cty_718f03c7,,manual,0,active,2026-08-05T10:00:00+05:30,2026-08-18T10:00:00+05:30
exp_4d63c85b,trp_1958f050,usr_7d0ce609,transport,Dinner,2422.65,NPR,2422.65,INR,2026-08-01,2026-07-03T19:55:00+05:30,cty_95d040d8,,nl_text,1,active,2026-06-17T10:00:00+05:30,2026-08-18T10:00:00+05:30
exp_aa81851f,trp_5843b90d,usr_d7d11d69,activities,Laundry,1563.42,INR,1563.42,INR,2026-09-12,2026-09-14T08:57:00+05:30,cty_5d572c8a,,manual,1,active,2026-07-27T10:00:00+05:30,2026-08-18T10:00:00+05:30
exp_f45eae45,trp_32136d40,usr_f13873e9,transport,Guide tip,1899.31,INR,1899.31,INR,2026-08-01,2026-08-01T15:10:00+05:30,cty_aa759717,,manual,0,active,2026-07-04T10:00:00+05:30,2026-08-18T10:00:00+05:30
exp_04313c34,trp_fe3977e6,usr_2da5bb04,accommodation,Coffee and snacks,6862.68,INR,12444.02,JPY,2026-09-06,2026-09-07T22:52:00+05:30,cty_f29656ff,,manual,1,active,2026-07-27T10:00:00+05:30,2026-08-18T10:00:00+05:30
exp_5f5661e8,trp_f9bdd86b,usr_7ad82b11,activities,Auto to the fort,640.74,INR,640.74,INR,2026-08-01,2026-06-16T22:15:00+05:30,cty_590d4b7b,,manual,0,active,2026-05-07T10:00:00+05:30,2026-08-18T10:00:00+05:30
exp_9b85a6a0,trp_3912eedc,usr_1a6892bf,shopping,Boat ride,1580.69,INR,1580.69,INR,2026-11-17,2026-11-18T22:37:00+05:30,cty_c07454f1,,manual,0,active,2026-08-15T10:00:00+05:30,2026-08-18T10:00:00+05:30
exp_9fca16e8,trp_09e8a8fb,usr_c582abb2,accommodation,Two nights,3166.07,INR,3166.07,INR,2026-10-30,2026-11-02T12:01:00+05:30,cty_aa759717,,manual,0,active,2026-06-08T10:00:00+05:30,2026-08-18T10:00:00+05:30
exp_7cc18b8b,trp_bcc5d027,usr_18a2e06d,transport,Airport taxi,2224.71,INR,2224.71,INR,2026-10-12,2026-10-12T16:19:00+05:30,cty_8b6b1652,,manual,0,active,2026-03-31T10:00:00+05:30,2026-08-18T10:00:00+05:30
exp_e0115a74,trp_87c1afde,usr_f60ade8b,food,Guide tip,12.12,AED,12.12,INR,2026-09-12,2026-09-12T07:11:00+05:30,cty_1ced6ede,,nl_text,0,active,2026-04-23T10:00:00+05:30,2026-08-18T10:00:00+05:30
exp_7df28c9a,trp_15632e85,usr_bc67142c,food,Souvenirs,1605.64,INR,1605.64,INR,2026-09-12,2026-09-12T07:16:00+05:30,cty_9aa02925,,manual,1,active,2026-07-19T10:00:00+05:30,2026-08-18T10:00:00+05:30
exp_6842a424,trp_4567900f,usr_e94f06ca,activities,Auto to the fort,28.90,AED,28.90,INR,2026-08-01,2026-05-09T11:18:00+05:30,cty_7b89639e,,manual,0,active,2026-06-02T10:00:00+05:30,2026-08-18T10:00:00+05:30
exp_3c333c72,trp_0f181044,usr_6303c026,food,Laundry,1401.34,INR,61.20,QAR,2026-09-06,2026-09-08T12:38:00+05:30,cty_f288c6a0,,import,1,active,2026-05-25T10:00:00+05:30,2026-08-18T10:00:00+05:30
exp_f5b970a5,trp_0e7cf08e,usr_e10845c8,misc,Souvenirs,731.44,LKR,731.44,INR,2026-10-30,2026-11-02T21:33:00+05:30,cty_009c9fd2,,manual,0,active,2026-07-27T10:00:00+05:30,2026-08-18T10:00:00+05:30
exp_80acf9b5,trp_14bf5f65,usr_65303113,transport,Laundry,1193.32,INR,1193.32,INR,2026-08-01,2026-08-02T16:06:00+05:30,cty_d35a9652,,manual,0,active,2026-04-03T10:00:00+05:30,2026-08-18T10:00:00+05:30
exp_f748cde1,trp_d2c39f89,usr_45175b03,accommodation,Airport taxi,5806.11,INR,5806.11,INR,2026-10-24,2026-10-26T19:57:00+05:30,cty_9327d518,,nl_text,0,active,2026-08-03T10:00:00+05:30,2026-08-18T10:00:00+05:30
exp_a51c3056,trp_26590ab5,usr_be4ecc52,misc,Auto to the fort,581.65,INR,581.65,INR,2026-08-01,2026-06-09T21:24:00+05:30,cty_a97c33ad,,manual,1,active,2026-04-15T10:00:00+05:30,2026-08-18T10:00:00+05:30
exp_952434d8,trp_e5d6ad9d,usr_357e579a,shopping,Auto to the fort,3146.33,INR,3146.33,INR,2026-08-01,2026-06-25T11:12:00+05:30,cty_10cbee86,,nl_text,0,active,2026-07-07T10:00:00+05:30,2026-08-18T10:00:00+05:30
exp_c2c628dd,trp_372d222b,usr_9a5cd9cf,food,Auto to the fort,297.30,THB,297.30,INR,2026-08-01,2026-06-30T13:25:00+05:30,cty_a5f16904,,manual,0,active,2026-06-23T10:00:00+05:30,2026-08-18T10:00:00+05:30
exp_ec31e02d,trp_ed2f3b97,usr_d8cab59f,food,Two nights,772.13,INR,147468.88,IDR,2026-08-01,2026-05-29T16:23:00+05:30,cty_ccb4fb74,,nl_text,1,active,2026-04-02T10:00:00+05:30,2026-08-18T10:00:00+05:30
exp_0178ea56,trp_4be0ba46,usr_1501196b,activities,Souvenirs,1016.18,INR,1022.40,BTN,2026-09-24,2026-09-23T11:56:00+05:30,cty_cfec17b6,,import,1,active,2026-06-30T10:00:00+05:30,2026-08-18T10:00:00+05:30
exp_75fd3125,trp_a9d6d238,usr_ea479c41,accommodation,Souvenirs,9150.59,NPR,9150.59,INR,2026-08-01,2026-07-26T08:36:00+05:30,cty_95d040d8,,manual,0,active,2026-06-26T10:00:00+05:30,2026-08-18T10:00:00+05:30
exp_c42c7285,trp_f25ef2fa,usr_02d5e350,food,Airport taxi,15.94,MYR,15.94,INR,2026-11-05,2026-11-03T17:25:00+05:30,cty_c9f34ba7,,nl_text,1,active,2026-06-17T10:00:00+05:30,2026-08-18T10:00:00+05:30
exp_a3e04227,trp_0cf04e06,usr_9cb9eedc,accommodation,Airport taxi,7879.01,INR,7879.01,INR,2026-10-24,2026-10-22T07:38:00+05:30,cty_67ee7f6f,,manual,0,active,2026-05-25T10:00:00+05:30,2026-08-18T10:00:00+05:30
exp_0eb3975a,trp_42c7ee54,usr_7b318031,accommodation,Auto to the fort,4182.68,INR,4182.68,INR,2026-11-17,2026-11-22T11:27:00+05:30,cty_718f03c7,,manual,0,active,2026-06-14T10:00:00+05:30,2026-08-18T10:00:00+05:30
exp_b7b09dde,trp_cab596c9,usr_afaebefa,accommodation,Laundry,3852.21,INR,3852.21,INR,2026-10-24,2026-10-23T12:47:00+05:30,cty_5d572c8a,,nl_text,0,active,2026-06-21T10:00:00+05:30,2026-08-18T10:00:00+05:30
exp_87f39fec,trp_994c9a51,usr_6be041f5,food,Laundry,1449.68,INR,5044.79,LKR,2026-08-01,2026-06-01T18:23:00+05:30,cty_cf1c6ac5,,import,1,active,2026-07-08T10:00:00+05:30,2026-08-18T10:00:00+05:30
exp_1b618738,trp_79899032,usr_40c95b13,accommodation,Guide tip,6940.35,LKR,6940.35,INR,2026-08-01,2026-06-14T11:51:00+05:30,cty_009c9fd2,,manual,0,active,2026-04-11T10:00:00+05:30,2026-08-18T10:00:00+05:30
exp_efd31c7c,trp_25a980cf,usr_2b053270,food,Guide tip,1158.26,JPY,1158.26,JPY,2026-09-12,2026-09-14T21:28:00+05:30,,,nl_text,0,active,2026-04-20T10:00:00+05:30,2026-08-18T10:00:00+05:30
exp_c2e7ffa0,trp_f2bf08e7,usr_160064ff,food,Souvenirs,1312.95,INR,1312.95,INR,2026-11-11,2026-11-10T15:27:00+05:30,cty_ab50efee,,manual,1,active,2026-06-08T10:00:00+05:30,2026-08-18T10:00:00+05:30
exp_1784fe11,trp_3c03178d,usr_f855344d,activities,Auto to the fort,1003.89,INR,1003.89,INR,2026-10-18,2026-10-19T18:44:00+05:30,cty_0d9ab6ff,,manual,1,active,2026-04-16T10:00:00+05:30,2026-08-18T10:00:00+05:30
exp_e0995e14,trp_2578a1a2,usr_157e58e7,food,Coffee and snacks,280.66,INR,12.22,AED,2026-08-01,2026-05-31T13:31:00+05:30,cty_ccb4fb74,,manual,0,active,2026-07-09T10:00:00+05:30,2026-08-18T10:00:00+05:30
exp_dd90c3f7,trp_074ec52a,usr_ee6409a7,transport,Dinner,2112.12,INR,2112.12,INR,2026-09-06,2026-09-04T22:35:00+05:30,cty_5d572c8a,,manual,0,active,2026-04-29T10:00:00+05:30,2026-08-18T10:00:00+05:30
exp_f104f065,trp_37519e08,usr_16017e92,accommodation,Boat ride,9267.63,INR,9267.63,INR,2026-08-01,2026-07-31T15:08:00+05:30,cty_c07454f1,,manual,1,active,2026-07-02T10:00:00+05:30,2026-08-18T10:00:00+05:30
exp_48c52855,trp_e8bed4a6,usr_32f091df,transport,Auto to the fort,1034.49,INR,1034.49,INR,2026-08-01,2026-05-24T14:21:00+05:30,cty_7cb0b529,,manual,0,active,2026-07-20T10:00:00+05:30,2026-08-18T10:00:00+05:30
exp_9770704f,trp_152be4e1,usr_e1cd7b02,food,Museum tickets,252.71,INR,252.71,INR,2026-08-01,2026-07-11T11:32:00+05:30,cty_a97c33ad,,manual,0,active,2026-05-03T10:00:00+05:30,2026-08-18T10:00:00+05:30
exp_3bb65333,trp_64030cdd,usr_34f98272,food,Auto to the fort,1033.89,INR,1033.89,INR,2026-08-01,2026-07-16T19:10:00+05:30,cty_c43cfa94,,manual,0,active,2026-08-01T10:00:00+05:30,2026-08-18T10:00:00+05:30
exp_60fbe55d,trp_8580f983,usr_e3b9431c,transport,Souvenirs,656.58,INR,656.58,INR,2026-08-01,2026-05-18T10:48:00+05:30,cty_1ced6ede,,manual,0,active,2026-06-24T10:00:00+05:30,2026-08-18T10:00:00+05:30
exp_4c437bb4,trp_f1bbbfc4,usr_d89a661b,food,Airport taxi,631.75,INR,631.75,INR,2026-11-17,2026-11-20T15:47:00+05:30,cty_621f4a84,,manual,0,active,2026-07-27T10:00:00+05:30,2026-08-18T10:00:00+05:30
exp_c265d1e1,trp_8b48ae6e,usr_520d9624,food,Dinner,1383.22,INR,1383.22,INR,2026-11-17,2026-12-10T10:48:00+05:30,cty_7be8559f,,nl_text,0,active,2026-05-20T10:00:00+05:30,2026-08-18T10:00:00+05:30
exp_45796e4f,trp_5a3f0c25,usr_12f95c97,transport,Two nights,623.94,INR,623.94,INR,2026-09-18,2026-09-18T18:56:00+05:30,cty_10cbee86,,manual,1,active,2026-08-15T10:00:00+05:30,2026-08-18T10:00:00+05:30
exp_878fdddd,trp_22fefa8b,usr_29fdaeb0,food,Laundry,736.84,INR,736.84,INR,2026-08-31,2026-08-29T19:19:00+05:30,cty_590d4b7b,,manual,0,active,2026-05-19T10:00:00+05:30,2026-08-18T10:00:00+05:30
exp_35b8718f,trp_1c6b709c,usr_2433031a,misc,Boat ride,34.28,AED,34.28,AED,2026-08-01,2026-07-29T09:43:00+05:30,cty_95d040d8,,manual,0,active,2026-05-11T10:00:00+05:30,2026-08-18T10:00:00+05:30
exp_b57d349a,trp_0e4afde6,usr_0b8f3bdc,misc,Boat ride,414.03,INR,414.03,INR,2026-09-12,2026-09-11T22:45:00+05:30,cty_ab50efee,,manual,0,active,2026-05-31T10:00:00+05:30,2026-08-18T10:00:00+05:30
exp_cb9960d5,trp_ff8e9fec,usr_a386ca28,transport,Boat ride,773.35,INR,773.35,INR,2026-11-17,2026-11-27T22:38:00+05:30,cty_32e8e65c,,import,0,active,2026-04-25T10:00:00+05:30,2026-08-18T10:00:00+05:30
exp_3f732038,trp_09f90a77,usr_07f03d4c,transport,Boat ride,2190.86,NPR,2190.86,INR,2026-11-11,2026-11-14T07:43:00+05:30,,,manual,0,active,2026-03-22T10:00:00+05:30,2026-08-18T10:00:00+05:30
exp_f3c2d59a,trp_de13b938,usr_96740172,shopping,Museum tickets,660.17,INR,660.17,INR,2026-10-24,2026-10-23T16:41:00+05:30,cty_621f4a84,,nl_text,0,active,2026-04-29T10:00:00+05:30,2026-08-18T10:00:00+05:30
exp_039656f7,trp_60a62e81,usr_bff7bdb8,transport,Auto to the fort,2118.52,INR,2118.52,INR,2026-08-01,2026-08-01T17:44:00+05:30,cty_7fc82336,,manual,0,active,2026-04-18T10:00:00+05:30,2026-08-18T10:00:00+05:30
exp_076d01a3,trp_f18e9739,usr_b10b6018,misc,Boat ride,769.64,INR,33.43,QAR,2026-08-25,2026-08-28T19:19:00+05:30,cty_076e8e86,,manual,0,active,2026-05-29T10:00:00+05:30,2026-08-18T10:00:00+05:30
exp_0feb87f2,trp_53200b9d,usr_bff7bdb8,transport,Laundry,1829.24,INR,755.97,THB,2026-08-01,2026-06-19T13:18:00+05:30,cty_aa759717,,import,0,active,2026-05-07T10:00:00+05:30,2026-08-18T10:00:00+05:30
exp_65a05f9b,trp_357dbb6b,usr_a6999f45,fees,Two nights,117708.75,IDR,117708.75,INR,2026-08-01,2026-05-22T12:45:00+05:30,cty_36afaa5c,rcp_54ff6c5c,ocr,0,active,2026-07-14T10:00:00+05:30,2026-08-18T10:00:00+05:30
exp_a18144a0,trp_73adc9df,usr_1dd8f348,accommodation,Souvenirs,2579.91,INR,2579.91,INR,2026-08-01,2026-05-27T07:56:00+05:30,cty_36afaa5c,,manual,1,active,2026-04-22T10:00:00+05:30,2026-08-18T10:00:00+05:30
exp_212b6326,trp_f8995cd0,usr_b204c453,accommodation,Souvenirs,3652.87,INR,3652.87,INR,2026-11-17,2026-11-30T22:20:00+05:30,cty_aa759717,,manual,1,active,2026-07-20T10:00:00+05:30,2026-08-18T10:00:00+05:30
exp_4361a2ca,trp_31015abc,usr_a0f188fa,food,Airport taxi,676.69,INR,676.69,INR,2026-08-01,2026-05-16T12:36:00+05:30,cty_caf3c1ee,,manual,0,active,2026-05-03T10:00:00+05:30,2026-08-18T10:00:00+05:30
exp_b6dd41c5,trp_8e052cdf,usr_74ed32ff,activities,Boat ride,782.70,INR,782.70,INR,2026-08-01,2026-05-09T20:23:00+05:30,cty_c43cfa94,,manual,1,active,2026-07-24T10:00:00+05:30,2026-08-18T10:00:00+05:30
exp_ad0f1ae1,trp_34f84795,usr_8e84ba7a,food,Boat ride,791.98,INR,42.79,MYR,2026-09-24,2026-09-23T21:13:00+05:30,cty_3503e391,,manual,1,active,2026-04-25T10:00:00+05:30,2026-08-18T10:00:00+05:30
exp_a539b13f,trp_c5887464,usr_3190040f,food,Souvenirs,1209.49,LKR,1209.49,INR,2026-10-18,2026-10-20T12:34:00+05:30,cty_a50bc5dd,,manual,0,active,2026-04-30T10:00:00+05:30,2026-08-18T10:00:00+05:30
exp_f316d34e,trp_7844b321,usr_2b11a6c9,transport,Auto to the fort,792.99,INR,792.99,INR,2026-08-01,2026-06-02T07:28:00+05:30,cty_b6ccbb3b,,manual,1,active,2026-04-22T10:00:00+05:30,2026-08-18T10:00:00+05:30
exp_598eaa90,trp_520c7693,usr_77e91c3a,food,Laundry,980.22,INR,980.22,INR,2026-08-13,2026-08-12T18:02:00+05:30,cty_cfec17b6,,import,1,active,2026-04-13T10:00:00+05:30,2026-08-18T10:00:00+05:30
exp_c92add72,trp_8c188c27,usr_40c95b13,accommodation,Dinner,2773.17,INR,2773.17,INR,2026-08-19,2026-08-19T17:23:00+05:30,cty_8fc1539e,,manual,0,active,2026-07-07T10:00:00+05:30,2026-08-18T10:00:00+05:30
exp_bd272986,trp_ac2f90d3,usr_58d2b52f,food,Two nights,199.07,MVR,199.07,INR,2026-11-17,2026-11-19T20:37:00+05:30,cty_9aa02925,,manual,0,active,2026-04-29T10:00:00+05:30,2026-08-18T10:00:00+05:30
exp_1d00707f,trp_5ad4267c,usr_7da99ef5,accommodation,Coffee and snacks,5783.65,INR,5783.65,INR,2026-10-06,2026-10-09T08:15:00+05:30,cty_d401ef6b,,manual,0,active,2026-08-17T10:00:00+05:30,2026-08-18T10:00:00+05:30
exp_59b4f25e,trp_baeb9644,usr_0000ca76,accommodation,Guide tip,3934.17,INR,3934.17,INR,2026-10-06,2026-10-04T21:37:00+05:30,cty_34bbfdfe,,nl_text,0,active,2026-04-06T10:00:00+05:30,2026-08-18T10:00:00+05:30
exp_ea6e69a7,trp_7fe2e631,usr_f3d35bfe,food,Museum tickets,27.41,AED,27.41,INR,2026-08-01,2026-06-22T17:28:00+05:30,cty_1ced6ede,,import,0,active,2026-05-02T10:00:00+05:30,2026-08-18T10:00:00+05:30
exp_d8651a4e,trp_cafb851c,usr_be4ecc52,misc,Dinner,1392.28,JPY,1392.28,INR,2026-10-18,2026-10-19T08:44:00+05:30,cty_51a149b7,,nl_text,0,active,2026-07-29T10:00:00+05:30,2026-08-18T10:00:00+05:30
exp_75758c51,trp_73b4e062,usr_5f1e6e1c,shopping,Auto to the fort,2640.78,INR,2640.78,INR,2026-08-31,2026-08-31T21:14:00+05:30,cty_cfec17b6,,manual,0,active,2026-08-08T10:00:00+05:30,2026-08-18T10:00:00+05:30
exp_8fd9dfa5,trp_7543950b,usr_6f068e43,food,Auto to the fort,986.88,INR,3549.59,LKR,2026-10-12,2026-10-14T19:32:00+05:30,cty_ab50efee,,manual,0,active,2026-03-22T10:00:00+05:30,2026-08-18T10:00:00+05:30
exp_0adebf52,trp_dbe8a03a,usr_62b3f8b8,accommodation,Guide tip,9164.46,INR,9164.46,INR,2026-11-17,2026-11-22T10:29:00+05:30,cty_34bbfdfe,,manual,0,active,2026-04-16T10:00:00+05:30,2026-08-18T10:00:00+05:30
exp_2d8964dd,trp_53f18756,usr_b8779399,accommodation,Airport taxi,10985.56,JPY,266.86,AED,2026-10-30,2026-10-29T16:45:00+05:30,cty_51a149b7,,import,1,active,2026-07-31T10:00:00+05:30,2026-08-18T10:00:00+05:30
exp_f04e57c4,trp_357dbb6b,usr_a6999f45,accommodation,Airport taxi,407053.64,IDR,407053.64,INR,2026-08-01,2026-05-22T22:11:00+05:30,cty_36afaa5c,,manual,1,active,2026-04-13T10:00:00+05:30,2026-08-18T10:00:00+05:30
exp_cb72bf50,trp_49772eb7,usr_b4a877b0,accommodation,Coffee and snacks,418.22,QAR,418.22,INR,2026-08-01,2026-07-14T15:37:00+05:30,cty_6320eea9,,manual,0,active,2026-05-02T10:00:00+05:30,2026-08-18T10:00:00+05:30
exp_3b8e3da8,trp_3faed012,usr_2808d36a,activities,Guide tip,557.17,INR,557.17,INR,2026-08-13,2026-08-14T14:49:00+05:30,cty_7cb0b529,,manual,1,active,2026-06-03T10:00:00+05:30,2026-08-18T10:00:00+05:30
exp_c0a59eab,trp_e59e0b3d,usr_2c8b7af8,accommodation,Museum tickets,9319.86,INR,9319.86,INR,2026-09-30,2026-10-01T19:05:00+05:30,cty_51a149b7,,nl_text,0,active,2026-06-04T10:00:00+05:30,2026-08-18T10:00:00+05:30
exp_ffaa97de,trp_894ef822,usr_fedbd227,transport,Auto to the fort,601.80,INR,601.80,INR,2026-08-01,2026-06-15T14:46:00+05:30,cty_7fc82336,,manual,0,active,2026-07-22T10:00:00+05:30,2026-08-18T10:00:00+05:30
exp_7306afd3,trp_4a6fffa7,usr_acb4c4ba,fees,Dinner,406.83,INR,406.83,INR,2026-11-17,2026-11-26T17:58:00+05:30,cty_7be8559f,,manual,1,active,2026-08-15T10:00:00+05:30,2026-08-18T10:00:00+05:30
exp_0c5994fa,trp_b2aef743,usr_7796e5e8,transport,Boat ride,1479.45,INR,1479.45,INR,2026-08-01,2026-06-21T20:28:00+05:30,cty_718f03c7,,manual,0,active,2026-05-18T10:00:00+05:30,2026-08-18T10:00:00+05:30
exp_5c559063,trp_c523a05c,usr_fc3617c0,accommodation,Dinner,8114.26,INR,8114.26,INR,2026-09-30,2026-10-02T17:44:00+05:30,cty_f288c6a0,,manual,1,active,2026-05-04T10:00:00+05:30,2026-08-18T10:00:00+05:30
exp_53390627,trp_79c91f6b,usr_85c09ee4,food,Laundry,472.48,INR,472.48,INR,2026-08-01,2026-05-19T19:40:00+05:30,cty_cf1c6ac5,,manual,0,active,2026-07-09T10:00:00+05:30,2026-08-18T10:00:00+05:30
exp_ae424740,trp_cb526c8f,usr_538f6e20,accommodation,Two nights,5080.12,INR,5080.12,INR,2026-11-17,2026-12-10T07:23:00+05:30,cty_c97e6cd5,,manual,0,active,2026-04-13T10:00:00+05:30,2026-08-18T10:00:00+05:30
exp_dc214bbf,trp_32ae8bfe,usr_63d19d4c,food,Boat ride,960.50,INR,960.50,INR,2026-08-01,2026-05-19T15:29:00+05:30,cty_f29656ff,,manual,1,active,2026-07-29T10:00:00+05:30,2026-08-18T10:00:00+05:30
exp_2368f163,trp_27e50a35,usr_0dc99bd5,food,Dinner,1318.31,INR,1318.31,INR,2026-11-17,2026-11-22T20:36:00+05:30,cty_b43cdd57,,manual,0,active,2026-06-10T10:00:00+05:30,2026-08-18T10:00:00+05:30
exp_efe1b9ba,trp_5263ffa3,usr_d20b2a69,activities,Auto to the fort,1855.27,INR,1855.27,INR,2026-08-01,2026-08-01T20:34:00+05:30,cty_17b8ef2f,,nl_text,0,active,2026-07-21T10:00:00+05:30,2026-08-18T10:00:00+05:30
exp_81b5f30c,trp_9de9979d,usr_4f4d8587,transport,Museum tickets,21.23,CHF,21.23,INR,2026-08-01,2026-07-31T09:49:00+05:30,cty_0b7f5985,,manual,1,active,2026-05-21T10:00:00+05:30,2026-08-18T10:00:00+05:30
exp_441fabfb,trp_66313d66,usr_1dc8f83e,transport,Laundry,789.40,THB,789.40,INR,2026-08-01,2026-05-10T20:54:00+05:30,cty_a5f16904,,nl_text,1,active,2026-05-16T10:00:00+05:30,2026-08-18T10:00:00+05:30
exp_47a0728f,trp_e5fcba16,usr_f94cda41,activities,Boat ride,1201.58,INR,1201.58,INR,2026-10-24,2026-10-27T14:21:00+05:30,cty_621f4a84,,manual,0,active,2026-04-15T10:00:00+05:30,2026-08-18T10:00:00+05:30
exp_4616a104,trp_f45d3ef9,usr_c4dc3602,shopping,Two nights,1173.61,INR,1173.61,INR,2026-08-01,2026-06-26T21:00:00+05:30,cty_d35a9652,,manual,1,active,2026-05-06T10:00:00+05:30,2026-08-18T10:00:00+05:30
exp_1310d868,trp_0f1dfedf,usr_c426b4e1,food,Boat ride,129.45,THB,129.45,INR,2026-11-11,2026-11-10T16:10:00+05:30,cty_a5f16904,,import,0,active,2026-06-06T10:00:00+05:30,2026-08-18T10:00:00+05:30
exp_f94eeb1d,trp_70ac83bf,usr_b021d103,transport,Auto to the fort,1389.72,INR,1389.72,INR,2026-11-11,2026-11-09T07:52:00+05:30,cty_67ee7f6f,,manual,1,active,2026-04-14T10:00:00+05:30,2026-08-18T10:00:00+05:30
exp_181bacdc,trp_7a22e52a,usr_e6dca418,food,Souvenirs,261.68,INR,261.68,INR,2026-11-17,2026-11-24T16:24:00+05:30,cty_541018a9,,manual,0,active,2026-05-02T10:00:00+05:30,2026-08-18T10:00:00+05:30
exp_3dc515a4,trp_92b064f2,usr_c659e4bf,food,Museum tickets,939.28,INR,179392.81,IDR,2026-08-01,2026-06-10T19:42:00+05:30,cty_10cbee86,,import,0,active,2026-07-31T10:00:00+05:30,2026-08-18T10:00:00+05:30
exp_146c45fc,trp_f1eefc06,usr_87ae707a,food,Museum tickets,1386.49,JPY,1386.49,INR,2026-11-17,2026-11-20T19:14:00+05:30,cty_51a149b7,,manual,1,active,2026-06-10T10:00:00+05:30,2026-08-18T10:00:00+05:30
exp_aa48f425,trp_61372035,usr_b0226153,food,Museum tickets,3464.62,LKR,3464.62,INR,2026-08-01,2026-07-11T19:04:00+05:30,cty_a50bc5dd,rcp_1dac8363,ocr,0,active,2026-05-18T10:00:00+05:30,2026-08-18T10:00:00+05:30
exp_a21b54ff,trp_b14214a6,usr_78afc45f,food,Auto to the fort,1527.00,INR,1527.00,INR,2026-11-17,2026-11-18T19:03:00+05:30,cty_95e7c8ca,,manual,0,active,2026-06-10T10:00:00+05:30,2026-08-18T10:00:00+05:30
exp_096e538d,trp_8b6125c3,usr_2c93ab7f,transport,Dinner,1702.77,INR,1702.77,INR,2026-10-12,2026-10-11T18:05:00+05:30,cty_f288c6a0,,manual,1,active,2026-05-28T10:00:00+05:30,2026-08-18T10:00:00+05:30
exp_35be6816,trp_41efeeee,usr_f4293e56,shopping,Coffee and snacks,951.99,INR,951.99,INR,2026-08-01,2026-05-18T07:53:00+05:30,cty_f288c6a0,,manual,1,active,2026-06-23T10:00:00+05:30,2026-08-18T10:00:00+05:30
exp_3c31a64c,trp_0ea3db93,usr_1cec1f14,food,Guide tip,610.51,INR,610.51,INR,2026-10-24,2026-10-26T08:50:00+05:30,cty_9327d518,,nl_text,1,active,2026-07-29T10:00:00+05:30,2026-08-18T10:00:00+05:30
exp_39fd52e7,trp_a8e65113,usr_db9c91fe,food,Souvenirs,1334.11,INR,4670.20,LKR,2026-08-19,2026-08-19T18:13:00+05:30,cty_828a7777,,manual,1,active,2026-07-01T10:00:00+05:30,2026-08-18T10:00:00+05:30
exp_9ed35c1b,trp_16836146,usr_209a82fa,transport,Dinner,445.45,INR,445.45,INR,2026-11-17,2026-12-01T17:01:00+05:30,cty_d4f5e3a5,,manual,1,active,2026-06-06T10:00:00+05:30,2026-08-18T10:00:00+05:30
exp_e5f93577,trp_44abe323,usr_3134253d,food,Laundry,1222.46,INR,1222.46,INR,2026-08-01,2026-05-29T08:04:00+05:30,cty_f29656ff,rcp_041aba1f,ocr,1,active,2026-04-10T10:00:00+05:30,2026-08-18T10:00:00+05:30
exp_6ad6df13,trp_3e1f142c,usr_cea18c83,fees,Airport taxi,241.09,INR,241.09,INR,2026-09-18,2026-09-17T15:48:00+05:30,cty_f29656ff,,manual,0,active,2026-04-11T10:00:00+05:30,2026-08-18T10:00:00+05:30
exp_7969fc6a,trp_2e23ea17,usr_afacd025,activities,Souvenirs,1020.08,INR,3692.38,LKR,2026-10-18,2026-10-17T11:06:00+05:30,cty_9327d518,,manual,1,active,2026-06-04T10:00:00+05:30,2026-08-18T10:00:00+05:30
exp_a9110c66,trp_418cd9f5,usr_8659fe93,activities,Guide tip,81.82,MVR,81.82,INR,2026-11-11,2026-11-14T13:03:00+05:30,cty_9aa02925,rcp_9d7cd86a,ocr,0,active,2026-07-01T10:00:00+05:30,2026-08-18T10:00:00+05:30
exp_9ea95d16,trp_e427f350,usr_51294c66,accommodation,Museum tickets,9332.27,INR,14737.16,NPR,2026-08-01,2026-07-11T15:03:00+05:30,cty_cf1c6ac5,,import,0,active,2026-04-17T10:00:00+05:30,2026-08-18T10:00:00+05:30
exp_cfe4ea05,trp_1c384989,usr_52de2228,transport,Two nights,2041.71,INR,2041.71,INR,2026-08-19,2026-08-21T17:54:00+05:30,cty_0d062a51,,manual,0,active,2026-05-16T10:00:00+05:30,2026-08-18T10:00:00+05:30
exp_4f7df2e2,trp_388e9bd8,usr_1ef037a0,food,Two nights,798.91,BTN,798.91,INR,2026-08-01,2026-06-01T19:31:00+05:30,cty_79cbc59b,,nl_text,0,active,2026-04-19T10:00:00+05:30,2026-08-18T10:00:00+05:30
exp_00f90bc2,trp_77488f6d,usr_62b3f8b8,fees,Dinner,701.57,INR,701.57,INR,2026-08-01,2026-07-07T17:18:00+05:30,cty_c07454f1,,manual,0,active,2026-04-04T10:00:00+05:30,2026-08-18T10:00:00+05:30
exp_d9bb1936,trp_377a871a,usr_a370271a,food,Auto to the fort,665.59,NPR,665.59,INR,2026-08-01,2026-06-09T21:45:00+05:30,cty_c0f2d9de,,manual,0,active,2026-07-12T10:00:00+05:30,2026-08-18T10:00:00+05:30
exp_1d53f55c,trp_a396cd51,usr_4d8f3b3a,accommodation,Guide tip,3394.29,INR,3394.29,INR,2026-10-30,2026-10-31T08:10:00+05:30,cty_67ee7f6f,,manual,1,active,2026-07-20T10:00:00+05:30,2026-08-18T10:00:00+05:30
exp_83b914cf,trp_9af6e7d4,usr_e7b2dd09,activities,Guide tip,1855.38,INR,1855.38,INR,2026-08-01,2026-06-09T18:52:00+05:30,cty_f288c6a0,,manual,1,active,2026-07-24T10:00:00+05:30,2026-08-18T10:00:00+05:30
exp_2b23772f,trp_603a2836,usr_f353d290,transport,Museum tickets,1980.23,INR,1980.23,INR,2026-08-01,2026-05-30T22:02:00+05:30,cty_7be8559f,,manual,0,active,2026-04-02T10:00:00+05:30,2026-08-18T10:00:00+05:30
exp_0cc39215,trp_572d4b08,usr_5bbebfef,activities,Two nights,734.50,INR,734.50,INR,2026-09-24,2026-09-27T15:48:00+05:30,cty_7f673457,,manual,1,active,2026-06-02T10:00:00+05:30,2026-08-18T10:00:00+05:30
exp_2672a566,trp_5162b851,usr_373b76a9,accommodation,Two nights,9374.15,INR,9374.15,INR,2026-08-01,2026-06-22T09:53:00+05:30,cty_5d572c8a,,nl_text,1,active,2026-08-12T10:00:00+05:30,2026-08-18T10:00:00+05:30
exp_55929693,trp_cb0bf61d,usr_c538bbe8,transport,Laundry,447.63,INR,447.63,INR,2026-08-19,2026-08-20T11:28:00+05:30,cty_828a7777,,nl_text,1,active,2026-07-26T10:00:00+05:30,2026-08-18T10:00:00+05:30
exp_db021da8,trp_5b79ffd1,usr_065fbc7f,transport,Coffee and snacks,1402.30,INR,1402.30,INR,2026-11-17,2026-12-07T14:47:00+05:30,,,import,0,active,2026-07-22T10:00:00+05:30,2026-08-18T10:00:00+05:30
exp_4c11cc51,trp_7d8e2e3c,usr_14ca6dc1,food,Guide tip,1430.07,INR,1430.07,INR,2026-08-01,2026-07-27T20:09:00+05:30,cty_17b8ef2f,,nl_text,0,active,2026-06-13T10:00:00+05:30,2026-08-18T10:00:00+05:30
exp_80f327e7,trp_c675b49c,usr_02b3a36d,accommodation,Museum tickets,271.13,AED,271.13,INR,2026-10-06,2026-10-09T21:20:00+05:30,cty_1ced6ede,,nl_text,0,active,2026-05-16T10:00:00+05:30,2026-08-18T10:00:00+05:30
exp_351755fb,trp_3c03178d,usr_f855344d,food,Coffee and snacks,646.85,INR,646.85,INR,2026-10-18,2026-10-20T21:15:00+05:30,cty_0d9ab6ff,rcp_f2113953,ocr,1,active,2026-07-11T10:00:00+05:30,2026-08-18T10:00:00+05:30
exp_430f3e18,trp_c60c3b5a,usr_c46032f3,accommodation,Two nights,4696.45,INR,4696.45,INR,2026-08-25,2026-08-24T11:21:00+05:30,cty_d401ef6b,,manual,1,active,2026-05-15T10:00:00+05:30,2026-08-18T10:00:00+05:30
exp_e25f244c,trp_940ac1af,usr_3f4f4c52,food,Airport taxi,758.69,INR,758.69,INR,2026-08-25,2026-08-26T08:48:00+05:30,cty_8fc1539e,,manual,0,active,2026-04-09T10:00:00+05:30,2026-08-18T10:00:00+05:30
exp_c3ad591b,trp_46f6a107,usr_7d0ce609,accommodation,Souvenirs,6434.40,INR,348.74,MYR,2026-09-30,2026-09-30T11:42:00+05:30,cty_34bbfdfe,,manual,1,active,2026-05-08T10:00:00+05:30,2026-08-18T10:00:00+05:30
exp_65ba13dd,trp_a7356ab0,usr_c582abb2,accommodation,Airport taxi,8417.21,INR,8417.21,INR,2026-08-01,2026-07-21T15:40:00+05:30,cty_076e8e86,,manual,0,active,2026-08-03T10:00:00+05:30,2026-08-18T10:00:00+05:30
exp_862125e2,trp_d22f372f,usr_63d19d4c,accommodation,Dinner,7720.82,INR,7720.82,INR,2026-09-24,2026-09-23T19:40:00+05:30,cty_9327d518,,nl_text,0,active,2026-08-13T10:00:00+05:30,2026-08-18T10:00:00+05:30
exp_bae37c0f,trp_b038cfbe,usr_e1fb52ea,food,Guide tip,1165.29,INR,1165.29,INR,2026-11-11,2026-11-10T15:10:00+05:30,cty_828a7777,,manual,0,active,2026-04-07T10:00:00+05:30,2026-08-18T10:00:00+05:30
exp_971dddf0,trp_994c9a51,usr_6be041f5,transport,Two nights,1400.05,INR,4872.08,LKR,2026-08-01,2026-06-03T21:11:00+05:30,cty_cf1c6ac5,,import,0,active,2026-06-12T10:00:00+05:30,2026-08-18T10:00:00+05:30
exp_95224521,trp_2035c85a,usr_3438d3c4,accommodation,Auto to the fort,271.24,MYR,271.24,INR,2026-08-01,2026-06-19T20:53:00+05:30,cty_c9f34ba7,,nl_text,0,active,2026-05-18T10:00:00+05:30,2026-08-18T10:00:00+05:30
exp_a891f4f3,trp_e4e09b00,usr_17b45921,food,Boat ride,35.87,AED,8.54,CHF,2026-08-01,2026-07-31T21:11:00+05:30,cty_1ced6ede,,manual,1,active,2026-04-28T10:00:00+05:30,2026-08-18T10:00:00+05:30
exp_2e203f84,trp_c403d6fa,usr_ce9ee3ae,accommodation,Guide tip,9877.52,INR,102.40,CHF,2026-08-01,2026-06-23T20:45:00+05:30,,,nl_text,1,active,2026-05-03T10:00:00+05:30,2026-08-18T10:00:00+05:30
exp_1c6a4982,trp_773ff3c5,usr_14c738e0,activities,Airport taxi,918.29,INR,918.29,INR,2026-09-30,2026-09-30T14:39:00+05:30,cty_c97e6cd5,,nl_text,0,active,2026-06-16T10:00:00+05:30,2026-08-18T10:00:00+05:30
exp_b60db64f,trp_1f82c042,usr_fc3617c0,transport,Two nights,693.64,THB,693.64,THB,2026-08-01,2026-06-27T13:26:00+05:30,cty_17b8ef2f,,manual,0,active,2026-08-01T10:00:00+05:30,2026-08-18T10:00:00+05:30
exp_e3b8c35a,trp_c2f959a5,usr_b376fa1f,transport,Auto to the fort,1648.83,INR,1648.83,INR,2026-08-01,2026-06-06T14:11:00+05:30,cty_a5f16904,,import,1,active,2026-05-24T10:00:00+05:30,2026-08-18T10:00:00+05:30
exp_941111db,trp_7d8e2e3c,usr_14ca6dc1,food,Dinner,671.80,INR,671.80,INR,2026-08-01,2026-07-27T16:33:00+05:30,cty_17b8ef2f,,manual,0,active,2026-06-06T10:00:00+05:30,2026-08-18T10:00:00+05:30
exp_16eee884,trp_0e4afde6,usr_0b8f3bdc,food,Auto to the fort,1214.52,INR,1214.52,INR,2026-09-12,2026-09-13T11:58:00+05:30,cty_ab50efee,,nl_text,1,active,2026-06-25T10:00:00+05:30,2026-08-18T10:00:00+05:30
exp_c7aaa249,trp_32bc8fa5,usr_8ed02105,shopping,Auto to the fort,2436.75,NPR,2436.75,NPR,2026-11-17,2026-12-03T11:24:00+05:30,cty_0d9ab6ff,,manual,1,active,2026-07-31T10:00:00+05:30,2026-08-18T10:00:00+05:30
exp_7dc1413b,trp_55127690,usr_2de68d4f,transport,Two nights,861.97,INR,861.97,INR,2026-09-18,2026-09-18T10:55:00+05:30,cty_0d9ab6ff,,import,0,active,2026-05-31T10:00:00+05:30,2026-08-18T10:00:00+05:30
exp_3f7a979b,trp_1800f567,usr_9181bfe3,accommodation,Guide tip,9607.06,INR,431.77,AED,2026-11-11,2026-11-12T10:57:00+05:30,cty_f29656ff,,manual,0,active,2026-08-17T10:00:00+05:30,2026-08-18T10:00:00+05:30
exp_c8603c06,trp_6fb32210,usr_e076a69d,food,Coffee and snacks,1124.06,INR,1124.06,INR,2026-11-17,2026-11-29T14:37:00+05:30,cty_bbb31d67,,nl_text,0,active,2026-04-19T10:00:00+05:30,2026-08-18T10:00:00+05:30
exp_c0348631,trp_7fe2e631,usr_f3d35bfe,transport,Museum tickets,84.04,AED,84.04,INR,2026-08-01,2026-06-26T19:05:00+05:30,cty_1ced6ede,,manual,0,active,2026-07-17T10:00:00+05:30,2026-08-18T10:00:00+05:30
exp_7d6a2077,trp_f05ed67d,usr_6ec8f18d,transport,Souvenirs,1257.09,INR,20.58,SGD,2026-10-24,2026-10-23T19:32:00+05:30,cty_b6ccbb3b,,import,0,active,2026-03-27T10:00:00+05:30,2026-08-18T10:00:00+05:30
exp_cab97872,trp_1958f050,usr_6e3b5c10,food,Laundry,1528.20,NPR,1528.20,INR,2026-08-01,2026-07-06T09:41:00+05:30,cty_95d040d8,,manual,0,active,2026-05-11T10:00:00+05:30,2026-08-18T10:00:00+05:30
exp_71fd1953,trp_19bd0b98,usr_5dec704e,accommodation,Boat ride,2396.65,INR,2396.65,INR,2026-08-01,2026-07-01T12:13:00+05:30,cty_d35a9652,rcp_4a16aa3d,ocr,0,active,2026-07-08T10:00:00+05:30,2026-08-18T10:00:00+05:30
exp_469a8eb0,trp_8b6125c3,usr_2c93ab7f,food,Dinner,533.19,INR,533.19,INR,2026-10-12,2026-10-14T10:53:00+05:30,cty_f288c6a0,,nl_text,0,active,2026-04-26T10:00:00+05:30,2026-08-18T10:00:00+05:30
exp_fcd0b9fc,trp_4a923b00,usr_ddfd9a4a,food,Two nights,802.87,INR,802.87,INR,2026-09-24,2026-09-26T18:09:00+05:30,,,nl_text,1,active,2026-04-25T10:00:00+05:30,2026-08-18T10:00:00+05:30
exp_20450065,trp_d7693837,usr_e3b9431c,accommodation,Laundry,9857.19,INR,9857.19,INR,2026-11-17,2026-11-17T09:55:00+05:30,cty_8b6b1652,,nl_text,1,active,2026-06-04T10:00:00+05:30,2026-08-18T10:00:00+05:30
exp_f63341b3,trp_550c7b3b,usr_1217680f,transport,Dinner,1927.86,INR,1927.86,INR,2026-08-25,2026-08-25T16:55:00+05:30,cty_f288c6a0,,manual,0,active,2026-07-24T10:00:00+05:30,2026-08-18T10:00:00+05:30
exp_37a28a67,trp_cb526c8f,usr_942658c9,food,Laundry,1081.85,INR,1081.85,INR,2026-11-17,2026-12-08T16:43:00+05:30,cty_c97e6cd5,,manual,0,active,2026-05-24T10:00:00+05:30,2026-08-18T10:00:00+05:30
exp_a4a71aed,trp_3d0f7e84,usr_2182a4d3,transport,Coffee and snacks,2270.64,INR,2270.64,INR,2026-10-18,2026-10-18T11:52:00+05:30,cty_5698a7ab,rcp_9a24e718,ocr,0,active,2026-04-15T10:00:00+05:30,2026-08-18T10:00:00+05:30
exp_acc64de5,trp_d1b2a8eb,usr_108e6f0f,misc,Auto to the fort,279.94,THB,279.94,INR,2026-11-17,2026-11-26T11:06:00+05:30,cty_a5f16904,,manual,0,active,2026-05-11T10:00:00+05:30,2026-08-18T10:00:00+05:30
exp_0833f18e,trp_27e50a35,usr_0dc99bd5,transport,Souvenirs,1103.16,INR,1103.16,INR,2026-11-17,2026-11-23T08:31:00+05:30,cty_b43cdd57,,manual,1,active,2026-05-20T10:00:00+05:30,2026-08-18T10:00:00+05:30
exp_29624c6e,trp_7a5e7bd8,usr_e94f06ca,food,Laundry,1286.84,INR,1286.84,INR,2026-08-01,2026-07-13T14:25:00+05:30,cty_f8b75f8e,,nl_text,0,active,2026-06-23T10:00:00+05:30,2026-08-18T10:00:00+05:30
exp_02c0b0ee,trp_773ff3c5,usr_14c738e0,accommodation,Boat ride,2876.48,INR,2876.48,INR,2026-09-30,2026-09-29T13:11:00+05:30,cty_c97e6cd5,,manual,0,active,2026-07-17T10:00:00+05:30,2026-08-18T10:00:00+05:30
exp_eb0db2e8,trp_194fb6db,usr_d1a44892,food,Dinner,33.34,MYR,33.34,INR,2026-08-01,2026-05-22T16:22:00+05:30,cty_c9f34ba7,,manual,0,active,2026-07-16T10:00:00+05:30,2026-08-18T10:00:00+05:30
exp_82cc2e05,trp_f1bbbfc4,usr_d89a661b,fees,Airport taxi,533.11,INR,533.11,INR,2026-11-17,2026-11-19T19:36:00+05:30,cty_621f4a84,,nl_text,1,active,2026-06-02T10:00:00+05:30,2026-08-18T10:00:00+05:30
exp_5898d6e4,trp_ed8dc5fe,usr_efe9a3aa,food,Museum tickets,1091.77,INR,1091.77,INR,2026-09-24,2026-09-26T15:52:00+05:30,cty_5d572c8a,,manual,0,active,2026-03-31T10:00:00+05:30,2026-08-18T10:00:00+05:30
exp_fd68d9fc,trp_3addadca,usr_ce09de03,shopping,Boat ride,13.77,CHF,13.77,CHF,2026-08-01,2026-07-30T09:54:00+05:30,cty_0d9ab6ff,,manual,0,active,2026-06-24T10:00:00+05:30,2026-08-18T10:00:00+05:30
exp_e04c5e4c,trp_06e06151,usr_3a36b154,transport,Coffee and snacks,1122.11,INR,1122.11,INR,2026-11-05,2026-11-08T08:35:00+05:30,cty_5d572c8a,,manual,1,active,2026-05-01T10:00:00+05:30,2026-08-18T10:00:00+05:30
exp_e966eeb5,trp_27260494,usr_ee03ca6c,food,Two nights,718.46,INR,718.46,INR,2026-09-30,2026-10-01T10:58:00+05:30,cty_95e7c8ca,,nl_text,0,active,2026-06-05T10:00:00+05:30,2026-08-18T10:00:00+05:30
exp_efda0006,trp_b0a35602,usr_02b3a36d,activities,Two nights,672.38,INR,672.38,INR,2026-11-17,2026-12-08T10:18:00+05:30,cty_34bbfdfe,,manual,1,active,2026-06-04T10:00:00+05:30,2026-08-18T10:00:00+05:30
exp_bab280b2,trp_897d9724,usr_8af9206e,transport,Coffee and snacks,1807.89,INR,1807.89,INR,2026-08-01,2026-07-13T10:57:00+05:30,cty_5d572c8a,,manual,1,active,2026-07-14T10:00:00+05:30,2026-08-18T10:00:00+05:30
exp_18103c0c,trp_358447d8,usr_701b0010,accommodation,Guide tip,2436.79,INR,2436.79,INR,2026-10-12,2026-10-14T14:15:00+05:30,cty_d4f5e3a5,,import,0,active,2026-04-08T10:00:00+05:30,2026-08-18T10:00:00+05:30
exp_bebe3fe3,trp_2b1c9a53,usr_96740172,fees,Laundry,152.45,INR,152.45,INR,2026-11-17,2026-11-18T10:07:00+05:30,cty_95e7c8ca,,manual,0,active,2026-07-30T10:00:00+05:30,2026-08-18T10:00:00+05:30
exp_31515c12,trp_924dd4a3,usr_aef2d4f6,shopping,Coffee and snacks,1785.31,INR,29.26,SGD,2026-11-05,2026-11-06T20:48:00+05:30,cty_9327d518,,manual,1,active,2026-08-13T10:00:00+05:30,2026-08-18T10:00:00+05:30
exp_2a646027,trp_c403d6fa,usr_ce9ee3ae,food,Museum tickets,359.06,INR,3.72,CHF,2026-08-01,2026-06-23T10:43:00+05:30,cty_34bbfdfe,,manual,1,active,2026-06-07T10:00:00+05:30,2026-08-18T10:00:00+05:30
exp_7e74da66,trp_e53d9a08,usr_9c28ee85,fees,Coffee and snacks,688.25,INR,688.25,INR,2026-11-17,2026-12-05T13:27:00+05:30,cty_d4f5e3a5,,nl_text,0,active,2026-04-25T10:00:00+05:30,2026-08-18T10:00:00+05:30
exp_b6ea2785,trp_4950beba,usr_053e7434,transport,Museum tickets,471.36,INR,471.36,INR,2026-08-01,2026-07-21T10:31:00+05:30,cty_a97c33ad,,import,0,active,2026-04-15T10:00:00+05:30,2026-08-18T10:00:00+05:30
exp_0972a6bc,trp_940ac1af,usr_3f4f4c52,misc,Auto to the fort,678.27,INR,678.27,INR,2026-08-25,2026-08-26T07:07:00+05:30,cty_8fc1539e,,manual,0,active,2026-07-05T10:00:00+05:30,2026-08-18T10:00:00+05:30
exp_d8f00b99,trp_74917bfb,usr_d56927f7,activities,Dinner,760.80,INR,760.80,INR,2026-08-01,2026-07-16T20:53:00+05:30,cty_10cbee86,,manual,1,active,2026-08-17T10:00:00+05:30,2026-08-18T10:00:00+05:30
exp_bad35521,trp_77e61eba,usr_44ef2e9c,transport,Souvenirs,1758.39,INR,1758.39,INR,2026-10-18,2026-10-21T10:33:00+05:30,cty_f8b75f8e,,manual,1,active,2026-07-01T10:00:00+05:30,2026-08-18T10:00:00+05:30
exp_06d740f7,trp_53200b9d,usr_81ed406f,accommodation,Two nights,3039.69,THB,3039.69,THB,2026-08-01,2026-06-19T16:15:00+05:30,cty_aa759717,,manual,0,active,2026-05-21T10:00:00+05:30,2026-08-18T10:00:00+05:30
exp_61b6ce27,trp_e59e0b3d,usr_701b0010,food,Airport taxi,1263.40,INR,1263.40,INR,2026-09-30,2026-10-01T09:37:00+05:30,cty_51a149b7,,import,0,active,2026-05-18T10:00:00+05:30,2026-08-18T10:00:00+05:30
exp_dc2fb9a3,trp_79c91f6b,usr_85c09ee4,activities,Souvenirs,735.64,INR,735.64,INR,2026-08-01,2026-05-19T09:49:00+05:30,cty_cf1c6ac5,,manual,0,active,2026-04-07T10:00:00+05:30,2026-08-18T10:00:00+05:30
exp_9fc9daf0,trp_4158f34b,usr_9473419d,transport,Airport taxi,1649.83,INR,1649.83,INR,2026-10-18,2026-10-21T13:37:00+05:30,cty_32e8e65c,,nl_text,1,active,2026-06-26T10:00:00+05:30,2026-08-18T10:00:00+05:30
exp_bf6aa853,trp_1800f567,usr_9181bfe3,accommodation,Laundry,196.44,AED,196.44,AED,2026-11-11,2026-11-12T22:00:00+05:30,cty_f29656ff,rcp_3350ebac,ocr,0,active,2026-04-11T10:00:00+05:30,2026-08-18T10:00:00+05:30
exp_b926710e,trp_c59e8ff4,usr_33bed572,accommodation,Souvenirs,8621.09,INR,8621.09,INR,2026-10-18,2026-10-16T17:51:00+05:30,cty_7cb0b529,,manual,0,active,2026-07-15T10:00:00+05:30,2026-08-18T10:00:00+05:30
exp_152b6500,trp_86a8180b,usr_a25f0129,accommodation,Airport taxi,3111.27,INR,3111.27,INR,2026-11-11,2026-11-11T19:48:00+05:30,cty_9aa02925,,manual,1,active,2026-06-19T10:00:00+05:30,2026-08-18T10:00:00+05:30
exp_624e9b0f,trp_5ac61fd8,usr_a93726c0,transport,Souvenirs,572.05,INR,572.05,INR,2026-08-01,2026-06-22T20:10:00+05:30,cty_718f03c7,,manual,0,active,2026-08-03T10:00:00+05:30,2026-08-18T10:00:00+05:30
exp_c7de0dfa,trp_6a550f89,usr_842437da,transport,Souvenirs,1573.17,INR,1573.17,INR,2026-09-12,2026-09-15T13:09:00+05:30,cty_0d9ab6ff,rcp_10950b4c,ocr,0,active,2026-03-22T10:00:00+05:30,2026-08-18T10:00:00+05:30
exp_2fcaca2c,trp_8b6125c3,usr_2c93ab7f,accommodation,Auto to the fort,4951.30,INR,4951.30,INR,2026-10-18,2026-10-16T19:48:00+05:30,cty_f288c6a0,,manual,0,active,2026-06-05T10:00:00+05:30,2026-08-18T10:00:00+05:30
exp_4a23c293,trp_a396cd51,usr_4d8f3b3a,misc,Museum tickets,555.54,INR,555.54,INR,2026-10-24,2026-10-25T10:09:00+05:30,,,manual,0,active,2026-07-31T10:00:00+05:30,2026-08-18T10:00:00+05:30
exp_fe3eb77e,trp_0c26fee1,usr_8ba42edb,activities,Coffee and snacks,54.61,AED,54.61,INR,2026-08-01,2026-06-15T09:09:00+05:30,,,manual,0,active,2026-06-09T10:00:00+05:30,2026-08-18T10:00:00+05:30
exp_a6bb0029,trp_0c34e3f4,usr_c24f45f3,activities,Airport taxi,310.74,INR,310.74,INR,2026-08-01,2026-06-13T20:16:00+05:30,cty_c07454f1,,nl_text,0,active,2026-04-28T10:00:00+05:30,2026-08-18T10:00:00+05:30
exp_d61aaf5e,trp_cf3db507,usr_e27e3b52,food,Coffee and snacks,1009.90,INR,1009.90,INR,2026-10-18,2026-10-18T20:59:00+05:30,cty_cf1c6ac5,,manual,0,active,2026-07-15T10:00:00+05:30,2026-08-18T10:00:00+05:30
exp_52eb34a0,trp_7fe2e631,usr_4794174d,activities,Museum tickets,1601.96,INR,1601.96,INR,2026-08-01,2026-06-23T11:01:00+05:30,cty_1ced6ede,,nl_text,0,active,2026-05-28T10:00:00+05:30,2026-08-18T10:00:00+05:30
exp_835c5d24,trp_1b20de3f,usr_6c3fae7b,food,Airport taxi,19.68,SGD,19.68,INR,2026-11-17,2026-11-23T11:16:00+05:30,cty_905fd8a1,,nl_text,0,active,2026-07-21T10:00:00+05:30,2026-08-18T10:00:00+05:30
exp_80f6f16c,trp_c81c4b8e,usr_9694b4a3,accommodation,Laundry,9521.22,INR,9521.22,INR,2026-08-01,2026-06-30T21:39:00+05:30,cty_ab50efee,,manual,0,active,2026-07-14T10:00:00+05:30,2026-08-18T10:00:00+05:30
exp_d0bf86ac,trp_3faed012,usr_8add6423,food,Boat ride,517.71,INR,517.71,INR,2026-08-13,2026-08-13T22:27:00+05:30,cty_7cb0b529,,manual,0,active,2026-07-26T10:00:00+05:30,2026-08-18T10:00:00+05:30
exp_d39ec52a,trp_37763b22,usr_34f98272,food,Museum tickets,1004.32,INR,1004.32,INR,2026-10-30,2026-11-02T18:00:00+05:30,cty_cf1c6ac5,,manual,0,active,2026-05-29T10:00:00+05:30,2026-08-18T10:00:00+05:30
exp_02fabddb,trp_9de9979d,usr_4f4d8587,accommodation,Museum tickets,25.10,CHF,25.10,INR,2026-08-01,2026-07-31T09:57:00+05:30,cty_0b7f5985,,manual,1,active,2026-07-22T10:00:00+05:30,2026-08-18T10:00:00+05:30
exp_2e85c310,trp_7a5e7bd8,usr_e94f06ca,activities,Guide tip,1209.50,INR,1209.50,INR,2026-08-01,2026-07-12T20:01:00+05:30,cty_f8b75f8e,,nl_text,0,active,2026-08-09T10:00:00+05:30,2026-08-18T10:00:00+05:30
exp_7d10adad,trp_2f330bc2,usr_51983e08,transport,Dinner,1443.22,INR,1443.22,INR,2026-11-17,2026-11-23T11:12:00+05:30,cty_43d0a650,,nl_text,0,active,2026-06-11T10:00:00+05:30,2026-08-18T10:00:00+05:30
exp_da9f4d1a,trp_f9bdd86b,usr_7ad82b11,transport,Souvenirs,845.62,INR,845.62,INR,2026-08-01,2026-06-17T12:43:00+05:30,cty_590d4b7b,,manual,0,active,2026-04-04T10:00:00+05:30,2026-08-18T10:00:00+05:30
exp_9d03a77e,trp_e6cd4e0f,usr_ce9ee3ae,food,Dinner,1321.66,INR,1321.66,INR,2026-08-01,2026-06-30T19:28:00+05:30,cty_0d062a51,,manual,1,active,2026-05-21T10:00:00+05:30,2026-08-18T10:00:00+05:30
exp_6493f48b,trp_e5d6ad9d,usr_357e579a,fees,Souvenirs,315.76,INR,315.76,INR,2026-08-01,2026-06-28T17:58:00+05:30,cty_10cbee86,,manual,1,active,2026-07-09T10:00:00+05:30,2026-08-18T10:00:00+05:30
exp_4910193f,trp_0629deb2,usr_5307f01f,transport,Coffee and snacks,1340.36,INR,1340.36,INR,2026-09-24,2026-09-25T14:15:00+05:30,cty_5d572c8a,,manual,0,active,2026-06-20T10:00:00+05:30,2026-08-18T10:00:00+05:30
exp_1acb575b,trp_75c88e52,usr_0af476d1,accommodation,Laundry,4719.24,INR,4719.24,INR,2026-08-07,2026-08-09T08:55:00+05:30,cty_34bbfdfe,,manual,0,active,2026-07-18T10:00:00+05:30,2026-08-18T10:00:00+05:30
exp_03f0e8a1,trp_c6136493,usr_451855a4,food,Airport taxi,672.64,INR,672.64,INR,2026-09-24,2026-09-22T15:41:00+05:30,cty_cfec17b6,,nl_text,1,active,2026-06-30T10:00:00+05:30,2026-08-18T10:00:00+05:30
exp_914b0dfc,trp_0c4edd73,usr_a6eaecde,transport,Souvenirs,1545.01,INR,1545.01,INR,2026-11-17,2026-11-30T09:13:00+05:30,cty_541018a9,,manual,1,active,2026-05-01T10:00:00+05:30,2026-08-18T10:00:00+05:30
exp_42e417e1,trp_6c9581df,usr_712600f0,activities,Coffee and snacks,855.52,INR,855.52,INR,2026-08-01,2026-07-02T16:16:00+05:30,cty_7b89639e,,manual,1,active,2026-04-20T10:00:00+05:30,2026-08-18T10:00:00+05:30
exp_258b264b,trp_2472305e,usr_aaf1c470,accommodation,Airport taxi,8299.08,INR,1564.64,MVR,2026-11-17,2026-11-25T17:57:00+05:30,,,nl_text,0,active,2026-08-03T10:00:00+05:30,2026-08-18T10:00:00+05:30
exp_561a2912,trp_6a550f89,usr_107ab982,transport,Laundry,2124.48,INR,2124.48,INR,2026-09-12,2026-09-10T19:32:00+05:30,cty_0d9ab6ff,,nl_text,0,active,2026-06-04T10:00:00+05:30,2026-08-18T10:00:00+05:30
exp_5a5d573a,trp_154f5086,usr_8e56e75b,food,Guide tip,1120.40,INR,49.10,AED,2026-08-31,2026-09-02T22:00:00+05:30,,,manual,0,active,2026-04-11T10:00:00+05:30,2026-08-18T10:00:00+05:30
exp_bbb9de28,trp_0e658b9d,usr_3d92578a,food,Museum tickets,813.58,INR,813.58,INR,2026-08-01,2026-06-05T17:50:00+05:30,cty_7cb0b529,,manual,0,active,2026-06-17T10:00:00+05:30,2026-08-18T10:00:00+05:30
exp_b9a910fa,trp_ccff079f,usr_b8779399,food,Two nights,1414.68,INR,61.59,AED,2026-08-01,2026-05-21T15:37:00+05:30,cty_cfec17b6,,manual,1,active,2026-04-13T10:00:00+05:30,2026-08-18T10:00:00+05:30
exp_ef5fe82b,trp_a0b8b8af,usr_8e89346c,transport,Laundry,808.20,INR,808.20,INR,2026-11-17,2026-11-19T07:47:00+05:30,cty_009c9fd2,,manual,0,active,2026-06-21T10:00:00+05:30,2026-08-18T10:00:00+05:30
exp_02b8f3e7,trp_844f6374,usr_5c20b1bf,activities,Airport taxi,1661.48,INR,1661.48,INR,2026-10-30,2026-11-02T09:37:00+05:30,cty_5698a7ab,,manual,0,active,2026-05-13T10:00:00+05:30,2026-08-18T10:00:00+05:30
exp_1700ceba,trp_fc58b9bd,usr_1c8154b9,activities,Guide tip,1563.76,INR,1563.76,INR,2026-08-01,2026-06-26T07:53:00+05:30,cty_10cbee86,,nl_text,0,active,2026-05-06T10:00:00+05:30,2026-08-18T10:00:00+05:30
exp_5e03afa1,trp_60fe0650,usr_7af770b2,transport,Dinner,534.63,INR,534.63,INR,2026-08-01,2026-06-29T10:36:00+05:30,cty_d4f5e3a5,,nl_text,0,active,2026-05-22T10:00:00+05:30,2026-08-18T10:00:00+05:30
exp_7bfa25ed,trp_411ac676,usr_88af6903,activities,Dinner,829.49,INR,829.49,INR,2026-09-24,2026-09-26T10:05:00+05:30,cty_cfec17b6,,manual,1,active,2026-07-28T10:00:00+05:30,2026-08-18T10:00:00+05:30
exp_b0183bc4,trp_3173cbf9,usr_7101a5b5,accommodation,Museum tickets,17.70,CHF,17.70,INR,2026-08-01,2026-07-17T09:09:00+05:30,,,manual,0,active,2026-07-31T10:00:00+05:30,2026-08-18T10:00:00+05:30
exp_1936df56,trp_fdbf106b,usr_1f3d6d92,food,Souvenirs,492.93,INR,492.93,INR,2026-08-01,2026-05-08T07:28:00+05:30,cty_caf3c1ee,,manual,0,active,2026-04-14T10:00:00+05:30,2026-08-18T10:00:00+05:30
exp_cccf2b15,trp_cdf7d1fa,usr_8e84ba7a,activities,Coffee and snacks,524.78,INR,28.56,MYR,2026-10-06,2026-10-09T13:01:00+05:30,cty_a97c33ad,,nl_text,0,active,2026-04-21T10:00:00+05:30,2026-08-18T10:00:00+05:30
exp_40c9c094,trp_3e1f142c,usr_22e61dad,accommodation,Dinner,6339.40,INR,6339.40,INR,2026-09-18,2026-09-18T11:00:00+05:30,cty_f29656ff,,nl_text,0,active,2026-08-05T10:00:00+05:30,2026-08-18T10:00:00+05:30
exp_6b7edf86,trp_97bcd5c8,usr_e851fdeb,accommodation,Boat ride,6108.21,INR,6108.21,INR,2026-08-01,2026-07-24T12:50:00+05:30,cty_f288c6a0,,nl_text,0,active,2026-07-26T10:00:00+05:30,2026-08-18T10:00:00+05:30
exp_a080b1cf,trp_cb0bf61d,usr_c538bbe8,activities,Boat ride,1199.12,INR,1199.12,INR,2026-08-19,2026-08-19T12:03:00+05:30,cty_828a7777,,nl_text,1,active,2026-06-07T10:00:00+05:30,2026-08-18T10:00:00+05:30
exp_2907b159,trp_f61c2fce,usr_e7b2dd09,accommodation,Guide tip,9273.19,INR,9273.19,INR,2026-08-01,2026-07-30T07:21:00+05:30,cty_5d572c8a,,manual,0,active,2026-07-25T10:00:00+05:30,2026-08-18T10:00:00+05:30
exp_988f5b25,trp_418cd9f5,usr_8659fe93,accommodation,Airport taxi,1028.07,MVR,1028.07,INR,2026-11-17,2026-11-16T11:17:00+05:30,,rcp_6b60b58c,ocr,1,active,2026-08-16T10:00:00+05:30,2026-08-18T10:00:00+05:30
exp_e579e775,trp_7a17c8a1,usr_b8c5bfe0,fees,Dinner,186.27,INR,186.27,INR,2026-11-17,2026-11-22T07:57:00+05:30,cty_c07454f1,,manual,1,active,2026-07-30T10:00:00+05:30,2026-08-18T10:00:00+05:30
exp_f726af77,trp_b4864e6f,usr_d5cd5550,accommodation,Airport taxi,8485.81,NPR,8485.81,NPR,2026-08-31,2026-09-01T19:04:00+05:30,cty_a97c33ad,,manual,0,active,2026-04-11T10:00:00+05:30,2026-08-18T10:00:00+05:30
exp_9156e566,trp_27e50a35,usr_3d2f73ea,transport,Museum tickets,1429.67,INR,1429.67,INR,2026-11-17,2026-11-23T07:43:00+05:30,cty_b43cdd57,,manual,0,active,2026-05-24T10:00:00+05:30,2026-08-18T10:00:00+05:30
exp_eb6505b0,trp_2ee78a2e,usr_20594684,activities,Auto to the fort,1268.79,INR,1268.79,INR,2026-08-01,2026-05-30T11:51:00+05:30,cty_32e8e65c,rcp_44e5f6bc,ocr,1,active,2026-08-14T10:00:00+05:30,2026-08-18T10:00:00+05:30
exp_4df27006,trp_df4fb834,usr_ddfd9a4a,accommodation,Souvenirs,2644.84,INR,2644.84,INR,2026-11-17,2026-11-26T11:30:00+05:30,cty_7fc82336,,nl_text,0,active,2026-04-05T10:00:00+05:30,2026-08-18T10:00:00+05:30
exp_6e960c0e,trp_ed8dc5fe,usr_efe9a3aa,food,Boat ride,267.00,INR,267.00,INR,2026-09-24,2026-09-25T14:34:00+05:30,cty_5d572c8a,,nl_text,1,active,2026-03-26T10:00:00+05:30,2026-08-18T10:00:00+05:30
exp_b0646e05,trp_0c26fee1,usr_8ba42edb,shopping,Coffee and snacks,1172.78,INR,1172.78,INR,2026-08-01,2026-06-14T10:30:00+05:30,cty_7b89639e,,manual,1,active,2026-08-02T10:00:00+05:30,2026-08-18T10:00:00+05:30
exp_4a3fbd17,trp_12c07e4d,usr_0e9166f0,transport,Two nights,36.44,AED,36.44,INR,2026-09-24,2026-09-25T17:29:00+05:30,cty_1ced6ede,,import,0,active,2026-04-06T10:00:00+05:30,2026-08-18T10:00:00+05:30
exp_90dc5ac1,trp_6c9581df,usr_e6dcafe4,accommodation,Boat ride,1828.93,INR,1828.93,INR,2026-08-01,2026-06-27T14:14:00+05:30,cty_7b89639e,,manual,0,active,2026-06-01T10:00:00+05:30,2026-08-18T10:00:00+05:30
exp_5dfa123c,trp_fa67785b,usr_fae4d064,shopping,Laundry,782.30,INR,782.30,INR,2026-08-01,2026-06-10T15:37:00+05:30,cty_ab50efee,rcp_9847a1c2,ocr,0,active,2026-08-16T10:00:00+05:30,2026-08-18T10:00:00+05:30
exp_693adf3d,trp_7f4c80ca,usr_50bced56,food,Guide tip,277.18,INR,277.18,INR,2026-08-01,2026-06-07T22:25:00+05:30,cty_d4f5e3a5,,manual,0,active,2026-05-17T10:00:00+05:30,2026-08-18T10:00:00+05:30
exp_0b8a6944,trp_ca5546b3,usr_bbd1ced8,activities,Boat ride,66.33,MVR,66.33,INR,2026-08-01,2026-07-12T19:27:00+05:30,cty_9aa02925,,manual,1,active,2026-05-31T10:00:00+05:30,2026-08-18T10:00:00+05:30
exp_80bfbfb7,trp_7013467c,usr_5bbebfef,shopping,Airport taxi,153.28,MVR,153.28,INR,2026-11-17,2026-11-23T09:59:00+05:30,cty_9aa02925,,import,1,active,2026-06-18T10:00:00+05:30,2026-08-18T10:00:00+05:30
exp_f87c1a2a,trp_ebd8ca83,usr_c010ce3c,food,Dinner,1030.75,INR,1030.75,INR,2026-10-06,2026-10-07T10:46:00+05:30,cty_8fc1539e,,import,0,active,2026-06-02T10:00:00+05:30,2026-08-18T10:00:00+05:30
exp_3ba9706d,trp_9805085a,usr_02d5e350,food,Airport taxi,363.99,INR,592.48,NPR,2026-11-11,2026-11-11T20:37:00+05:30,cty_7be8559f,,manual,1,active,2026-07-30T10:00:00+05:30,2026-08-18T10:00:00+05:30
exp_ca4a3a36,trp_8500bc75,usr_d504f21d,transport,Souvenirs,41.39,QAR,41.39,INR,2026-11-11,2026-11-12T12:32:00+05:30,cty_6320eea9,,nl_text,0,active,2026-04-14T10:00:00+05:30,2026-08-18T10:00:00+05:30
exp_7151cd69,trp_be19b00c,usr_e6dca418,accommodation,Dinner,9125.28,INR,9125.28,INR,2026-11-05,2026-11-08T09:38:00+05:30,cty_b6ccbb3b,,nl_text,1,active,2026-03-26T10:00:00+05:30,2026-08-18T10:00:00+05:30
exp_92789530,trp_e617ca9d,usr_72dfb712,misc,Boat ride,230.13,INR,230.13,INR,2026-09-24,2026-09-23T18:23:00+05:30,cty_d4f5e3a5,,manual,0,active,2026-08-01T10:00:00+05:30,2026-08-18T10:00:00+05:30
exp_ebfa1238,trp_d923c276,usr_865c98a2,accommodation,Auto to the fort,3378.00,INR,3378.00,INR,2026-09-24,2026-09-26T11:11:00+05:30,cty_6320eea9,rcp_041aba1f,ocr,1,active,2026-05-08T10:00:00+05:30,2026-08-18T10:00:00+05:30
exp_62985def,trp_d46d667f,usr_e2ca58e8,accommodation,Airport taxi,8953.75,INR,1678.21,MVR,2026-10-06,2026-10-08T22:36:00+05:30,cty_cfec17b6,,manual,1,active,2026-06-07T10:00:00+05:30,2026-08-18T10:00:00+05:30
exp_262e9a13,trp_db8edb3f,usr_bc4b67f6,food,Dinner,1276.39,INR,20.66,SGD,2026-09-18,2026-09-19T20:53:00+05:30,cty_f29656ff,,manual,0,active,2026-07-07T10:00:00+05:30,2026-08-18T10:00:00+05:30
exp_06ef4d40,trp_388e9bd8,usr_1ef037a0,food,Airport taxi,1285.98,BTN,1285.98,INR,2026-08-01,2026-06-03T22:55:00+05:30,cty_79cbc59b,,manual,0,active,2026-06-15T10:00:00+05:30,2026-08-18T10:00:00+05:30
exp_239e06ae,trp_24b6d605,usr_f4863900,accommodation,Auto to the fort,3404.18,INR,641.42,MVR,2026-10-18,2026-10-21T12:54:00+05:30,cty_f8b75f8e,rcp_c9552ac2,ocr,0,active,2026-04-18T10:00:00+05:30,2026-08-18T10:00:00+05:30
exp_7976d50a,trp_2dbec2dd,usr_e076a69d,food,Coffee and snacks,1212.80,INR,1212.80,INR,2026-10-12,2026-10-15T21:02:00+05:30,cty_7be8559f,,import,1,active,2026-07-02T10:00:00+05:30,2026-08-18T10:00:00+05:30
exp_0e794c26,trp_e11af79e,usr_29dfdea3,accommodation,Dinner,1710.84,INR,1710.84,INR,2026-08-13,2026-08-12T13:03:00+05:30,cty_9327d518,,import,0,active,2026-07-27T10:00:00+05:30,2026-08-18T10:00:00+05:30
exp_b687574a,trp_e6cd4e0f,usr_949a215d,food,Airport taxi,762.17,INR,762.17,INR,2026-08-01,2026-06-29T20:03:00+05:30,cty_0d062a51,,manual,0,active,2026-05-20T10:00:00+05:30,2026-08-18T10:00:00+05:30
exp_7d352c5f,trp_dd037e63,usr_b1a4b433,accommodation,Airport taxi,8539.89,INR,8539.89,INR,2026-08-13,2026-08-12T17:32:00+05:30,cty_9327d518,,manual,0,active,2026-08-03T10:00:00+05:30,2026-08-18T10:00:00+05:30
exp_c3015a67,trp_3e263e75,usr_51275e79,accommodation,Souvenirs,5705.15,NPR,5705.15,INR,2026-10-18,2026-10-20T07:17:00+05:30,cty_c0f2d9de,,manual,1,active,2026-04-09T10:00:00+05:30,2026-08-18T10:00:00+05:30
exp_7c1f911f,trp_12e18a88,usr_506012f1,accommodation,Museum tickets,2941.56,INR,2941.56,INR,2026-09-30,2026-09-30T10:31:00+05:30,cty_d401ef6b,,nl_text,0,active,2026-06-12T10:00:00+05:30,2026-08-18T10:00:00+05:30
exp_c6799117,trp_64030cdd,usr_e10845c8,food,Souvenirs,1565.88,INR,1565.88,INR,2026-08-01,2026-07-17T21:30:00+05:30,cty_c43cfa94,,manual,0,active,2026-05-25T10:00:00+05:30,2026-08-18T10:00:00+05:30
exp_71b93b2a,trp_c31653d2,usr_ab49979e,transport,Coffee and snacks,1449.50,INR,1449.50,INR,2026-08-25,2026-08-27T15:39:00+05:30,cty_a97c33ad,,nl_text,0,active,2026-06-04T10:00:00+05:30,2026-08-18T10:00:00+05:30
exp_716594b2,trp_9e0e3864,usr_bc9d20fa,shopping,Airport taxi,3358.52,INR,3358.52,INR,2026-08-01,2026-06-27T12:32:00+05:30,cty_a97c33ad,,manual,0,active,2026-03-26T10:00:00+05:30,2026-08-18T10:00:00+05:30
exp_bb0c922f,trp_7a5e7bd8,usr_e94f06ca,accommodation,Dinner,4983.38,INR,4983.38,INR,2026-08-01,2026-07-11T09:53:00+05:30,cty_f8b75f8e,,manual,0,active,2026-06-15T10:00:00+05:30,2026-08-18T10:00:00+05:30
exp_695281d7,trp_96b44a87,usr_c8ada8bd,activities,Souvenirs,1359.71,INR,1359.71,INR,2026-09-12,2026-09-14T16:54:00+05:30,cty_17b8ef2f,,manual,0,active,2026-08-11T10:00:00+05:30,2026-08-18T10:00:00+05:30
exp_7acf965b,trp_2c538bd5,usr_c659e4bf,food,Dinner,64.42,QAR,285985.37,IDR,2026-08-01,2026-05-30T12:19:00+05:30,cty_6320eea9,rcp_6a69120c,ocr,0,active,2026-05-25T10:00:00+05:30,2026-08-18T10:00:00+05:30
exp_3ecc30ca,trp_bfc1339e,usr_fedbd227,food,Guide tip,83.06,MYR,83.06,MYR,2026-08-25,2026-08-25T22:36:00+05:30,cty_32e8e65c,,manual,1,active,2026-04-30T10:00:00+05:30,2026-08-18T10:00:00+05:30
exp_97f5bdf2,trp_1ceb9811,usr_04abf061,activities,Souvenirs,1149.34,INR,1149.34,INR,2026-10-18,2026-10-18T22:43:00+05:30,cty_cfec17b6,,manual,1,active,2026-05-28T10:00:00+05:30,2026-08-18T10:00:00+05:30
exp_500adb34,trp_f0bbd941,usr_58d2b52f,accommodation,Guide tip,6506.08,INR,6506.08,INR,2026-08-01,2026-07-19T08:47:00+05:30,cty_10cbee86,rcp_ccc4b59c,ocr,0,active,2026-07-29T10:00:00+05:30,2026-08-18T10:00:00+05:30
exp_05d245ea,trp_5b79ffd1,usr_a386ca28,accommodation,Souvenirs,7833.62,INR,7833.62,INR,2026-11-17,2026-12-05T17:55:00+05:30,cty_d401ef6b,,manual,0,active,2026-07-01T10:00:00+05:30,2026-08-18T10:00:00+05:30
exp_fe20bd8e,trp_5df5ff0b,usr_ab2353de,food,Souvenirs,1379.47,INR,1379.47,INR,2026-09-18,2026-09-18T09:16:00+05:30,cty_34bbfdfe,,nl_text,1,active,2026-04-16T10:00:00+05:30,2026-08-18T10:00:00+05:30
exp_2f2aecdc,trp_8500bc75,usr_d504f21d,accommodation,Auto to the fort,8766.76,INR,8766.76,INR,2026-11-11,2026-11-13T14:30:00+05:30,cty_6320eea9,,manual,0,active,2026-04-18T10:00:00+05:30,2026-08-18T10:00:00+05:30
exp_b6548c83,trp_5df5ff0b,usr_93d67c62,transport,Coffee and snacks,992.48,INR,992.48,INR,2026-09-18,2026-09-17T11:27:00+05:30,cty_34bbfdfe,,nl_text,0,active,2026-07-02T10:00:00+05:30,2026-08-18T10:00:00+05:30
exp_96508f15,trp_e086bae2,usr_4d8f3b3a,activities,Dinner,1271.30,JPY,1271.30,INR,2026-08-01,2026-06-19T08:15:00+05:30,cty_51a149b7,,import,0,active,2026-04-29T10:00:00+05:30,2026-08-18T10:00:00+05:30
exp_f7722e30,trp_4a2eb05b,usr_99adb626,fees,Airport taxi,437.78,NPR,437.78,INR,2026-08-07,2026-08-05T22:21:00+05:30,cty_c0f2d9de,,manual,0,active,2026-05-09T10:00:00+05:30,2026-08-18T10:00:00+05:30
exp_d8b1ab2c,trp_894ef822,usr_fedbd227,accommodation,Auto to the fort,2092.67,INR,2092.67,INR,2026-08-01,2026-06-17T20:32:00+05:30,cty_7fc82336,,nl_text,0,active,2026-05-18T10:00:00+05:30,2026-08-18T10:00:00+05:30
exp_b98133fd,trp_06892c8d,usr_66a4a013,shopping,Museum tickets,2365.83,INR,3763.76,NPR,2026-08-25,2026-08-23T18:34:00+05:30,cty_34bbfdfe,,manual,0,active,2026-08-13T10:00:00+05:30,2026-08-18T10:00:00+05:30
exp_bc71423f,trp_7a22e52a,usr_0551c67a,accommodation,Souvenirs,7147.60,INR,7147.60,INR,2026-11-17,2026-11-24T14:36:00+05:30,,,nl_text,0,active,2026-05-14T10:00:00+05:30,2026-08-18T10:00:00+05:30
exp_0f1790fd,trp_6c9581df,usr_e6dcafe4,activities,Laundry,1536.28,INR,1536.28,INR,2026-08-01,2026-06-29T14:43:00+05:30,cty_7b89639e,,nl_text,0,active,2026-07-17T10:00:00+05:30,2026-08-18T10:00:00+05:30
exp_48a3561a,trp_ab7c6472,usr_aefdae86,food,Boat ride,550.92,NPR,550.92,NPR,2026-08-01,2026-05-28T21:46:00+05:30,cty_95e7c8ca,,nl_text,0,active,2026-05-20T10:00:00+05:30,2026-08-18T10:00:00+05:30
exp_fcdf62d3,trp_bab07b17,usr_b6d5d98c,misc,Laundry,31.47,QAR,31.47,INR,2026-08-01,2026-06-26T16:17:00+05:30,cty_6320eea9,,manual,0,active,2026-05-30T10:00:00+05:30,2026-08-18T10:00:00+05:30
exp_8d6f0dc1,trp_a00e9d0f,usr_7f9533ad,transport,Guide tip,1034.44,INR,206331.40,IDR,2026-11-05,2026-11-08T20:59:00+05:30,cty_aa759717,,nl_text,0,active,2026-07-09T10:00:00+05:30,2026-08-18T10:00:00+05:30
exp_69738528,trp_520c7693,usr_77e91c3a,accommodation,Airport taxi,6152.99,INR,6152.99,INR,2026-08-13,2026-08-13T18:15:00+05:30,cty_cfec17b6,,manual,0,active,2026-05-05T10:00:00+05:30,2026-08-18T10:00:00+05:30
exp_b64d86d4,trp_1898ff3a,usr_9afd8eab,shopping,Laundry,4843.20,NPR,4843.20,INR,2026-11-17,2026-12-04T17:32:00+05:30,cty_95d040d8,,manual,0,active,2026-04-04T10:00:00+05:30,2026-08-18T10:00:00+05:30
exp_c637640b,trp_db8edb3f,usr_d20b2a69,transport,Souvenirs,851.29,INR,13.78,SGD,2026-09-18,2026-09-20T18:00:00+05:30,cty_f29656ff,,nl_text,1,active,2026-04-23T10:00:00+05:30,2026-08-18T10:00:00+05:30
exp_c16f8aae,trp_9bebde0c,usr_fe056e56,accommodation,Airport taxi,2110.24,INR,2110.24,INR,2026-08-01,2026-06-23T14:22:00+05:30,cty_5d572c8a,,manual,1,active,2026-06-25T10:00:00+05:30,2026-08-18T10:00:00+05:30
exp_5b952982,trp_32bc8fa5,usr_cdc31bd3,activities,Souvenirs,935.24,INR,1527.22,NPR,2026-11-17,2026-12-03T08:27:00+05:30,cty_0d9ab6ff,,manual,0,active,2026-06-05T10:00:00+05:30,2026-08-18T10:00:00+05:30
exp_7c09b2ff,trp_32bc8fa5,usr_95492664,accommodation,Two nights,2709.18,INR,4424.02,NPR,2026-11-17,2026-12-08T21:13:00+05:30,cty_0d9ab6ff,,manual,0,active,2026-06-11T10:00:00+05:30,2026-08-18T10:00:00+05:30
exp_a22e7170,trp_0c86284d,usr_fa3a9dd6,accommodation,Coffee and snacks,247.87,QAR,247.87,INR,2026-08-01,2026-06-02T20:34:00+05:30,cty_6320eea9,,manual,0,active,2026-07-24T10:00:00+05:30,2026-08-18T10:00:00+05:30
exp_37a45e24,trp_ed2f3b97,usr_d8cab59f,accommodation,Auto to the fort,1439034.01,IDR,1439034.01,IDR,2026-08-01,2026-05-28T13:45:00+05:30,cty_ccb4fb74,,import,0,active,2026-04-10T10:00:00+05:30,2026-08-18T10:00:00+05:30
exp_16eda60e,trp_b32d3e05,usr_247f37bf,accommodation,Airport taxi,7553.13,INR,7553.13,INR,2026-08-01,2026-07-14T17:37:00+05:30,cty_51a149b7,,manual,0,active,2026-05-09T10:00:00+05:30,2026-08-18T10:00:00+05:30
exp_fc833af9,trp_c4fe9d44,usr_96b84c82,accommodation,Dinner,1735.91,INR,1735.91,INR,2026-10-12,2026-10-12T11:23:00+05:30,cty_621f4a84,,nl_text,0,active,2026-04-24T10:00:00+05:30,2026-08-18T10:00:00+05:30
exp_d4402e8a,trp_058d5aea,usr_e3e0cd9d,fees,Dinner,277.05,INR,277.05,INR,2026-08-07,2026-08-05T16:29:00+05:30,cty_ab50efee,,nl_text,0,active,2026-05-07T10:00:00+05:30,2026-08-18T10:00:00+05:30
exp_c8c9b470,trp_9dfd38b4,usr_454b4262,accommodation,Museum tickets,5985.76,INR,5985.76,INR,2026-10-06,2026-10-06T22:48:00+05:30,cty_36afaa5c,,manual,1,active,2026-05-23T10:00:00+05:30,2026-08-18T10:00:00+05:30
exp_647d276d,trp_4b9e6595,usr_f271c461,fees,Museum tickets,651.26,INR,125718.93,IDR,2026-08-13,2026-08-16T09:31:00+05:30,cty_aa759717,,manual,1,active,2026-06-25T10:00:00+05:30,2026-08-18T10:00:00+05:30
exp_4a2b68cd,trp_d0565c09,usr_ede8042e,activities,Dinner,148.38,THB,148.38,INR,2026-10-06,2026-10-06T15:29:00+05:30,cty_a5f16904,,nl_text,0,active,2026-08-04T10:00:00+05:30,2026-08-18T10:00:00+05:30
exp_12db7ae1,trp_0629deb2,usr_4a53ac63,transport,Auto to the fort,735.21,INR,735.21,INR,2026-09-18,2026-09-21T14:08:00+05:30,cty_5d572c8a,,nl_text,0,active,2026-04-11T10:00:00+05:30,2026-08-18T10:00:00+05:30
exp_14a391e5,trp_c5887464,usr_3190040f,activities,Two nights,2864.71,LKR,2864.71,INR,2026-10-24,2026-10-25T07:07:00+05:30,cty_a50bc5dd,,manual,0,active,2026-04-12T10:00:00+05:30,2026-08-18T10:00:00+05:30
exp_28ff8c54,trp_e0e73f4f,usr_651a4d17,transport,Auto to the fort,1464.39,INR,1464.39,INR,2026-08-01,2026-06-10T07:29:00+05:30,cty_7f673457,rcp_a6446eed,ocr,1,active,2026-05-20T10:00:00+05:30,2026-08-18T10:00:00+05:30
exp_efafbf24,trp_8804c5b5,usr_01037e5c,activities,Dinner,1296.34,INR,1296.34,INR,2026-08-19,2026-08-22T13:52:00+05:30,cty_3503e391,rcp_4183c5f3,ocr,0,active,2026-08-03T10:00:00+05:30,2026-08-18T10:00:00+05:30
exp_f3c96ff2,trp_d5b99837,usr_4db9e8d2,transport,Museum tickets,1622.53,INR,1622.53,INR,2026-08-19,2026-08-18T16:04:00+05:30,cty_3503e391,,manual,0,active,2026-07-29T10:00:00+05:30,2026-08-18T10:00:00+05:30
exp_ebb7fc1a,trp_550c7b3b,usr_4012e3f7,accommodation,Guide tip,5530.77,INR,5530.77,INR,2026-08-31,2026-08-30T18:06:00+05:30,cty_f288c6a0,,manual,0,active,2026-05-19T10:00:00+05:30,2026-08-18T10:00:00+05:30
exp_63f6c38d,trp_4158f34b,usr_9473419d,accommodation,Airport taxi,6182.88,INR,6182.88,INR,2026-10-18,2026-10-20T19:12:00+05:30,cty_32e8e65c,,manual,0,active,2026-06-02T10:00:00+05:30,2026-08-18T10:00:00+05:30
exp_93507ee6,trp_e900e96a,usr_6c5b2519,activities,Souvenirs,1172.85,INR,1172.85,INR,2026-08-01,2026-06-10T17:26:00+05:30,cty_95d040d8,,manual,1,active,2026-06-30T10:00:00+05:30,2026-08-18T10:00:00+05:30
exp_06d9b84f,trp_6b3bd54e,usr_1501196b,food,Airport taxi,5252.60,LKR,5252.60,INR,2026-09-06,2026-09-04T11:15:00+05:30,cty_009c9fd2,,manual,0,active,2026-07-06T10:00:00+05:30,2026-08-18T10:00:00+05:30
exp_d03696dd,trp_bbf16dcd,usr_8f81432c,food,Two nights,1174.06,INR,1174.06,INR,2026-11-05,2026-11-03T20:42:00+05:30,cty_caf3c1ee,,manual,1,active,2026-06-27T10:00:00+05:30,2026-08-18T10:00:00+05:30
exp_e9e8fbba,trp_cdcc78b4,usr_76043d79,food,Auto to the fort,1348.57,INR,1348.57,INR,2026-08-01,2026-05-21T17:39:00+05:30,cty_0b92e2e7,,manual,0,active,2026-03-23T10:00:00+05:30,2026-08-18T10:00:00+05:30
exp_83a39a54,trp_706fdf80,usr_acd89323,transport,Coffee and snacks,11.64,SGD,11.64,SGD,2026-08-01,2026-07-16T11:10:00+05:30,cty_43d0a650,,manual,0,active,2026-05-15T10:00:00+05:30,2026-08-18T10:00:00+05:30
exp_2f58517d,trp_05fa9ee5,usr_0ecee4ac,accommodation,Boat ride,4666.71,JPY,4666.71,INR,2026-09-06,2026-09-04T14:07:00+05:30,cty_51a149b7,,manual,1,active,2026-06-01T10:00:00+05:30,2026-08-18T10:00:00+05:30
exp_84f8f570,trp_d5b99837,usr_4db9e8d2,food,Dinner,898.76,INR,898.76,INR,2026-08-19,2026-08-17T20:36:00+05:30,cty_3503e391,,manual,1,active,2026-04-22T10:00:00+05:30,2026-08-18T10:00:00+05:30
exp_81491942,trp_c6136493,usr_6eabc4ca,transport,Auto to the fort,583.70,INR,583.70,INR,2026-09-18,2026-09-20T15:46:00+05:30,cty_cfec17b6,,manual,0,active,2026-08-05T10:00:00+05:30,2026-08-18T10:00:00+05:30
exp_929d3ad4,trp_856b6452,usr_5c4f42ed,food,Boat ride,667.39,INR,1081.29,NPR,2026-10-06,2026-10-06T08:01:00+05:30,cty_590d4b7b,,manual,0,active,2026-06-22T10:00:00+05:30,2026-08-18T10:00:00+05:30
exp_220c2f2c,trp_672c1a74,usr_42dc4da4,food,Souvenirs,1440.99,INR,1440.99,INR,2026-08-01,2026-06-01T18:23:00+05:30,cty_8fc1539e,,manual,0,active,2026-07-19T10:00:00+05:30,2026-08-18T10:00:00+05:30
exp_cffdace5,trp_574e5595,usr_05d0be25,activities,Boat ride,37.41,AED,37.41,INR,2026-08-01,2026-05-12T15:34:00+05:30,cty_1ced6ede,,manual,0,active,2026-04-09T10:00:00+05:30,2026-08-18T10:00:00+05:30
exp_0c54fc10,trp_2e23ea17,usr_651a4d17,activities,Dinner,1878.78,INR,6800.62,LKR,2026-10-18,2026-10-18T21:56:00+05:30,cty_9327d518,,manual,0,active,2026-05-10T10:00:00+05:30,2026-08-18T10:00:00+05:30
exp_68c60645,trp_ce0a9b4e,usr_ee5c9717,transport,Museum tickets,785.71,INR,785.71,INR,2026-11-17,2026-11-27T14:44:00+05:30,cty_c97e6cd5,,manual,1,active,2026-05-27T10:00:00+05:30,2026-08-18T10:00:00+05:30
exp_38414811,trp_27260494,usr_ee03ca6c,accommodation,Dinner,7282.66,INR,7282.66,INR,2026-09-30,2026-10-03T15:28:00+05:30,cty_95e7c8ca,,manual,1,active,2026-04-06T10:00:00+05:30,2026-08-18T10:00:00+05:30
exp_28e8345a,trp_2d23dd64,usr_7e340c2a,transport,Laundry,2235.01,INR,2235.01,INR,2026-08-01,2026-05-11T19:03:00+05:30,cty_cfec17b6,,manual,0,active,2026-08-04T10:00:00+05:30,2026-08-18T10:00:00+05:30
exp_fbf77f85,trp_5c81e163,usr_18260fc4,food,Airport taxi,1240.08,INR,1240.08,INR,2026-10-12,2026-10-12T21:20:00+05:30,cty_caf3c1ee,,manual,0,active,2026-05-03T10:00:00+05:30,2026-08-18T10:00:00+05:30
exp_06a7eec3,trp_ed8dc5fe,usr_efe9a3aa,shopping,Boat ride,3496.43,INR,3496.43,INR,2026-09-24,2026-09-26T07:24:00+05:30,,,nl_text,0,active,2026-04-28T10:00:00+05:30,2026-08-18T10:00:00+05:30
exp_2586702f,trp_c2089a00,usr_1dc66e29,accommodation,Two nights,7053.56,INR,7053.56,INR,2026-09-30,2026-09-29T21:33:00+05:30,cty_f8b75f8e,,manual,0,active,2026-08-02T10:00:00+05:30,2026-08-18T10:00:00+05:30
exp_4b17573d,trp_fd96ecd9,usr_b452b228,accommodation,Laundry,9296.24,INR,1717.41,MVR,2026-08-31,2026-09-02T17:55:00+05:30,,,manual,0,active,2026-07-29T10:00:00+05:30,2026-08-18T10:00:00+05:30
exp_d89b655d,trp_a00e9d0f,usr_7fa0a9c6,accommodation,Boat ride,4708.66,INR,939933.71,IDR,2026-11-11,2026-11-10T16:27:00+05:30,cty_aa759717,,manual,1,active,2026-08-11T10:00:00+05:30,2026-08-18T10:00:00+05:30
exp_b7096c79,trp_56eeb108,usr_de5d9e34,accommodation,Boat ride,6347.48,NPR,174.48,AED,2026-11-17,2026-11-24T22:53:00+05:30,,,manual,0,active,2026-06-04T10:00:00+05:30,2026-08-18T10:00:00+05:30
exp_c5550bb4,trp_31e8bc24,usr_ca24d130,accommodation,Souvenirs,3897.55,INR,3897.55,INR,2026-08-01,2026-06-25T15:24:00+05:30,cty_ab50efee,,manual,0,active,2026-07-28T10:00:00+05:30,2026-08-18T10:00:00+05:30
exp_b9e37c27,trp_7844b321,usr_2b11a6c9,fees,Souvenirs,707.34,INR,707.34,INR,2026-08-01,2026-05-30T07:01:00+05:30,cty_b6ccbb3b,,manual,0,active,2026-04-09T10:00:00+05:30,2026-08-18T10:00:00+05:30
exp_d9735647,trp_cb6840c6,usr_e2966606,shopping,Dinner,1991.06,INR,1991.06,INR,2026-08-01,2026-06-15T12:28:00+05:30,cty_95e7c8ca,,manual,1,active,2026-03-30T10:00:00+05:30,2026-08-18T10:00:00+05:30
exp_c8f096e0,trp_53200b9d,usr_c9451968,transport,Auto to the fort,1925.40,INR,795.71,THB,2026-08-01,2026-06-20T22:39:00+05:30,cty_aa759717,rcp_7ad44f4f,ocr,0,active,2026-04-24T10:00:00+05:30,2026-08-18T10:00:00+05:30
exp_6fb79a00,trp_520dc671,usr_60c3a39a,food,Two nights,907.25,INR,907.25,INR,2026-08-07,2026-08-05T22:49:00+05:30,cty_caf3c1ee,,manual,1,active,2026-06-16T10:00:00+05:30,2026-08-18T10:00:00+05:30
exp_fd52704b,trp_4b9e6595,usr_f271c461,food,Laundry,1374.11,INR,265251.12,IDR,2026-08-19,2026-08-17T12:10:00+05:30,cty_aa759717,,manual,1,active,2026-08-09T10:00:00+05:30,2026-08-18T10:00:00+05:30
exp_94beb58e,trp_6c9581df,usr_712600f0,accommodation,Museum tickets,6765.47,INR,6765.47,INR,2026-08-01,2026-07-02T11:22:00+05:30,cty_7b89639e,,manual,0,active,2026-08-08T10:00:00+05:30,2026-08-18T10:00:00+05:30
exp_0ad3de90,trp_3901f712,usr_ce2e54f4,food,Airport taxi,1029.05,INR,1029.05,INR,2026-11-17,2026-11-15T11:55:00+05:30,cty_f8b75f8e,,manual,1,active,2026-07-07T10:00:00+05:30,2026-08-18T10:00:00+05:30
exp_47a4c2a1,trp_d6cd4f40,usr_ad8b46f0,food,Two nights,46.08,MVR,46.08,INR,2026-08-01,2026-05-26T13:19:00+05:30,cty_9aa02925,,manual,1,active,2026-06-19T10:00:00+05:30,2026-08-18T10:00:00+05:30
exp_ea14d148,trp_360afa3a,usr_1886c078,transport,Souvenirs,380.04,MVR,380.04,MVR,2026-08-01,2026-07-22T19:14:00+05:30,cty_8fc1539e,,manual,1,active,2026-04-13T10:00:00+05:30,2026-08-18T10:00:00+05:30
exp_1c5c84d8,trp_856b6452,usr_5c4f42ed,transport,Two nights,460.75,INR,746.50,NPR,2026-10-06,2026-10-06T11:38:00+05:30,cty_590d4b7b,,manual,1,active,2026-03-31T10:00:00+05:30,2026-08-18T10:00:00+05:30
exp_006df5aa,trp_c6e23791,usr_3038e2f7,activities,Auto to the fort,1866.20,INR,1866.20,INR,2026-08-01,2026-06-19T19:55:00+05:30,cty_43d0a650,rcp_a7890a85,ocr,0,active,2026-04-02T10:00:00+05:30,2026-08-18T10:00:00+05:30
exp_629439fc,trp_0c26fee1,usr_8ba42edb,accommodation,Boat ride,6083.71,INR,6083.71,INR,2026-08-01,2026-06-14T17:56:00+05:30,cty_7b89639e,,import,0,active,2026-03-24T10:00:00+05:30,2026-08-18T10:00:00+05:30
exp_2f5a5409,trp_67de89e5,usr_9de6bd6d,food,Boat ride,771.90,INR,771.90,INR,2026-08-01,2026-07-26T22:44:00+05:30,cty_7be8559f,,manual,0,active,2026-03-23T10:00:00+05:30,2026-08-18T10:00:00+05:30
exp_e085117f,trp_b038cfbe,usr_e1fb52ea,food,Laundry,1404.44,INR,1404.44,INR,2026-11-11,2026-11-10T14:46:00+05:30,cty_828a7777,,manual,0,active,2026-05-15T10:00:00+05:30,2026-08-18T10:00:00+05:30
exp_97ee0d4c,trp_10a5cdc9,usr_58d2b52f,fees,Boat ride,129.12,MVR,129.12,INR,2026-09-30,2026-09-30T08:00:00+05:30,cty_9aa02925,,manual,0,active,2026-07-17T10:00:00+05:30,2026-08-18T10:00:00+05:30
exp_4b6a7f84,trp_67a041ab,usr_8fe264b1,accommodation,Coffee and snacks,3104.82,INR,5030.37,NPR,2026-10-06,2026-10-07T12:07:00+05:30,,,nl_text,1,active,2026-04-30T10:00:00+05:30,2026-08-18T10:00:00+05:30
exp_7ae1e1ab,trp_b367a36c,usr_6be041f5,accommodation,Two nights,16502.70,LKR,16502.70,LKR,2026-08-01,2026-07-01T16:36:00+05:30,cty_cf1c6ac5,rcp_9821df4b,ocr,0,active,2026-07-09T10:00:00+05:30,2026-08-18T10:00:00+05:30
exp_b07a8e84,trp_e16227b5,usr_d1c73fb8,accommodation,Two nights,6588.09,INR,6588.09,INR,2026-10-12,2026-10-12T22:05:00+05:30,cty_b43cdd57,,manual,1,active,2026-03-23T10:00:00+05:30,2026-08-18T10:00:00+05:30
exp_09be55aa,trp_7a22e52a,usr_ce941853,food,Boat ride,1276.14,INR,1276.14,INR,2026-11-17,2026-11-25T17:51:00+05:30,cty_541018a9,,manual,0,active,2026-07-06T10:00:00+05:30,2026-08-18T10:00:00+05:30
exp_71e25f83,trp_9805085a,usr_02d5e350,accommodation,Boat ride,1808.30,INR,2943.42,NPR,2026-11-11,2026-11-10T14:22:00+05:30,cty_7be8559f,,manual,0,active,2026-07-11T10:00:00+05:30,2026-08-18T10:00:00+05:30
exp_1b525356,trp_4567900f,usr_e94f06ca,food,Museum tickets,62.69,AED,62.69,INR,2026-08-01,2026-05-13T17:47:00+05:30,cty_7b89639e,,manual,0,active,2026-06-10T10:00:00+05:30,2026-08-18T10:00:00+05:30
exp_7dbd6e52,trp_dbfef2b5,usr_5527167d,food,Boat ride,576.61,INR,576.61,INR,2026-08-01,2026-06-12T17:29:00+05:30,cty_f8b75f8e,,manual,0,active,2026-07-17T10:00:00+05:30,2026-08-18T10:00:00+05:30
exp_b175bc26,trp_4c04b27d,usr_50dd9495,food,Museum tickets,656.50,THB,656.50,INR,2026-08-01,2026-05-18T20:55:00+05:30,cty_a5f16904,,manual,1,active,2026-06-19T10:00:00+05:30,2026-08-18T10:00:00+05:30
exp_07467f47,trp_8ec37f48,usr_13fe39d3,accommodation,Souvenirs,2337.67,INR,2337.67,INR,2026-11-17,2026-11-26T12:44:00+05:30,cty_f288c6a0,,manual,1,active,2026-04-10T10:00:00+05:30,2026-08-18T10:00:00+05:30
exp_ded0b3e2,trp_6579c710,usr_d1c73fb8,food,Airport taxi,314.44,INR,314.44,INR,2026-08-01,2026-06-19T13:02:00+05:30,cty_bbb31d67,,manual,0,active,2026-06-06T10:00:00+05:30,2026-08-18T10:00:00+05:30
exp_7b270584,trp_ed7e580e,usr_17083a9e,food,Coffee and snacks,325.55,INR,325.55,INR,2026-08-07,2026-08-05T15:40:00+05:30,cty_590d4b7b,,manual,1,active,2026-04-16T10:00:00+05:30,2026-08-18T10:00:00+05:30
exp_ddb3f411,trp_b2aef743,usr_7796e5e8,accommodation,Dinner,2404.95,INR,2404.95,INR,2026-08-01,2026-06-22T12:28:00+05:30,cty_718f03c7,,nl_text,1,active,2026-08-07T10:00:00+05:30,2026-08-18T10:00:00+05:30
exp_4d7db78d,trp_92b064f2,usr_c659e4bf,transport,Souvenirs,1026.26,INR,196005.10,IDR,2026-08-01,2026-06-12T10:43:00+05:30,cty_10cbee86,,nl_text,1,active,2026-07-25T10:00:00+05:30,2026-08-18T10:00:00+05:30
exp_0a94cde7,trp_c81c4b8e,usr_9694b4a3,food,Guide tip,542.02,INR,542.02,INR,2026-08-01,2026-06-29T22:21:00+05:30,cty_ab50efee,,manual,0,active,2026-06-22T10:00:00+05:30,2026-08-18T10:00:00+05:30
exp_25be5f8a,trp_bab07b17,usr_b6d5d98c,food,Auto to the fort,44.16,QAR,44.16,INR,2026-08-01,2026-06-24T13:17:00+05:30,cty_6320eea9,,import,0,active,2026-05-29T10:00:00+05:30,2026-08-18T10:00:00+05:30
exp_66f6fffc,trp_7f4c80ca,usr_1f3d6d92,accommodation,Boat ride,5928.43,INR,5928.43,INR,2026-08-01,2026-06-09T10:08:00+05:30,,,manual,1,active,2026-08-06T10:00:00+05:30,2026-08-18T10:00:00+05:30
exp_79d0a4bc,trp_15632e85,usr_bc67142c,food,Coffee and snacks,60.60,MVR,60.60,INR,2026-09-12,2026-09-13T18:34:00+05:30,cty_9aa02925,,manual,0,active,2026-06-02T10:00:00+05:30,2026-08-18T10:00:00+05:30
exp_cf95c65a,trp_566e3eb3,usr_bc4a9809,food,Dinner,357.93,THB,357.93,INR,2026-09-30,2026-09-29T20:29:00+05:30,cty_a5f16904,,nl_text,0,active,2026-07-16T10:00:00+05:30,2026-08-18T10:00:00+05:30
exp_2ae7c42a,trp_3dee7b31,usr_268fdb85,food,Auto to the fort,83.95,MVR,83.95,INR,2026-11-17,2026-11-25T20:55:00+05:30,cty_9aa02925,,manual,0,active,2026-07-25T10:00:00+05:30,2026-08-18T10:00:00+05:30
exp_5399f841,trp_73e63df2,usr_3b2b4279,food,Airport taxi,1285.25,INR,1285.25,INR,2026-11-17,2026-11-28T17:58:00+05:30,cty_c43cfa94,,import,0,active,2026-07-23T10:00:00+05:30,2026-08-18T10:00:00+05:30
exp_18eedb42,trp_8c33db0b,usr_67ff2106,shopping,Laundry,5875.82,LKR,5875.82,INR,2026-08-01,2026-06-11T09:42:00+05:30,cty_a50bc5dd,,manual,1,active,2026-04-14T10:00:00+05:30,2026-08-18T10:00:00+05:30
exp_46a693b4,trp_a090d1f1,usr_1239733b,accommodation,Souvenirs,9054.63,INR,9054.63,INR,2026-08-25,2026-08-24T15:13:00+05:30,cty_cf1c6ac5,,manual,1,active,2026-03-30T10:00:00+05:30,2026-08-18T10:00:00+05:30
exp_9dd6db52,trp_9a841c7e,usr_7f6d27fe,transport,Laundry,2000.93,INR,31.72,SGD,2026-08-01,2026-05-27T22:16:00+05:30,cty_ab50efee,,import,0,active,2026-04-07T10:00:00+05:30,2026-08-18T10:00:00+05:30
exp_acd46468,trp_074ec52a,usr_ee6409a7,transport,Laundry,1509.76,INR,1509.76,INR,2026-09-06,2026-09-06T11:42:00+05:30,cty_5d572c8a,,nl_text,0,active,2026-07-10T10:00:00+05:30,2026-08-18T10:00:00+05:30
exp_e571f8a6,trp_b355e443,usr_48f9bd76,misc,Laundry,992.24,INR,992.24,INR,2026-10-30,2026-10-28T19:57:00+05:30,cty_0d9ab6ff,,nl_text,0,active,2026-06-04T10:00:00+05:30,2026-08-18T10:00:00+05:30
exp_ea7165aa,trp_cdf7d1fa,usr_8e84ba7a,food,Guide tip,499.72,INR,27.20,MYR,2026-10-06,2026-10-09T17:55:00+05:30,cty_a97c33ad,,nl_text,0,active,2026-06-24T10:00:00+05:30,2026-08-18T10:00:00+05:30
exp_b26ed935,trp_cf3db507,usr_e27e3b52,accommodation,Coffee and snacks,8234.40,INR,8234.40,INR,2026-10-18,2026-10-17T17:31:00+05:30,cty_cf1c6ac5,,manual,0,active,2026-05-25T10:00:00+05:30,2026-08-18T10:00:00+05:30
exp_7c7680c3,trp_a41af335,usr_dcc95fd2,food,Souvenirs,1290.31,INR,1290.31,INR,2026-08-01,2026-05-18T19:46:00+05:30,cty_718f03c7,,manual,0,active,2026-07-28T10:00:00+05:30,2026-08-18T10:00:00+05:30
exp_386ea515,trp_0cf04e06,usr_9cb9eedc,accommodation,Coffee and snacks,4381.18,INR,4381.18,INR,2026-10-18,2026-10-20T15:30:00+05:30,cty_67ee7f6f,,manual,1,active,2026-03-29T10:00:00+05:30,2026-08-18T10:00:00+05:30
exp_8cad5d4a,trp_924dd4a3,usr_2109396c,misc,Two nights,3.24,SGD,3.24,SGD,2026-11-05,2026-11-03T09:01:00+05:30,cty_9327d518,,manual,0,active,2026-06-11T10:00:00+05:30,2026-08-18T10:00:00+05:30
exp_4cc3aa56,trp_f2b92037,usr_ce11983a,food,Auto to the fort,1469.48,INR,1469.48,INR,2026-10-18,2026-10-19T07:37:00+05:30,cty_a97c33ad,,import,0,active,2026-05-20T10:00:00+05:30,2026-08-18T10:00:00+05:30
exp_2aa845a1,trp_d729f422,usr_12f95c97,activities,Dinner,803.43,INR,803.43,INR,2026-08-01,2026-06-25T07:56:00+05:30,cty_10cbee86,,manual,1,active,2026-04-04T10:00:00+05:30,2026-08-18T10:00:00+05:30
exp_62529ea8,trp_77e61eba,usr_633c636b,accommodation,Airport taxi,2231.55,INR,2231.55,INR,2026-10-18,2026-10-20T18:22:00+05:30,cty_f8b75f8e,,manual,0,active,2026-08-08T10:00:00+05:30,2026-08-18T10:00:00+05:30
exp_20ec5b6f,trp_6ff162fb,usr_4787696f,accommodation,Museum tickets,56.72,CHF,2261.20,THB,2026-08-01,2026-07-14T22:53:00+05:30,cty_0b7f5985,,manual,0,active,2026-06-05T10:00:00+05:30,2026-08-18T10:00:00+05:30
exp_d5344fc4,trp_55127690,usr_2de68d4f,food,Guide tip,1167.59,INR,1167.59,INR,2026-09-18,2026-09-18T19:47:00+05:30,cty_0d9ab6ff,,nl_text,1,active,2026-04-26T10:00:00+05:30,2026-08-18T10:00:00+05:30
exp_2722f001,trp_0053b2f7,usr_cf744020,food,Dinner,428.07,INR,428.07,INR,2026-08-07,2026-08-05T22:46:00+05:30,cty_f288c6a0,,manual,0,active,2026-07-16T10:00:00+05:30,2026-08-18T10:00:00+05:30
exp_c3f34110,trp_3e798eae,usr_c4b23b72,food,Dinner,1831.25,LKR,1831.25,INR,2026-08-01,2026-06-04T11:53:00+05:30,cty_009c9fd2,,manual,0,active,2026-07-31T10:00:00+05:30,2026-08-18T10:00:00+05:30
exp_9f044bb3,trp_22a4deac,usr_d59d0fa9,accommodation,Souvenirs,14348.54,NPR,14348.54,NPR,2026-08-01,2026-06-17T08:56:00+05:30,cty_b43cdd57,,manual,0,active,2026-08-14T10:00:00+05:30,2026-08-18T10:00:00+05:30
exp_af935fbe,trp_e842e287,usr_4794174d,transport,Museum tickets,796.07,INR,796.07,INR,2026-08-25,2026-08-28T18:01:00+05:30,cty_34bbfdfe,,nl_text,1,active,2026-06-10T10:00:00+05:30,2026-08-18T10:00:00+05:30
exp_7340647f,trp_a396cd51,usr_4d8f3b3a,accommodation,Airport taxi,8004.20,INR,8004.20,INR,2026-10-30,2026-11-01T22:19:00+05:30,cty_67ee7f6f,rcp_5d1176d4,ocr,0,active,2026-03-29T10:00:00+05:30,2026-08-18T10:00:00+05:30
exp_e024e41e,trp_cfff63af,usr_b86dd891,food,Dinner,329.06,INR,329.06,INR,2026-08-01,2026-08-02T07:38:00+05:30,cty_79cbc59b,rcp_484de7bf,ocr,0,active,2026-04-01T10:00:00+05:30,2026-08-18T10:00:00+05:30
exp_3ba8bdf1,trp_8d9b71fd,usr_81dbf021,accommodation,Museum tickets,6942.75,NPR,6942.75,NPR,2026-08-01,2026-06-09T16:33:00+05:30,cty_95d040d8,,manual,0,active,2026-08-06T10:00:00+05:30,2026-08-18T10:00:00+05:30
exp_c3b0b528,trp_f9ef6a50,usr_ddcb196c,accommodation,Boat ride,4586.79,INR,4586.79,INR,2026-08-01,2026-06-16T08:20:00+05:30,cty_718f03c7,,manual,1,active,2026-07-30T10:00:00+05:30,2026-08-18T10:00:00+05:30
exp_f0f56b39,trp_12961d3c,usr_dc032205,accommodation,Dinner,6506.17,INR,6506.17,INR,2026-10-06,2026-10-06T14:44:00+05:30,cty_ccb4fb74,,manual,0,active,2026-04-01T10:00:00+05:30,2026-08-18T10:00:00+05:30
exp_8b72bf33,trp_740a0028,usr_651a4d17,transport,Coffee and snacks,2034.43,INR,2034.43,INR,2026-08-01,2026-07-26T07:37:00+05:30,cty_f29656ff,,manual,0,active,2026-05-07T10:00:00+05:30,2026-08-18T10:00:00+05:30
exp_bdfa3247,trp_9e0e3864,usr_bc9d20fa,transport,Two nights,1093.95,INR,1093.95,INR,2026-08-01,2026-06-27T07:25:00+05:30,cty_a97c33ad,,nl_text,0,active,2026-05-25T10:00:00+05:30,2026-08-18T10:00:00+05:30
exp_b8f0ee20,trp_0050ebc1,usr_824b14a8,food,Laundry,1148.20,INR,1148.20,INR,2026-09-12,2026-09-13T07:38:00+05:30,cty_541018a9,,manual,0,active,2026-05-15T10:00:00+05:30,2026-08-18T10:00:00+05:30
exp_93055680,trp_46f6a107,usr_7d0ce609,accommodation,Coffee and snacks,168.06,MYR,168.06,MYR,2026-09-30,2026-09-30T15:01:00+05:30,cty_34bbfdfe,,manual,0,active,2026-06-24T10:00:00+05:30,2026-08-18T10:00:00+05:30
exp_8aaa41d9,trp_f0bbd941,usr_58d2b52f,transport,Two nights,998.24,INR,998.24,INR,2026-08-01,2026-07-18T12:37:00+05:30,cty_10cbee86,,manual,1,active,2026-05-28T10:00:00+05:30,2026-08-18T10:00:00+05:30
exp_8650c118,trp_831241e0,usr_58d2b52f,transport,Coffee and snacks,1822.29,INR,1822.29,INR,2026-09-24,2026-09-27T07:08:00+05:30,cty_f29656ff,,nl_text,1,active,2026-08-10T10:00:00+05:30,2026-08-18T10:00:00+05:30
exp_001a3c27,trp_c6136493,usr_8b3ba681,accommodation,Souvenirs,2581.94,INR,2581.94,INR,2026-09-24,2026-09-24T11:57:00+05:30,cty_cfec17b6,,nl_text,0,active,2026-04-06T10:00:00+05:30,2026-08-18T10:00:00+05:30
exp_af8b2050,trp_07ee6d2b,usr_24f139e5,accommodation,Coffee and snacks,9535.68,INR,9535.68,INR,2026-11-17,2026-12-05T18:09:00+05:30,cty_5698a7ab,,nl_text,0,active,2026-08-15T10:00:00+05:30,2026-08-18T10:00:00+05:30
exp_cc9d6f42,trp_bd724666,usr_b4a877b0,transport,Boat ride,1569.05,INR,84.70,MYR,2026-09-12,2026-09-15T15:00:00+05:30,cty_d4f5e3a5,,manual,0,active,2026-05-07T10:00:00+05:30,2026-08-18T10:00:00+05:30
exp_fe4d02f3,trp_e4e09b00,usr_17b45921,accommodation,Souvenirs,306.95,AED,73.09,CHF,2026-08-01,2026-08-03T09:05:00+05:30,cty_1ced6ede,,manual,1,active,2026-06-12T10:00:00+05:30,2026-08-18T10:00:00+05:30
exp_5b4755e0,trp_c675b49c,usr_d73f4c7f,transport,Two nights,67.94,AED,67.94,INR,2026-10-06,2026-10-09T12:12:00+05:30,cty_1ced6ede,rcp_6c5cddc0,ocr,1,active,2026-05-22T10:00:00+05:30,2026-08-18T10:00:00+05:30
exp_30e83656,trp_cab2311d,usr_1a6892bf,accommodation,Auto to the fort,6668.59,INR,6668.59,INR,2026-11-17,2026-12-08T17:22:00+05:30,cty_c9f34ba7,,manual,0,active,2026-03-31T10:00:00+05:30,2026-08-18T10:00:00+05:30
exp_409ef953,trp_d647222e,usr_399971ee,food,Laundry,673.21,INR,673.21,INR,2026-08-07,2026-08-08T22:03:00+05:30,cty_7f673457,,manual,1,active,2026-08-07T10:00:00+05:30,2026-08-18T10:00:00+05:30
exp_b1acd25a,trp_5d6b6f99,usr_410809ba,misc,Airport taxi,358.97,INR,358.97,INR,2026-08-31,2026-08-31T20:44:00+05:30,cty_caf3c1ee,,manual,1,active,2026-04-03T10:00:00+05:30,2026-08-18T10:00:00+05:30
exp_f3f05041,trp_e0e73f4f,usr_651a4d17,food,Coffee and snacks,968.96,INR,968.96,INR,2026-08-01,2026-06-11T09:15:00+05:30,cty_7f673457,rcp_ae343b19,ocr,0,active,2026-04-14T10:00:00+05:30,2026-08-18T10:00:00+05:30
exp_4163d4c1,trp_1dd09ed0,usr_fedbd227,activities,Museum tickets,525.72,INR,525.72,INR,2026-08-01,2026-07-20T22:57:00+05:30,cty_b6ccbb3b,,manual,1,active,2026-08-08T10:00:00+05:30,2026-08-18T10:00:00+05:30
exp_ee7bf957,trp_db8edb3f,usr_d20b2a69,transport,Coffee and snacks,979.48,INR,15.86,SGD,2026-09-18,2026-09-20T16:13:00+05:30,cty_f29656ff,rcp_7c0bedce,ocr,0,active,2026-03-28T10:00:00+05:30,2026-08-18T10:00:00+05:30
exp_07e91351,trp_ed2f3b97,usr_d8cab59f,fees,Airport taxi,494.73,INR,94488.34,IDR,2026-08-01,2026-05-28T07:45:00+05:30,cty_ccb4fb74,,manual,0,active,2026-06-05T10:00:00+05:30,2026-08-18T10:00:00+05:30
exp_e0f504b9,trp_0f1dfedf,usr_c426b4e1,transport,Boat ride,1244.13,INR,1244.13,INR,2026-11-11,2026-11-09T07:08:00+05:30,cty_a5f16904,,manual,1,active,2026-03-23T10:00:00+05:30,2026-08-18T10:00:00+05:30
exp_83f010a5,trp_3ebf9280,usr_9cb9eedc,accommodation,Airport taxi,9430.13,INR,99.61,CHF,2026-09-24,2026-09-27T11:10:00+05:30,cty_c07454f1,,manual,0,active,2026-04-08T10:00:00+05:30,2026-08-18T10:00:00+05:30
exp_e1a53281,trp_c2f959a5,usr_9d32306d,accommodation,Museum tickets,1099.75,THB,1099.75,INR,2026-08-01,2026-06-07T18:04:00+05:30,cty_a5f16904,,manual,0,active,2026-04-12T10:00:00+05:30,2026-08-18T10:00:00+05:30
exp_ed5645d7,trp_c5887464,usr_cb3be250,accommodation,Coffee and snacks,15449.43,LKR,15449.43,INR,2026-10-24,2026-10-22T21:37:00+05:30,cty_a50bc5dd,,manual,0,active,2026-07-07T10:00:00+05:30,2026-08-18T10:00:00+05:30
exp_fb1901dd,trp_6b3bd54e,usr_1501196b,shopping,Airport taxi,4884.93,LKR,4884.93,INR,2026-09-06,2026-09-04T10:26:00+05:30,cty_009c9fd2,,manual,0,active,2026-04-16T10:00:00+05:30,2026-08-18T10:00:00+05:30
exp_07d16632,trp_d03225c9,usr_e4376908,activities,Two nights,429.90,INR,4.59,CHF,2026-11-17,2026-11-24T07:11:00+05:30,cty_f288c6a0,,manual,0,active,2026-05-07T10:00:00+05:30,2026-08-18T10:00:00+05:30
exp_e72d138a,trp_19bd0b98,usr_5dec704e,food,Museum tickets,1070.61,INR,1070.61,INR,2026-08-01,2026-07-01T09:26:00+05:30,cty_d35a9652,,manual,0,active,2026-05-23T10:00:00+05:30,2026-08-18T10:00:00+05:30
exp_00426b40,trp_73adc9df,usr_1dd8f348,food,Laundry,269105.09,IDR,269105.09,INR,2026-08-01,2026-06-01T15:55:00+05:30,cty_36afaa5c,,manual,1,active,2026-04-29T10:00:00+05:30,2026-08-18T10:00:00+05:30
exp_f35848da,trp_3addadca,usr_ce09de03,food,Two nights,838.28,INR,8.69,CHF,2026-08-01,2026-07-31T19:50:00+05:30,,,nl_text,1,active,2026-04-09T10:00:00+05:30,2026-08-18T10:00:00+05:30
exp_e570f997,trp_de13fbb8,usr_638c6951,food,Guide tip,462.78,INR,462.78,INR,2026-09-30,2026-09-28T13:27:00+05:30,cty_d401ef6b,,import,0,active,2026-07-25T10:00:00+05:30,2026-08-18T10:00:00+05:30
exp_f213ec22,trp_aa8d192e,usr_2de68d4f,shopping,Coffee and snacks,2196.74,INR,2196.74,INR,2026-08-01,2026-07-30T22:52:00+05:30,cty_c97e6cd5,,manual,0,active,2026-07-05T10:00:00+05:30,2026-08-18T10:00:00+05:30
exp_c3bb75d4,trp_73f84cd3,usr_f855344d,fees,Laundry,302.91,INR,302.91,INR,2026-09-12,2026-09-14T07:07:00+05:30,cty_0d062a51,,manual,0,active,2026-07-11T10:00:00+05:30,2026-08-18T10:00:00+05:30
exp_ad30702d,trp_0ab1cb2b,usr_ab49979e,accommodation,Auto to the fort,4273.40,INR,4273.40,INR,2026-08-01,2026-06-25T16:02:00+05:30,cty_f29656ff,,manual,0,active,2026-04-14T10:00:00+05:30,2026-08-18T10:00:00+05:30
exp_dd77645b,trp_627dd5f6,usr_ce38459a,transport,Coffee and snacks,60.73,QAR,60.73,QAR,2026-08-01,2026-07-07T07:17:00+05:30,cty_f8b75f8e,,manual,1,active,2026-07-12T10:00:00+05:30,2026-08-18T10:00:00+05:30
exp_69c49c68,trp_e5fcba16,usr_b021d103,accommodation,Auto to the fort,4938.30,INR,4938.30,INR,2026-10-30,2026-10-29T22:35:00+05:30,cty_621f4a84,,manual,0,active,2026-07-12T10:00:00+05:30,2026-08-18T10:00:00+05:30
exp_237732fe,trp_e842e287,usr_4794174d,food,Two nights,689.74,INR,689.74,INR,2026-08-25,2026-08-28T19:33:00+05:30,cty_34bbfdfe,,manual,0,active,2026-06-13T10:00:00+05:30,2026-08-18T10:00:00+05:30
exp_4530582d,trp_d923c276,usr_865c98a2,food,Auto to the fort,63.22,QAR,63.22,INR,2026-09-24,2026-09-27T12:25:00+05:30,cty_6320eea9,,manual,1,active,2026-05-18T10:00:00+05:30,2026-08-18T10:00:00+05:30
exp_994df7de,trp_32a84989,usr_0ae483ef,accommodation,Souvenirs,5274.28,INR,5274.28,INR,2026-08-01,2026-06-19T09:36:00+05:30,cty_c07454f1,rcp_7170e966,ocr,1,active,2026-05-06T10:00:00+05:30,2026-08-18T10:00:00+05:30
exp_e3fcbb18,trp_f9407f9b,usr_98a69060,food,Guide tip,1051.36,INR,1051.36,INR,2026-08-01,2026-05-10T10:30:00+05:30,cty_34bbfdfe,,manual,1,active,2026-06-11T10:00:00+05:30,2026-08-18T10:00:00+05:30
exp_da5a62e0,trp_c183d169,usr_ecb18174,food,Coffee and snacks,22.09,SGD,22.09,INR,2026-08-01,2026-05-25T08:04:00+05:30,cty_905fd8a1,,nl_text,0,active,2026-07-16T10:00:00+05:30,2026-08-18T10:00:00+05:30
exp_417f290f,trp_07ee6d2b,usr_157e58e7,activities,Two nights,859.17,INR,859.17,INR,2026-11-17,2026-12-05T19:51:00+05:30,cty_5698a7ab,,manual,1,active,2026-04-28T10:00:00+05:30,2026-08-18T10:00:00+05:30
exp_6e1ffa28,trp_3e263e75,usr_51275e79,accommodation,Boat ride,7699.97,NPR,7699.97,INR,2026-10-24,2026-10-22T21:05:00+05:30,cty_c0f2d9de,,manual,0,active,2026-05-03T10:00:00+05:30,2026-08-18T10:00:00+05:30
exp_e086da9f,trp_894ef822,usr_fedbd227,transport,Dinner,2323.12,INR,2323.12,INR,2026-08-01,2026-06-17T19:48:00+05:30,cty_7fc82336,,manual,0,active,2026-04-02T10:00:00+05:30,2026-08-18T10:00:00+05:30
exp_baf888fc,trp_d03225c9,usr_e4376908,accommodation,Museum tickets,1751.09,INR,18.70,CHF,2026-11-17,2026-11-25T19:06:00+05:30,cty_f288c6a0,,manual,1,active,2026-07-10T10:00:00+05:30,2026-08-18T10:00:00+05:30
exp_8ec65119,trp_79045015,usr_e6863416,fees,Dinner,98.53,THB,98.53,INR,2026-10-18,2026-10-18T20:12:00+05:30,cty_a5f16904,,manual,1,active,2026-06-01T10:00:00+05:30,2026-08-18T10:00:00+05:30
exp_f6e65642,trp_e31ab00a,usr_0e9166f0,food,Coffee and snacks,865.39,INR,865.39,INR,2026-08-07,2026-08-05T14:53:00+05:30,cty_6320eea9,,manual,0,active,2026-04-01T10:00:00+05:30,2026-08-18T10:00:00+05:30
exp_d25d7ef0,trp_e0e73f4f,usr_62a77a41,activities,Laundry,1775.33,INR,1775.33,INR,2026-08-01,2026-06-11T19:07:00+05:30,cty_7f673457,,manual,0,active,2026-06-12T10:00:00+05:30,2026-08-18T10:00:00+05:30
exp_5d48f87c,trp_8500bc75,usr_d504f21d,accommodation,Guide tip,155.85,QAR,155.85,INR,2026-11-11,2026-11-13T12:47:00+05:30,cty_6320eea9,,manual,0,active,2026-07-09T10:00:00+05:30,2026-08-18T10:00:00+05:30
exp_6cfd3904,trp_41efeeee,usr_66a4a013,accommodation,Airport taxi,8917.09,INR,8917.09,INR,2026-08-01,2026-05-16T22:00:00+05:30,cty_f288c6a0,,manual,0,active,2026-07-07T10:00:00+05:30,2026-08-18T10:00:00+05:30
exp_4174b294,trp_b367a36c,usr_6be041f5,transport,Boat ride,1962.26,INR,6828.53,LKR,2026-08-01,2026-07-02T13:53:00+05:30,cty_cf1c6ac5,,manual,0,active,2026-08-04T10:00:00+05:30,2026-08-18T10:00:00+05:30
exp_1730653b,trp_876b6bd2,usr_8d55da4d,accommodation,Airport taxi,2640.05,INR,113.58,QAR,2026-08-01,2026-05-15T07:13:00+05:30,cty_f29656ff,,manual,1,active,2026-06-19T10:00:00+05:30,2026-08-18T10:00:00+05:30
exp_b241188f,trp_64726e5f,usr_f9060fbb,food,Museum tickets,745.55,INR,745.55,INR,2026-09-24,2026-09-25T10:14:00+05:30,cty_d4f5e3a5,,manual,1,active,2026-04-04T10:00:00+05:30,2026-08-18T10:00:00+05:30
exp_9561e692,trp_1ceb9811,usr_6e6d6fef,food,Guide tip,1163.69,INR,1163.69,INR,2026-10-18,2026-10-17T17:29:00+05:30,cty_cfec17b6,,manual,0,active,2026-05-21T10:00:00+05:30,2026-08-18T10:00:00+05:30
exp_e8f044ab,trp_bcc5d027,usr_18a2e06d,accommodation,Airport taxi,3304.23,INR,3304.23,INR,2026-10-12,2026-10-13T12:15:00+05:30,cty_8b6b1652,,manual,0,active,2026-05-15T10:00:00+05:30,2026-08-18T10:00:00+05:30
exp_39b29454,trp_631ad6a9,usr_196ca537,accommodation,Guide tip,34.50,CHF,34.50,INR,2026-09-06,2026-09-07T18:31:00+05:30,cty_0b7f5985,,import,0,active,2026-05-16T10:00:00+05:30,2026-08-18T10:00:00+05:30
exp_007507d5,trp_ba83403f,usr_9e65154f,food,Souvenirs,495.49,INR,495.49,INR,2026-11-05,2026-11-05T07:38:00+05:30,cty_541018a9,,manual,0,active,2026-07-16T10:00:00+05:30,2026-08-18T10:00:00+05:30
exp_388e932a,trp_f9ef6a50,usr_ddcb196c,food,Two nights,411.70,INR,411.70,INR,2026-08-01,2026-06-11T18:02:00+05:30,cty_718f03c7,,nl_text,0,active,2026-07-04T10:00:00+05:30,2026-08-18T10:00:00+05:30
exp_c36ecec5,trp_cdc63a8d,usr_5b31e64c,transport,Guide tip,1018.96,INR,1018.96,INR,2026-08-13,2026-08-14T14:45:00+05:30,cty_f288c6a0,,nl_text,0,active,2026-05-27T10:00:00+05:30,2026-08-18T10:00:00+05:30
exp_3233c06d,trp_ef522093,usr_b8d03703,accommodation,Museum tickets,2911.68,THB,2911.68,INR,2026-08-19,2026-08-22T10:08:00+05:30,cty_a5f16904,,manual,0,active,2026-04-07T10:00:00+05:30,2026-08-18T10:00:00+05:30
exp_011c3156,trp_9818ae06,usr_36c3dbed,accommodation,Dinner,4995.47,INR,4995.47,INR,2026-11-17,2026-12-04T12:59:00+05:30,cty_621f4a84,,import,0,active,2026-08-10T10:00:00+05:30,2026-08-18T10:00:00+05:30
exp_8bba3954,trp_9e0e3864,usr_bc9d20fa,activities,Laundry,972.62,INR,972.62,INR,2026-08-01,2026-06-30T13:44:00+05:30,cty_a97c33ad,,manual,1,active,2026-05-09T10:00:00+05:30,2026-08-18T10:00:00+05:30
exp_117d0f69,trp_fefb6d73,usr_4b9412c5,transport,Souvenirs,2131.89,INR,2131.89,INR,2026-08-07,2026-08-09T14:01:00+05:30,cty_0d9ab6ff,,manual,0,active,2026-04-09T10:00:00+05:30,2026-08-18T10:00:00+05:30
exp_a822d026,trp_a62adcb1,usr_08b8f8e9,activities,Coffee and snacks,1725.55,INR,329562.29,IDR,2026-08-01,2026-07-05T09:29:00+05:30,,rcp_24ea2be7,ocr,0,active,2026-07-20T10:00:00+05:30,2026-08-18T10:00:00+05:30
exp_80cbb508,trp_9f0e2c12,usr_ee57ec9a,food,Airport taxi,1188.07,INR,1188.07,INR,2026-08-01,2026-05-24T20:54:00+05:30,cty_43d0a650,,manual,0,active,2026-08-13T10:00:00+05:30,2026-08-18T10:00:00+05:30
exp_2de642f3,trp_1b20de3f,usr_6c3fae7b,accommodation,Two nights,134.33,SGD,134.33,INR,2026-11-17,2026-11-20T11:16:00+05:30,cty_905fd8a1,,nl_text,1,active,2026-06-20T10:00:00+05:30,2026-08-18T10:00:00+05:30
exp_387fbcd0,trp_9656ff69,usr_ee5c9717,food,Museum tickets,422.58,INR,422.58,INR,2026-08-01,2026-05-30T12:49:00+05:30,cty_7fc82336,,manual,0,active,2026-05-09T10:00:00+05:30,2026-08-18T10:00:00+05:30
exp_ffda0985,trp_d17c30b0,usr_fedbd227,transport,Laundry,1533.86,INR,1533.86,INR,2026-08-01,2026-05-26T22:34:00+05:30,cty_43d0a650,,nl_text,1,active,2026-05-22T10:00:00+05:30,2026-08-18T10:00:00+05:30
exp_b0add401,trp_d128a566,usr_e1d938d9,transport,Boat ride,2277.63,INR,2277.63,INR,2026-10-24,2026-10-25T20:15:00+05:30,cty_43d0a650,rcp_ae5daf0a,ocr,0,active,2026-06-14T10:00:00+05:30,2026-08-18T10:00:00+05:30
exp_25ad0e50,trp_9f0fac81,usr_672d3dd6,activities,Boat ride,2191.86,NPR,4830.11,LKR,2026-08-01,2026-05-30T19:07:00+05:30,cty_c0f2d9de,,manual,0,active,2026-07-27T10:00:00+05:30,2026-08-18T10:00:00+05:30
exp_38033ed9,trp_2974df6f,usr_c8025f92,food,Guide tip,2226.26,JPY,1949.85,NPR,2026-11-05,2026-11-04T15:48:00+05:30,cty_51a149b7,,manual,1,active,2026-06-30T10:00:00+05:30,2026-08-18T10:00:00+05:30
exp_a21f153c,trp_0d9ed6f6,usr_525b1d3c,food,Auto to the fort,764.00,INR,764.00,INR,2026-08-01,2026-06-06T13:37:00+05:30,cty_718f03c7,,manual,0,active,2026-08-09T10:00:00+05:30,2026-08-18T10:00:00+05:30
exp_795a4280,trp_5764aee3,usr_29dfdea3,accommodation,Dinner,4260.49,INR,4260.49,INR,2026-08-01,2026-05-14T07:00:00+05:30,cty_43d0a650,,manual,0,active,2026-07-02T10:00:00+05:30,2026-08-18T10:00:00+05:30
exp_bedcceea,trp_520dc671,usr_74ed32ff,accommodation,Boat ride,4088.32,INR,4088.32,INR,2026-08-07,2026-08-06T07:44:00+05:30,,,manual,0,active,2026-05-08T10:00:00+05:30,2026-08-18T10:00:00+05:30
exp_773a7a14,trp_a62adcb1,usr_08b8f8e9,accommodation,Two nights,3435.66,INR,656175.70,IDR,2026-08-01,2026-07-06T22:17:00+05:30,,,manual,1,active,2026-05-25T10:00:00+05:30,2026-08-18T10:00:00+05:30
exp_f69cde55,trp_64030cdd,usr_5307f01f,shopping,Coffee and snacks,2243.89,INR,2243.89,INR,2026-08-01,2026-07-14T17:21:00+05:30,cty_c43cfa94,,manual,0,active,2026-06-25T10:00:00+05:30,2026-08-18T10:00:00+05:30
exp_56298ec1,trp_3e0e98ed,usr_cf6d7fc2,shopping,Auto to the fort,1752.04,INR,1752.04,INR,2026-08-01,2026-07-12T09:20:00+05:30,cty_7fc82336,,manual,0,active,2026-05-20T10:00:00+05:30,2026-08-18T10:00:00+05:30
exp_026b50e0,trp_0e4afde6,usr_0b8f3bdc,shopping,Auto to the fort,2330.01,INR,2330.01,INR,2026-09-12,2026-09-12T17:32:00+05:30,cty_ab50efee,rcp_7b322177,ocr,1,active,2026-08-11T10:00:00+05:30,2026-08-18T10:00:00+05:30
exp_8cfbf36f,trp_00dab028,usr_b831f448,food,Dinner,401.08,INR,401.08,INR,2026-09-30,2026-09-28T16:50:00+05:30,cty_c97e6cd5,,manual,0,active,2026-07-03T10:00:00+05:30,2026-08-18T10:00:00+05:30
exp_480353ed,trp_09e8a8fb,usr_c582abb2,shopping,Souvenirs,1574.35,INR,1574.35,INR,2026-10-30,2026-11-02T20:01:00+05:30,cty_aa759717,,import,1,active,2026-07-25T10:00:00+05:30,2026-08-18T10:00:00+05:30
exp_25e1edee,trp_cb526c8f,usr_538f6e20,transport,Coffee and snacks,1354.22,INR,1354.22,INR,2026-11-17,2026-12-05T17:31:00+05:30,cty_c97e6cd5,,manual,0,active,2026-03-31T10:00:00+05:30,2026-08-18T10:00:00+05:30
exp_68741cda,trp_8adc5179,usr_d312cbff,shopping,Dinner,858.74,INR,164010.50,IDR,2026-08-01,2026-06-20T07:04:00+05:30,cty_d4f5e3a5,rcp_2a927510,ocr,0,active,2026-04-06T10:00:00+05:30,2026-08-18T10:00:00+05:30
exp_b52a9c70,trp_c4b22e96,usr_5f1e6e1c,accommodation,Boat ride,11116.74,JPY,11116.74,INR,2026-08-13,2026-08-12T07:54:00+05:30,cty_51a149b7,,manual,1,active,2026-08-11T10:00:00+05:30,2026-08-18T10:00:00+05:30
exp_96cb8456,trp_929cc01b,usr_1dc66e29,accommodation,Museum tickets,1192.61,MVR,1192.61,INR,2026-11-05,2026-11-08T08:58:00+05:30,cty_9aa02925,,manual,0,active,2026-07-08T10:00:00+05:30,2026-08-18T10:00:00+05:30
exp_106c8e04,trp_47080e5b,usr_0e5a0620,accommodation,Coffee and snacks,5453.80,INR,5453.80,INR,2026-10-24,2026-10-23T18:12:00+05:30,cty_5d572c8a,rcp_fb666326,ocr,0,active,2026-07-20T10:00:00+05:30,2026-08-18T10:00:00+05:30
exp_ee040ede,trp_bca7f130,usr_bc9d20fa,transport,Auto to the fort,609.33,INR,609.33,INR,2026-11-05,2026-11-06T14:15:00+05:30,cty_076e8e86,,manual,0,active,2026-04-29T10:00:00+05:30,2026-08-18T10:00:00+05:30
exp_e29d0bf2,trp_fd9a2525,usr_40edb5af,accommodation,Laundry,433.17,AED,433.17,INR,2026-08-13,2026-08-14T20:35:00+05:30,cty_1ced6ede,,nl_text,1,active,2026-06-15T10:00:00+05:30,2026-08-18T10:00:00+05:30
exp_9890e612,trp_cc443308,usr_49c29e32,shopping,Two nights,3206.34,INR,3206.34,INR,2026-08-31,2026-08-31T14:06:00+05:30,cty_34bbfdfe,,nl_text,1,active,2026-05-12T10:00:00+05:30,2026-08-18T10:00:00+05:30
exp_e453d4ee,trp_b355e443,usr_22e61dad,transport,Auto to the fort,1943.59,INR,1943.59,INR,2026-10-24,2026-10-26T21:24:00+05:30,cty_0d9ab6ff,,manual,1,active,2026-07-11T10:00:00+05:30,2026-08-18T10:00:00+05:30
exp_daf46291,trp_4a195a07,usr_ab49979e,accommodation,Coffee and snacks,4486.26,INR,4486.26,INR,2026-10-18,2026-10-19T17:10:00+05:30,cty_34bbfdfe,,manual,0,active,2026-08-15T10:00:00+05:30,2026-08-18T10:00:00+05:30
exp_72993fec,trp_d10b37ba,usr_51247360,accommodation,Two nights,6763.50,INR,6763.50,INR,2026-10-06,2026-10-07T12:28:00+05:30,cty_cfec17b6,,nl_text,0,active,2026-06-07T10:00:00+05:30,2026-08-18T10:00:00+05:30
exp_437afc15,trp_bbf16dcd,usr_b831f448,accommodation,Boat ride,9047.39,INR,9047.39,INR,2026-10-30,2026-10-31T14:53:00+05:30,,,nl_text,1,active,2026-08-01T10:00:00+05:30,2026-08-18T10:00:00+05:30
exp_5ac9ebc0,trp_73b4e062,usr_5f1e6e1c,accommodation,Museum tickets,3162.90,INR,3162.90,INR,2026-08-31,2026-09-02T13:54:00+05:30,cty_cfec17b6,,nl_text,0,active,2026-05-17T10:00:00+05:30,2026-08-18T10:00:00+05:30
exp_de897698,trp_95715c8a,usr_0dc99bd5,transport,Dinner,1264.81,INR,1264.81,INR,2026-08-01,2026-05-24T08:17:00+05:30,cty_f29656ff,,manual,1,active,2026-07-23T10:00:00+05:30,2026-08-18T10:00:00+05:30
exp_fe182f5a,trp_c1603110,usr_4cb26745,accommodation,Laundry,9606.67,INR,152.28,SGD,2026-08-01,2026-05-06T07:18:00+05:30,cty_d401ef6b,,manual,1,active,2026-03-24T10:00:00+05:30,2026-08-18T10:00:00+05:30
exp_09f366ab,trp_b32d3e05,usr_247f37bf,misc,Auto to the fort,1541.66,JPY,1541.66,INR,2026-08-01,2026-07-14T15:34:00+05:30,cty_51a149b7,,manual,1,active,2026-05-09T10:00:00+05:30,2026-08-18T10:00:00+05:30
exp_bacc7d4c,trp_ce030396,usr_2da5bb04,activities,Guide tip,468.40,INR,468.40,INR,2026-09-30,2026-10-01T10:53:00+05:30,cty_0d062a51,,manual,0,active,2026-05-07T10:00:00+05:30,2026-08-18T10:00:00+05:30
exp_99d33f6d,trp_bd69fea3,usr_70139660,accommodation,Dinner,377.98,AED,377.98,INR,2026-09-12,2026-09-10T19:39:00+05:30,cty_7b89639e,,manual,0,active,2026-06-22T10:00:00+05:30,2026-08-18T10:00:00+05:30
exp_f0e6d0c8,trp_43aa1b9f,usr_1cfaf7a0,food,Airport taxi,2144.24,NPR,2144.24,INR,2026-10-06,2026-10-09T15:28:00+05:30,cty_c0f2d9de,,manual,0,active,2026-04-29T10:00:00+05:30,2026-08-18T10:00:00+05:30
exp_9fbb499b,trp_60a62e81,usr_bff7bdb8,food,Dinner,822.46,INR,822.46,INR,2026-08-01,2026-08-01T21:18:00+05:30,cty_7fc82336,rcp_5bb955f4,ocr,1,active,2026-08-14T10:00:00+05:30,2026-08-18T10:00:00+05:30
exp_a8008108,trp_ad48f44b,usr_ea269383,activities,Two nights,1054.11,INR,1054.11,INR,2026-08-13,2026-08-14T22:34:00+05:30,,,import,0,active,2026-04-25T10:00:00+05:30,2026-08-18T10:00:00+05:30
exp_e4330d85,trp_0e4ac002,usr_54e4f5fd,accommodation,Auto to the fort,8526.23,INR,8526.23,INR,2026-11-17,2026-12-07T08:36:00+05:30,cty_bbb31d67,,nl_text,0,active,2026-07-22T10:00:00+05:30,2026-08-18T10:00:00+05:30
exp_498030bc,trp_3e1f142c,usr_2808d36a,transport,Airport taxi,1672.57,INR,1672.57,INR,2026-09-18,2026-09-16T15:20:00+05:30,cty_f29656ff,,manual,1,active,2026-06-19T10:00:00+05:30,2026-08-18T10:00:00+05:30
exp_fb275c31,trp_776da560,usr_6479c45c,shopping,Dinner,2919.96,INR,2919.96,INR,2026-08-19,2026-08-20T21:36:00+05:30,cty_c97e6cd5,,manual,0,active,2026-07-21T10:00:00+05:30,2026-08-18T10:00:00+05:30
exp_bcee68b3,trp_8d9b71fd,usr_81dbf021,food,Guide tip,1769.43,NPR,1769.43,NPR,2026-08-01,2026-06-11T16:43:00+05:30,cty_95d040d8,,manual,0,active,2026-05-26T10:00:00+05:30,2026-08-18T10:00:00+05:30
exp_37f2953b,trp_d1b2a8eb,usr_24e54a31,food,Airport taxi,472.82,THB,472.82,INR,2026-11-17,2026-11-27T07:57:00+05:30,cty_a5f16904,,manual,0,active,2026-06-11T10:00:00+05:30,2026-08-18T10:00:00+05:30
exp_1100abc7,trp_d923c276,usr_865c98a2,food,Coffee and snacks,54.39,QAR,54.39,INR,2026-09-30,2026-09-30T20:16:00+05:30,cty_6320eea9,,manual,0,active,2026-03-28T10:00:00+05:30,2026-08-18T10:00:00+05:30
exp_11dc9839,trp_2ee981f7,usr_0389057b,transport,Coffee and snacks,1071.73,INR,1071.73,INR,2026-08-01,2026-07-27T13:11:00+05:30,cty_a97c33ad,,manual,1,active,2026-06-18T10:00:00+05:30,2026-08-18T10:00:00+05:30
exp_2c810a61,trp_357dbb6b,usr_a6999f45,transport,Museum tickets,254867.66,IDR,254867.66,INR,2026-08-01,2026-05-21T13:13:00+05:30,cty_36afaa5c,,manual,1,active,2026-07-27T10:00:00+05:30,2026-08-18T10:00:00+05:30
exp_c93d930d,trp_f74bdeb1,usr_fae4d064,food,Museum tickets,50.73,MYR,50.73,INR,2026-09-12,2026-09-10T18:38:00+05:30,cty_c9f34ba7,,manual,1,active,2026-05-19T10:00:00+05:30,2026-08-18T10:00:00+05:30
exp_962b8cfa,trp_0eaece39,usr_22a9ab26,accommodation,Coffee and snacks,6722.57,INR,6722.57,INR,2026-08-01,2026-06-19T14:30:00+05:30,cty_a5f16904,,manual,0,active,2026-04-06T10:00:00+05:30,2026-08-18T10:00:00+05:30
exp_c1ecf83a,trp_ca70f1c6,usr_b50df034,accommodation,Airport taxi,6445.11,INR,6445.11,INR,2026-11-17,2026-12-03T19:25:00+05:30,cty_aa759717,,manual,0,active,2026-07-08T10:00:00+05:30,2026-08-18T10:00:00+05:30
exp_3012a14e,trp_f9407f9b,usr_98a69060,food,Laundry,624.99,INR,624.99,INR,2026-08-01,2026-05-11T13:07:00+05:30,cty_34bbfdfe,,nl_text,0,active,2026-05-02T10:00:00+05:30,2026-08-18T10:00:00+05:30
exp_1a76ffcd,trp_86a8180b,usr_a25f0129,activities,Dinner,1360.99,INR,1360.99,INR,2026-11-11,2026-11-09T07:01:00+05:30,cty_9aa02925,,nl_text,0,active,2026-08-13T10:00:00+05:30,2026-08-18T10:00:00+05:30
exp_cab00626,trp_572d4b08,usr_5bbebfef,food,Dinner,770.80,INR,770.80,INR,2026-09-24,2026-09-27T11:58:00+05:30,cty_7f673457,,nl_text,1,active,2026-08-03T10:00:00+05:30,2026-08-18T10:00:00+05:30
exp_b895cfc5,trp_a62adcb1,usr_08b8f8e9,accommodation,Laundry,2674.00,INR,510706.48,IDR,2026-08-01,2026-07-06T15:01:00+05:30,cty_ab50efee,,manual,0,active,2026-04-10T10:00:00+05:30,2026-08-18T10:00:00+05:30
exp_70c34bb6,trp_92aba9c1,usr_dce3bc90,misc,Auto to the fort,889.46,INR,889.46,INR,2026-11-17,2026-12-01T12:59:00+05:30,cty_caf3c1ee,,nl_text,0,active,2026-05-30T10:00:00+05:30,2026-08-18T10:00:00+05:30
exp_69e08648,trp_5d6b6f99,usr_0dc68a1c,accommodation,Coffee and snacks,5474.14,INR,5474.14,INR,2026-08-31,2026-08-30T18:10:00+05:30,cty_caf3c1ee,,manual,0,active,2026-05-19T10:00:00+05:30,2026-08-18T10:00:00+05:30
exp_3df302c2,trp_a0b8b8af,usr_8e89346c,transport,Dinner,2695.94,LKR,2695.94,INR,2026-11-17,2026-11-18T10:54:00+05:30,cty_009c9fd2,,manual,0,active,2026-05-14T10:00:00+05:30,2026-08-18T10:00:00+05:30
exp_0816e6ee,trp_058d5aea,usr_e3e0cd9d,food,Souvenirs,1344.87,INR,1344.87,INR,2026-08-07,2026-08-06T19:29:00+05:30,cty_ab50efee,,manual,0,active,2026-06-07T10:00:00+05:30,2026-08-18T10:00:00+05:30
exp_0cdb4ba1,trp_8b6125c3,usr_2c93ab7f,activities,Museum tickets,1603.42,INR,1603.42,INR,2026-10-12,2026-10-13T11:29:00+05:30,cty_f288c6a0,,nl_text,0,active,2026-07-19T10:00:00+05:30,2026-08-18T10:00:00+05:30
exp_d5b1d057,trp_bd664180,usr_6479c45c,food,Two nights,1095.10,INR,1095.10,INR,2026-10-18,2026-10-16T11:23:00+05:30,,,manual,0,active,2026-07-09T10:00:00+05:30,2026-08-18T10:00:00+05:30
exp_7eb0fa38,trp_6d082956,usr_de458aa5,shopping,Airport taxi,2087.42,BTN,112.13,MYR,2026-08-01,2026-05-23T10:17:00+05:30,cty_79cbc59b,,manual,0,active,2026-06-07T10:00:00+05:30,2026-08-18T10:00:00+05:30
exp_8e1090e9,trp_520dc671,usr_a0f188fa,transport,Dinner,368.70,INR,368.70,INR,2026-08-07,2026-08-05T21:16:00+05:30,,,import,0,active,2026-03-25T10:00:00+05:30,2026-08-18T10:00:00+05:30
exp_2f3a0271,trp_4be0ba46,usr_1501196b,transport,Guide tip,1583.55,INR,1596.23,BTN,2026-09-18,2026-09-21T22:42:00+05:30,cty_cfec17b6,rcp_32f4826f,ocr,0,active,2026-04-04T10:00:00+05:30,2026-08-18T10:00:00+05:30
exp_3fb24008,trp_ce0a9b4e,usr_57890fbe,shopping,Laundry,1194.46,INR,1194.46,INR,2026-11-17,2026-11-25T08:05:00+05:30,cty_c97e6cd5,,import,0,active,2026-06-09T10:00:00+05:30,2026-08-18T10:00:00+05:30
exp_9d5c1fd2,trp_388e9bd8,usr_1ef037a0,transport,Boat ride,512.45,INR,512.45,INR,2026-08-01,2026-06-03T10:36:00+05:30,cty_79cbc59b,rcp_134b5623,ocr,1,active,2026-07-24T10:00:00+05:30,2026-08-18T10:00:00+05:30
exp_3d508b72,trp_e469328d,usr_3c2f4109,fees,Museum tickets,209.89,INR,40086.83,IDR,2026-08-01,2026-07-09T22:32:00+05:30,cty_c07454f1,,manual,0,active,2026-04-20T10:00:00+05:30,2026-08-18T10:00:00+05:30
exp_1e8276ec,trp_c7b6e5c7,usr_bc8d5d3b,accommodation,Souvenirs,1794.29,INR,28.44,SGD,2026-08-01,2026-06-11T21:53:00+05:30,cty_d4f5e3a5,,manual,1,active,2026-08-11T10:00:00+05:30,2026-08-18T10:00:00+05:30
exp_a6247ac8,trp_fd9a2525,usr_40edb5af,shopping,Auto to the fort,688.95,INR,688.95,INR,2026-08-13,2026-08-16T10:48:00+05:30,cty_1ced6ede,,nl_text,0,active,2026-06-07T10:00:00+05:30,2026-08-18T10:00:00+05:30
exp_6668b7de,trp_f83ed4d2,usr_949a215d,accommodation,Boat ride,6306.75,INR,6306.75,INR,2026-11-17,2026-11-28T18:56:00+05:30,cty_b6ccbb3b,,import,0,active,2026-05-20T10:00:00+05:30,2026-08-18T10:00:00+05:30
exp_8c141d49,trp_dbe8a03a,usr_62b3f8b8,transport,Two nights,2250.55,INR,2250.55,INR,2026-11-17,2026-11-24T13:41:00+05:30,cty_34bbfdfe,rcp_c1afbb6f,ocr,0,active,2026-03-26T10:00:00+05:30,2026-08-18T10:00:00+05:30
exp_8b34ba02,trp_4a923b00,usr_ddfd9a4a,accommodation,Laundry,6526.03,INR,6526.03,INR,2026-09-24,2026-09-26T16:04:00+05:30,cty_caf3c1ee,,manual,1,active,2026-05-19T10:00:00+05:30,2026-08-18T10:00:00+05:30
exp_715f57a9,trp_12c07e4d,usr_d89a1dce,activities,Souvenirs,1791.61,INR,1791.61,INR,2026-09-24,2026-09-24T14:58:00+05:30,cty_1ced6ede,,manual,0,active,2026-08-12T10:00:00+05:30,2026-08-18T10:00:00+05:30
exp_a81f753b,trp_f1eefc06,usr_87ae707a,shopping,Laundry,6241.21,JPY,6241.21,INR,2026-11-17,2026-11-20T08:24:00+05:30,cty_51a149b7,,manual,0,active,2026-04-24T10:00:00+05:30,2026-08-18T10:00:00+05:30
exp_ca5e7223,trp_b32d3e05,usr_247f37bf,food,Auto to the fort,710.31,INR,710.31,INR,2026-08-01,2026-07-16T12:43:00+05:30,cty_51a149b7,,manual,0,active,2026-06-25T10:00:00+05:30,2026-08-18T10:00:00+05:30
exp_b588e6d2,trp_3173cbf9,usr_7101a5b5,activities,Laundry,13.12,CHF,13.12,INR,2026-08-01,2026-07-15T19:19:00+05:30,cty_0b7f5985,,nl_text,1,active,2026-06-23T10:00:00+05:30,2026-08-18T10:00:00+05:30
exp_32e7d2f0,trp_ccff079f,usr_78b510fb,food,Guide tip,31.84,AED,31.84,AED,2026-08-01,2026-05-19T15:33:00+05:30,cty_cfec17b6,,manual,0,active,2026-07-07T10:00:00+05:30,2026-08-18T10:00:00+05:30
exp_3cf073ed,trp_603a2836,usr_78afc45f,transport,Boat ride,1537.91,INR,1537.91,INR,2026-08-01,2026-05-29T10:05:00+05:30,cty_7be8559f,,nl_text,1,active,2026-05-16T10:00:00+05:30,2026-08-18T10:00:00+05:30
exp_c220b8ac,trp_093fb740,usr_fc544c58,food,Coffee and snacks,1324.99,INR,1324.99,INR,2026-08-01,2026-07-05T10:59:00+05:30,cty_c07454f1,,import,0,active,2026-06-21T10:00:00+05:30,2026-08-18T10:00:00+05:30
exp_87c15e60,trp_c5887464,usr_cb3be250,accommodation,Two nights,29118.68,LKR,29118.68,INR,2026-10-18,2026-10-20T10:01:00+05:30,cty_a50bc5dd,,manual,0,active,2026-04-30T10:00:00+05:30,2026-08-18T10:00:00+05:30
exp_b162d50c,trp_1765a1ad,usr_737d4dab,transport,Guide tip,1371.93,INR,1371.93,INR,2026-08-25,2026-08-23T16:49:00+05:30,,,manual,0,active,2026-06-25T10:00:00+05:30,2026-08-18T10:00:00+05:30
exp_e6f4f9ea,trp_22a4deac,usr_d59d0fa9,accommodation,Guide tip,7026.27,INR,11095.62,NPR,2026-08-01,2026-06-22T21:56:00+05:30,cty_b43cdd57,rcp_68cdf508,ocr,0,active,2026-08-14T10:00:00+05:30,2026-08-18T10:00:00+05:30
exp_c4f33e98,trp_ab02433c,usr_bc67142c,fees,Auto to the fort,553.39,INR,553.39,INR,2026-11-17,2026-11-19T07:56:00+05:30,cty_7f673457,,manual,0,active,2026-05-01T10:00:00+05:30,2026-08-18T10:00:00+05:30
exp_615b9990,trp_9fcf6ecc,usr_506012f1,transport,Souvenirs,2157.16,INR,2157.16,INR,2026-11-05,2026-11-04T13:51:00+05:30,cty_590d4b7b,,manual,0,active,2026-06-24T10:00:00+05:30,2026-08-18T10:00:00+05:30
exp_deae3d56,trp_8c33db0b,usr_67ff2106,shopping,Souvenirs,9556.53,LKR,9556.53,INR,2026-08-01,2026-06-10T11:20:00+05:30,cty_a50bc5dd,,nl_text,0,active,2026-07-31T10:00:00+05:30,2026-08-18T10:00:00+05:30
exp_6986e4a9,trp_566e3eb3,usr_bc4a9809,accommodation,Guide tip,2880.29,THB,2880.29,INR,2026-09-30,2026-09-29T16:37:00+05:30,cty_a5f16904,,manual,0,active,2026-03-24T10:00:00+05:30,2026-08-18T10:00:00+05:30
exp_bd3e4d51,trp_9f0e2c12,usr_ee57ec9a,accommodation,Laundry,6666.06,INR,6666.06,INR,2026-08-01,2026-05-24T19:10:00+05:30,,,manual,0,active,2026-07-01T10:00:00+05:30,2026-08-18T10:00:00+05:30
exp_b228ba26,trp_10a5cdc9,usr_58d2b52f,food,Coffee and snacks,54.18,MVR,54.18,INR,2026-09-30,2026-09-30T10:44:00+05:30,cty_9aa02925,,nl_text,1,active,2026-07-17T10:00:00+05:30,2026-08-18T10:00:00+05:30
exp_68a97e04,trp_098ba70a,usr_e459a18c,accommodation,Laundry,9281.53,INR,9281.53,INR,2026-11-17,2026-12-12T19:41:00+05:30,cty_34bbfdfe,,manual,1,active,2026-07-02T10:00:00+05:30,2026-08-18T10:00:00+05:30
exp_62412fe3,trp_f45d3ef9,usr_c4dc3602,accommodation,Souvenirs,6708.01,INR,6708.01,INR,2026-08-01,2026-06-25T19:20:00+05:30,cty_d35a9652,,manual,0,active,2026-03-28T10:00:00+05:30,2026-08-18T10:00:00+05:30
exp_c81c674e,trp_c31653d2,usr_ab49979e,transport,Museum tickets,1110.51,INR,1110.51,INR,2026-08-25,2026-08-27T19:16:00+05:30,cty_a97c33ad,rcp_7b322177,ocr,1,active,2026-04-20T10:00:00+05:30,2026-08-18T10:00:00+05:30
exp_f41eb0cf,trp_8e052cdf,usr_74ed32ff,transport,Laundry,423.66,INR,423.66,INR,2026-08-01,2026-05-15T13:42:00+05:30,cty_c43cfa94,rcp_2a927510,ocr,1,active,2026-08-10T10:00:00+05:30,2026-08-18T10:00:00+05:30
exp_352efd5f,trp_bc0dd54e,usr_a352fc16,accommodation,Coffee and snacks,1773.06,INR,77.19,AED,2026-08-01,2026-05-10T19:42:00+05:30,cty_ab50efee,,manual,0,active,2026-05-07T10:00:00+05:30,2026-08-18T10:00:00+05:30
exp_5b7b08c7,trp_44abe323,usr_21700d8e,accommodation,Coffee and snacks,8610.70,INR,8610.70,INR,2026-08-01,2026-05-31T18:46:00+05:30,cty_f29656ff,,nl_text,0,active,2026-03-27T10:00:00+05:30,2026-08-18T10:00:00+05:30
exp_e0c64cc8,trp_f9bdd86b,usr_7ad82b11,transport,Guide tip,550.61,INR,550.61,INR,2026-08-01,2026-06-19T14:03:00+05:30,cty_590d4b7b,,manual,0,active,2026-04-14T10:00:00+05:30,2026-08-18T10:00:00+05:30
exp_32d619d0,trp_5b0721fc,usr_d1c73fb8,shopping,Souvenirs,284.76,MVR,284.76,INR,2026-08-01,2026-08-04T17:08:00+05:30,cty_9aa02925,,manual,0,active,2026-04-06T10:00:00+05:30,2026-08-18T10:00:00+05:30
exp_cea13457,trp_bc0dd54e,usr_a352fc16,misc,Two nights,331.51,INR,14.43,AED,2026-08-01,2026-05-10T12:59:00+05:30,cty_ab50efee,,manual,0,active,2026-05-17T10:00:00+05:30,2026-08-18T10:00:00+05:30
exp_f6ec26da,trp_4950beba,usr_520d9624,shopping,Coffee and snacks,3598.07,INR,3598.07,INR,2026-08-01,2026-07-18T21:05:00+05:30,cty_a97c33ad,,manual,0,active,2026-06-09T10:00:00+05:30,2026-08-18T10:00:00+05:30
exp_d5f4c032,trp_25e25e9c,usr_a370271a,accommodation,Coffee and snacks,2908.24,INR,2908.24,INR,2026-11-17,2026-12-01T07:07:00+05:30,cty_6320eea9,,manual,1,active,2026-05-29T10:00:00+05:30,2026-08-18T10:00:00+05:30
exp_5fd75df4,trp_fd4e6af3,usr_52de2228,accommodation,Guide tip,2145.04,INR,425109.92,IDR,2026-11-17,2026-12-01T18:42:00+05:30,cty_0d9ab6ff,rcp_181b9fad,ocr,1,active,2026-08-03T10:00:00+05:30,2026-08-18T10:00:00+05:30
exp_6700acb6,trp_3faed012,usr_8add6423,accommodation,Museum tickets,9807.48,INR,9807.48,INR,2026-08-13,2026-08-14T20:55:00+05:30,cty_7cb0b529,,manual,1,active,2026-08-10T10:00:00+05:30,2026-08-18T10:00:00+05:30
exp_46ac28af,trp_7f99f942,usr_65b43f7e,accommodation,Laundry,5480.15,INR,5480.15,INR,2026-10-24,2026-10-25T07:53:00+05:30,cty_0d9ab6ff,,manual,0,active,2026-05-09T10:00:00+05:30,2026-08-18T10:00:00+05:30
exp_403ff396,trp_aa8d192e,usr_bedf358a,shopping,Dinner,1147.13,INR,1147.13,INR,2026-08-01,2026-08-02T12:32:00+05:30,,,manual,1,active,2026-06-22T10:00:00+05:30,2026-08-18T10:00:00+05:30
exp_3cc81f78,trp_8580f983,usr_e3b9431c,fees,Auto to the fort,10.12,AED,10.12,INR,2026-08-01,2026-05-16T14:45:00+05:30,cty_1ced6ede,,manual,1,active,2026-07-31T10:00:00+05:30,2026-08-18T10:00:00+05:30
exp_368442ed,trp_b8ab5705,usr_c7dcdd3d,activities,Guide tip,1123.87,INR,1123.87,INR,2026-08-01,2026-05-30T21:22:00+05:30,cty_f8b75f8e,,manual,1,active,2026-05-21T10:00:00+05:30,2026-08-18T10:00:00+05:30
exp_052aeb61,trp_b18bf78b,usr_d245dd5d,activities,Airport taxi,21.87,SGD,21.87,INR,2026-11-17,2026-12-02T09:43:00+05:30,cty_905fd8a1,,manual,0,active,2026-05-14T10:00:00+05:30,2026-08-18T10:00:00+05:30
exp_e2b0b6fa,trp_093fb740,usr_fc544c58,transport,Airport taxi,434.64,INR,434.64,INR,2026-08-01,2026-07-04T16:14:00+05:30,cty_c07454f1,,import,0,active,2026-08-07T10:00:00+05:30,2026-08-18T10:00:00+05:30
exp_2df71a62,trp_e72a3a42,usr_8a133f67,shopping,Laundry,1527.33,INR,1527.33,INR,2026-08-01,2026-05-18T08:10:00+05:30,cty_f288c6a0,,manual,0,active,2026-06-21T10:00:00+05:30,2026-08-18T10:00:00+05:30
exp_18f8350d,trp_6ff162fb,usr_4787696f,shopping,Two nights,11.56,CHF,460.85,THB,2026-08-01,2026-07-14T21:53:00+05:30,cty_0b7f5985,,nl_text,1,active,2026-08-06T10:00:00+05:30,2026-08-18T10:00:00+05:30
exp_a381d2f5,trp_7d8e2e3c,usr_1bd9093b,food,Coffee and snacks,1604.09,INR,1604.09,INR,2026-08-01,2026-07-27T17:15:00+05:30,cty_17b8ef2f,,manual,1,active,2026-05-17T10:00:00+05:30,2026-08-18T10:00:00+05:30
exp_1c630af1,trp_ffce7c33,usr_76ac5087,activities,Guide tip,1839.86,INR,1839.86,INR,2026-11-17,2026-12-02T13:40:00+05:30,cty_f8b75f8e,,nl_text,0,active,2026-05-04T10:00:00+05:30,2026-08-18T10:00:00+05:30
exp_8eee8e8b,trp_8a12a715,usr_b27d9336,shopping,Dinner,1591.28,INR,1591.28,INR,2026-10-24,2026-10-23T20:33:00+05:30,cty_5d572c8a,,manual,1,active,2026-03-26T10:00:00+05:30,2026-08-18T10:00:00+05:30
exp_d80799c2,trp_0050ebc1,usr_824b14a8,shopping,Museum tickets,1971.08,INR,1971.08,INR,2026-09-12,2026-09-12T19:31:00+05:30,cty_541018a9,,manual,0,active,2026-05-12T10:00:00+05:30,2026-08-18T10:00:00+05:30
exp_80e0fc2b,trp_e0e73f4f,usr_62a77a41,transport,Guide tip,750.11,INR,750.11,INR,2026-08-01,2026-06-11T19:18:00+05:30,cty_7f673457,,manual,1,active,2026-07-05T10:00:00+05:30,2026-08-18T10:00:00+05:30
exp_d5100d13,trp_0d9ed6f6,usr_525b1d3c,accommodation,Airport taxi,7681.68,INR,7681.68,INR,2026-08-01,2026-06-11T20:44:00+05:30,cty_718f03c7,,manual,0,active,2026-07-05T10:00:00+05:30,2026-08-18T10:00:00+05:30
exp_bd89bec8,trp_194fb6db,usr_d1a44892,food,Laundry,29.61,MYR,29.61,INR,2026-08-01,2026-05-22T18:17:00+05:30,cty_c9f34ba7,,manual,1,active,2026-08-08T10:00:00+05:30,2026-08-18T10:00:00+05:30
exp_cb81ec39,trp_994bc238,usr_db178dbf,food,Souvenirs,323.77,INR,511.29,NPR,2026-08-01,2026-06-10T07:20:00+05:30,cty_8fc1539e,,manual,0,active,2026-07-31T10:00:00+05:30,2026-08-18T10:00:00+05:30
exp_857a1d0c,trp_bfc1339e,usr_fedbd227,accommodation,Boat ride,3503.25,INR,186.59,MYR,2026-08-25,2026-08-28T08:59:00+05:30,cty_32e8e65c,,manual,1,active,2026-05-30T10:00:00+05:30,2026-08-18T10:00:00+05:30
exp_540f17e1,trp_84855866,usr_0b0894aa,activities,Airport taxi,1863.29,INR,1863.29,INR,2026-08-31,2026-08-30T09:36:00+05:30,,,manual,0,active,2026-06-19T10:00:00+05:30,2026-08-18T10:00:00+05:30
exp_28e61ba7,trp_77576097,usr_9115fc7c,transport,Souvenirs,405.28,INR,1472.73,LKR,2026-11-17,2026-12-04T21:50:00+05:30,cty_17b8ef2f,rcp_dc637249,ocr,0,active,2026-04-07T10:00:00+05:30,2026-08-18T10:00:00+05:30
exp_d5a52a6c,trp_2ee981f7,usr_0389057b,transport,Guide tip,1475.08,INR,1475.08,INR,2026-08-01,2026-07-27T17:32:00+05:30,cty_a97c33ad,,manual,0,active,2026-05-14T10:00:00+05:30,2026-08-18T10:00:00+05:30
exp_418a9f55,trp_43aa1b9f,usr_1cfaf7a0,transport,Museum tickets,1890.36,NPR,1890.36,INR,2026-10-06,2026-10-09T09:42:00+05:30,cty_c0f2d9de,,import,0,active,2026-07-02T10:00:00+05:30,2026-08-18T10:00:00+05:30
exp_efbf7be3,trp_71d9ea27,usr_0a31df91,accommodation,Guide tip,4181.07,INR,4181.07,INR,2026-08-31,2026-09-02T13:04:00+05:30,cty_67ee7f6f,,manual,0,active,2026-06-19T10:00:00+05:30,2026-08-18T10:00:00+05:30
exp_ab17379a,trp_418cd9f5,usr_8659fe93,transport,Coffee and snacks,387.50,MVR,387.50,INR,2026-11-17,2026-11-16T14:29:00+05:30,cty_9aa02925,,manual,1,active,2026-07-16T10:00:00+05:30,2026-08-18T10:00:00+05:30
exp_805a8310,trp_2dbec2dd,usr_e076a69d,transport,Souvenirs,1441.17,INR,1441.17,INR,2026-10-24,2026-10-22T16:01:00+05:30,,,manual,1,active,2026-07-12T10:00:00+05:30,2026-08-18T10:00:00+05:30
exp_8e2e0a9c,trp_db8edb3f,usr_bc4b67f6,accommodation,Auto to the fort,3403.25,INR,55.09,SGD,2026-09-18,2026-09-19T15:24:00+05:30,cty_f29656ff,,manual,0,active,2026-05-13T10:00:00+05:30,2026-08-18T10:00:00+05:30
exp_cb9cfe68,trp_66313d66,usr_1dc8f83e,food,Dinner,652.51,THB,652.51,INR,2026-08-01,2026-05-11T22:41:00+05:30,cty_a5f16904,,nl_text,1,active,2026-04-18T10:00:00+05:30,2026-08-18T10:00:00+05:30
exp_b473ecd3,trp_9eb0f5fe,usr_9694b4a3,accommodation,Auto to the fort,5112.82,INR,5112.82,INR,2026-08-07,2026-08-07T07:47:00+05:30,cty_a5f16904,,manual,1,active,2026-05-30T10:00:00+05:30,2026-08-18T10:00:00+05:30
exp_cf2b3a98,trp_9fcf6ecc,usr_506012f1,transport,Two nights,1964.44,INR,1964.44,INR,2026-10-30,2026-11-01T21:41:00+05:30,cty_590d4b7b,,manual,1,active,2026-06-10T10:00:00+05:30,2026-08-18T10:00:00+05:30
exp_e744ce79,trp_510db93a,usr_3e25dcc6,transport,Dinner,789.14,INR,789.14,INR,2026-08-01,2026-07-24T19:56:00+05:30,cty_95d040d8,,manual,0,active,2026-04-23T10:00:00+05:30,2026-08-18T10:00:00+05:30
exp_8d58f37e,trp_25e25e9c,usr_a370271a,food,Auto to the fort,16.79,QAR,16.79,INR,2026-11-17,2026-11-30T09:12:00+05:30,cty_6320eea9,,manual,1,active,2026-04-01T10:00:00+05:30,2026-08-18T10:00:00+05:30
exp_45663890,trp_7a5e7bd8,usr_e94f06ca,accommodation,Airport taxi,8990.12,INR,8990.12,INR,2026-08-01,2026-07-15T15:37:00+05:30,cty_f8b75f8e,,nl_text,1,active,2026-08-08T10:00:00+05:30,2026-08-18T10:00:00+05:30
exp_e1d64aeb,trp_39a1ce04,usr_488b3ced,activities,Laundry,480.79,INR,480.79,INR,2026-08-01,2026-05-10T17:13:00+05:30,cty_0b92e2e7,,manual,0,active,2026-07-22T10:00:00+05:30,2026-08-18T10:00:00+05:30
exp_6a7d9430,trp_2d23dd64,usr_7e340c2a,activities,Dinner,371.67,INR,371.67,INR,2026-08-01,2026-05-10T11:26:00+05:30,cty_cfec17b6,,manual,1,active,2026-03-27T10:00:00+05:30,2026-08-18T10:00:00+05:30
exp_8c016d4c,trp_9dfd38b4,usr_454b4262,fees,Coffee and snacks,52539.29,IDR,52539.29,INR,2026-10-06,2026-10-07T08:52:00+05:30,cty_36afaa5c,,manual,0,active,2026-06-16T10:00:00+05:30,2026-08-18T10:00:00+05:30
exp_4f05cb14,trp_72f16fa8,usr_6c3fae7b,misc,Guide tip,706.57,INR,706.57,INR,2026-11-17,2026-11-21T11:37:00+05:30,cty_f288c6a0,,nl_text,1,active,2026-06-23T10:00:00+05:30,2026-08-18T10:00:00+05:30
exp_4b1d35d1,trp_8080637f,usr_aacb82b1,food,Auto to the fort,1237.26,INR,53.23,QAR,2026-08-01,2026-05-19T08:20:00+05:30,cty_c97e6cd5,,nl_text,1,active,2026-03-22T10:00:00+05:30,2026-08-18T10:00:00+05:30
exp_57cdec85,trp_ebe52e65,usr_05fc06c6,transport,Dinner,794.81,INR,794.81,INR,2026-08-01,2026-07-25T20:48:00+05:30,cty_621f4a84,,import,1,active,2026-05-13T10:00:00+05:30,2026-08-18T10:00:00+05:30
exp_a0f3efcc,trp_c2f959a5,usr_def3b524,shopping,Boat ride,731.58,THB,731.58,INR,2026-08-01,2026-06-06T11:11:00+05:30,cty_a5f16904,,manual,1,active,2026-04-11T10:00:00+05:30,2026-08-18T10:00:00+05:30
exp_c97281f6,trp_994bc238,usr_db178dbf,activities,Guide tip,1688.87,INR,2667.00,NPR,2026-08-01,2026-06-08T13:04:00+05:30,cty_8fc1539e,,manual,1,active,2026-04-15T10:00:00+05:30,2026-08-18T10:00:00+05:30
exp_68947a6a,trp_13f532df,usr_beed67f9,accommodation,Museum tickets,6148.45,INR,6148.45,INR,2026-09-12,2026-09-10T17:48:00+05:30,cty_8fc1539e,,manual,0,active,2026-05-30T10:00:00+05:30,2026-08-18T10:00:00+05:30
exp_4fc83944,trp_a06a57e3,usr_2162d6ff,misc,Airport taxi,522.67,INR,522.67,INR,2026-08-01,2026-07-21T07:07:00+05:30,cty_590d4b7b,,manual,0,active,2026-06-29T10:00:00+05:30,2026-08-18T10:00:00+05:30
exp_f25cef41,trp_0c4edd73,usr_a6eaecde,activities,Laundry,1947.06,INR,1947.06,INR,2026-11-17,2026-11-30T21:58:00+05:30,cty_541018a9,rcp_9bd1efeb,ocr,1,active,2026-08-16T10:00:00+05:30,2026-08-18T10:00:00+05:30
exp_d6e8f854,trp_0ea3db93,usr_1cec1f14,accommodation,Two nights,8154.53,INR,8154.53,INR,2026-10-30,2026-11-02T18:45:00+05:30,cty_9327d518,rcp_494e8e42,ocr,1,active,2026-07-03T10:00:00+05:30,2026-08-18T10:00:00+05:30
exp_968a2d5a,trp_12c07e4d,usr_be1c9458,accommodation,Two nights,177.11,AED,177.11,INR,2026-09-24,2026-09-25T19:22:00+05:30,cty_1ced6ede,,nl_text,0,active,2026-04-23T10:00:00+05:30,2026-08-18T10:00:00+05:30
exp_26b95cbf,trp_e427f350,usr_51294c66,accommodation,Airport taxi,11751.47,NPR,11751.47,NPR,2026-08-01,2026-07-14T21:31:00+05:30,cty_cf1c6ac5,,import,1,active,2026-04-13T10:00:00+05:30,2026-08-18T10:00:00+05:30
exp_e80f2067,trp_7543950b,usr_e93a9eef,shopping,Dinner,2483.50,INR,8932.59,LKR,2026-10-12,2026-10-14T11:04:00+05:30,cty_ab50efee,,manual,1,active,2026-05-17T10:00:00+05:30,2026-08-18T10:00:00+05:30
exp_7e3dbd8a,trp_3d0f7e84,usr_bac1ae76,food,Guide tip,710.32,INR,710.32,INR,2026-10-24,2026-10-22T21:38:00+05:30,cty_5698a7ab,,manual,0,active,2026-06-02T10:00:00+05:30,2026-08-18T10:00:00+05:30
exp_8ae614e4,trp_854e1930,usr_ba25cb52,transport,Laundry,1684.19,INR,1684.19,INR,2026-08-01,2026-05-07T08:58:00+05:30,cty_cf1c6ac5,rcp_a97b6555,ocr,0,active,2026-05-01T10:00:00+05:30,2026-08-18T10:00:00+05:30
exp_2c341fdf,trp_0c58e20b,usr_dc1bd238,food,Auto to the fort,1428.27,INR,1428.27,INR,2026-08-01,2026-05-30T07:11:00+05:30,cty_c07454f1,,manual,0,active,2026-07-23T10:00:00+05:30,2026-08-18T10:00:00+05:30
exp_55bb1111,trp_aebbbd34,usr_8eb4e3e7,accommodation,Coffee and snacks,1770.63,INR,1770.63,INR,2026-10-30,2026-11-01T16:35:00+05:30,cty_a5f16904,,manual,0,active,2026-06-01T10:00:00+05:30,2026-08-18T10:00:00+05:30
exp_e6fe0edb,trp_bd69fea3,usr_70139660,activities,Airport taxi,25.72,AED,25.72,INR,2026-09-06,2026-09-07T10:58:00+05:30,cty_7b89639e,,manual,0,active,2026-06-14T10:00:00+05:30,2026-08-18T10:00:00+05:30
exp_c054f527,trp_0e4ac002,usr_54e4f5fd,fees,Guide tip,137.31,INR,137.31,INR,2026-11-17,2026-12-05T22:49:00+05:30,cty_bbb31d67,rcp_181b9fad,ocr,0,active,2026-05-23T10:00:00+05:30,2026-08-18T10:00:00+05:30
exp_2457eb8c,trp_2472305e,usr_b3f2baa1,transport,Two nights,367.52,MVR,367.52,MVR,2026-11-17,2026-11-23T10:32:00+05:30,cty_d4f5e3a5,,nl_text,0,active,2026-05-12T10:00:00+05:30,2026-08-18T10:00:00+05:30
exp_181b2c3c,trp_e086bae2,usr_34e42e87,accommodation,Dinner,8988.68,JPY,8988.68,INR,2026-08-01,2026-06-19T18:53:00+05:30,cty_51a149b7,,manual,0,active,2026-03-25T10:00:00+05:30,2026-08-18T10:00:00+05:30
exp_e0d6ec3a,trp_929cc01b,usr_e4980687,transport,Dinner,316.69,MVR,316.69,INR,2026-11-05,2026-11-08T18:50:00+05:30,cty_9aa02925,,manual,0,active,2026-04-11T10:00:00+05:30,2026-08-18T10:00:00+05:30
exp_8b6dcdc7,trp_6d961db4,usr_045378e4,food,Museum tickets,916.21,INR,916.21,INR,2026-08-01,2026-07-21T17:36:00+05:30,cty_7f673457,,manual,0,active,2026-07-12T10:00:00+05:30,2026-08-18T10:00:00+05:30
exp_e51ec199,trp_22d088b8,usr_72818c78,food,Airport taxi,402.38,INR,402.38,INR,2026-08-01,2026-07-15T09:04:00+05:30,cty_c97e6cd5,,nl_text,0,active,2026-03-27T10:00:00+05:30,2026-08-18T10:00:00+05:30
exp_e8d0ffa6,trp_3912eedc,usr_1a6892bf,fees,Coffee and snacks,668.03,INR,668.03,INR,2026-11-17,2026-11-17T10:02:00+05:30,cty_c07454f1,,manual,1,active,2026-04-12T10:00:00+05:30,2026-08-18T10:00:00+05:30
exp_4a556102,trp_d46d667f,usr_8e51dcb0,activities,Boat ride,290.35,MVR,290.35,MVR,2026-10-12,2026-10-10T09:48:00+05:30,cty_cfec17b6,,manual,0,active,2026-07-02T10:00:00+05:30,2026-08-18T10:00:00+05:30
exp_f30b8c8c,trp_8d9b71fd,usr_81dbf021,accommodation,Souvenirs,8862.37,NPR,8862.37,NPR,2026-08-01,2026-06-09T17:01:00+05:30,cty_95d040d8,,manual,0,active,2026-06-20T10:00:00+05:30,2026-08-18T10:00:00+05:30
exp_a80b7cdd,trp_79899032,usr_40c95b13,transport,Coffee and snacks,861.46,INR,861.46,INR,2026-08-01,2026-06-14T12:03:00+05:30,cty_009c9fd2,,manual,1,active,2026-06-21T10:00:00+05:30,2026-08-18T10:00:00+05:30
exp_60b80006,trp_aebbbd34,usr_8eb4e3e7,food,Two nights,672.45,THB,672.45,INR,2026-10-30,2026-10-28T17:37:00+05:30,cty_a5f16904,,manual,1,active,2026-04-17T10:00:00+05:30,2026-08-18T10:00:00+05:30
exp_425ad7ff,trp_e72a3a42,usr_8a133f67,accommodation,Two nights,6454.18,INR,6454.18,INR,2026-08-01,2026-05-16T07:38:00+05:30,cty_f288c6a0,,manual,0,active,2026-04-13T10:00:00+05:30,2026-08-18T10:00:00+05:30
exp_696aa236,trp_5ad6c4c8,usr_c60b1837,transport,Boat ride,21.26,AED,21.26,INR,2026-11-17,2026-12-06T17:24:00+05:30,cty_1ced6ede,,manual,1,active,2026-06-01T10:00:00+05:30,2026-08-18T10:00:00+05:30
exp_9d29edc3,trp_64030cdd,usr_8ddbc4ab,food,Museum tickets,1399.50,INR,1399.50,INR,2026-08-01,2026-07-15T20:03:00+05:30,cty_c43cfa94,,manual,0,active,2026-04-03T10:00:00+05:30,2026-08-18T10:00:00+05:30
exp_61edb98d,trp_72f16fa8,usr_6c3fae7b,transport,Two nights,1653.28,INR,1653.28,INR,2026-11-17,2026-11-26T13:41:00+05:30,cty_f288c6a0,,manual,1,active,2026-04-28T10:00:00+05:30,2026-08-18T10:00:00+05:30
exp_8f9889d8,trp_86a8180b,usr_a25f0129,food,Coffee and snacks,244.61,MVR,244.61,INR,2026-11-11,2026-11-09T14:58:00+05:30,cty_9aa02925,,manual,0,active,2026-07-06T10:00:00+05:30,2026-08-18T10:00:00+05:30
exp_3791b504,trp_2f814928,usr_2b7e8931,transport,Coffee and snacks,412.58,INR,412.58,INR,2026-11-11,2026-11-12T17:07:00+05:30,cty_8b6b1652,,manual,1,active,2026-04-13T10:00:00+05:30,2026-08-18T10:00:00+05:30
exp_7de527bd,trp_ddc1ac3a,usr_969a0636,accommodation,Auto to the fort,7033.06,INR,7033.06,INR,2026-08-01,2026-05-14T14:33:00+05:30,cty_5d572c8a,,manual,1,active,2026-08-13T10:00:00+05:30,2026-08-18T10:00:00+05:30
exp_47f82837,trp_d128a566,usr_e1d938d9,misc,Guide tip,214.52,INR,214.52,INR,2026-10-24,2026-10-27T15:00:00+05:30,cty_43d0a650,,manual,1,active,2026-05-15T10:00:00+05:30,2026-08-18T10:00:00+05:30
exp_4858dec3,trp_2035c85a,usr_60fd8d80,activities,Museum tickets,101.91,MYR,101.91,INR,2026-08-01,2026-06-20T15:48:00+05:30,cty_c9f34ba7,,nl_text,1,active,2026-07-09T10:00:00+05:30,2026-08-18T10:00:00+05:30
exp_d0e8211c,trp_72f16fa8,usr_df77fb8e,transport,Coffee and snacks,1160.13,INR,1160.13,INR,2026-11-17,2026-11-23T14:37:00+05:30,,,manual,0,active,2026-07-14T10:00:00+05:30,2026-08-18T10:00:00+05:30
exp_f0693dd4,trp_5843566d,usr_57995796,accommodation,Museum tickets,6315.51,INR,6315.51,INR,2026-10-24,2026-10-26T20:56:00+05:30,cty_ccb4fb74,,nl_text,1,active,2026-06-02T10:00:00+05:30,2026-08-18T10:00:00+05:30
exp_6ff8b36a,trp_894ef822,usr_fedbd227,food,Coffee and snacks,598.75,INR,598.75,INR,2026-08-01,2026-06-17T17:55:00+05:30,cty_7fc82336,,nl_text,1,active,2026-06-03T10:00:00+05:30,2026-08-18T10:00:00+05:30
exp_11c2a963,trp_ebe52e65,usr_f52d271a,accommodation,Museum tickets,9626.55,INR,9626.55,INR,2026-08-01,2026-07-25T17:18:00+05:30,cty_621f4a84,,manual,0,active,2026-05-09T10:00:00+05:30,2026-08-18T10:00:00+05:30
exp_ea93b304,trp_bc925fdc,usr_22e61dad,accommodation,Souvenirs,2830.10,INR,2830.10,INR,2026-10-12,2026-10-13T19:23:00+05:30,cty_7fc82336,,manual,1,active,2026-04-25T10:00:00+05:30,2026-08-18T10:00:00+05:30
exp_456e1bc5,trp_37763b22,usr_34f98272,accommodation,Guide tip,4939.77,INR,4939.77,INR,2026-10-30,2026-11-01T17:19:00+05:30,cty_cf1c6ac5,,nl_text,0,active,2026-05-02T10:00:00+05:30,2026-08-18T10:00:00+05:30
exp_1972f802,trp_8580f983,usr_e3b9431c,activities,Boat ride,80.50,AED,80.50,INR,2026-08-01,2026-05-18T14:15:00+05:30,cty_1ced6ede,,manual,1,active,2026-05-02T10:00:00+05:30,2026-08-18T10:00:00+05:30
exp_a28ce1b6,trp_dd037e63,usr_b1a4b433,activities,Boat ride,327.73,INR,327.73,INR,2026-08-07,2026-08-10T09:57:00+05:30,cty_9327d518,,manual,1,active,2026-08-05T10:00:00+05:30,2026-08-18T10:00:00+05:30
exp_dda85113,trp_87c1afde,usr_f60ade8b,accommodation,Museum tickets,350.40,AED,350.40,INR,2026-09-12,2026-09-12T13:15:00+05:30,cty_1ced6ede,,nl_text,0,active,2026-04-06T10:00:00+05:30,2026-08-18T10:00:00+05:30
exp_ad3d219d,trp_55e4cc10,usr_de458aa5,shopping,Guide tip,106.85,MYR,106.85,INR,2026-09-30,2026-10-01T15:36:00+05:30,,,manual,0,active,2026-04-17T10:00:00+05:30,2026-08-18T10:00:00+05:30
exp_95947993,trp_12c07e4d,usr_be1c9458,shopping,Auto to the fort,118.94,AED,118.94,INR,2026-09-24,2026-09-24T08:29:00+05:30,cty_1ced6ede,,manual,0,active,2026-07-02T10:00:00+05:30,2026-08-18T10:00:00+05:30
exp_5fc878e8,trp_73adc9df,usr_1dd8f348,transport,Laundry,305726.58,IDR,305726.58,INR,2026-08-01,2026-05-28T12:41:00+05:30,cty_36afaa5c,,manual,0,active,2026-06-24T10:00:00+05:30,2026-08-18T10:00:00+05:30
exp_cfa845e9,trp_c2089a00,usr_1dc66e29,activities,Souvenirs,809.82,INR,809.82,INR,2026-09-30,2026-10-03T22:28:00+05:30,cty_f8b75f8e,,nl_text,1,active,2026-07-10T10:00:00+05:30,2026-08-18T10:00:00+05:30
exp_37c6c920,trp_1b3de2ea,usr_a7185e16,accommodation,Dinner,5313.38,INR,5313.38,INR,2026-08-01,2026-06-24T22:56:00+05:30,cty_076e8e86,,manual,0,active,2026-06-01T10:00:00+05:30,2026-08-18T10:00:00+05:30
exp_97f7f243,trp_6b3bd54e,usr_1501196b,accommodation,Dinner,14895.53,LKR,14895.53,INR,2026-09-06,2026-09-04T16:07:00+05:30,cty_009c9fd2,,manual,0,active,2026-06-17T10:00:00+05:30,2026-08-18T10:00:00+05:30
exp_87d159a9,trp_ca5546b3,usr_bbd1ced8,misc,Museum tickets,55.02,MVR,55.02,INR,2026-08-01,2026-07-14T21:10:00+05:30,cty_9aa02925,,nl_text,1,active,2026-04-17T10:00:00+05:30,2026-08-18T10:00:00+05:30
exp_bbea4462,trp_fefb6d73,usr_4b9412c5,transport,Souvenirs,1644.60,INR,1644.60,INR,2026-08-13,2026-08-13T17:59:00+05:30,cty_0d9ab6ff,,manual,0,active,2026-08-01T10:00:00+05:30,2026-08-18T10:00:00+05:30
exp_160d65bf,trp_74917bfb,usr_d56927f7,food,Airport taxi,1077.38,INR,1077.38,INR,2026-08-01,2026-07-12T18:51:00+05:30,cty_10cbee86,,nl_text,1,active,2026-05-28T10:00:00+05:30,2026-08-18T10:00:00+05:30
exp_69f36629,trp_7c20b912,usr_2b4223b2,transport,Museum tickets,2327.87,INR,2327.87,INR,2026-08-01,2026-07-15T12:10:00+05:30,cty_d401ef6b,,manual,0,active,2026-04-07T10:00:00+05:30,2026-08-18T10:00:00+05:30
exp_d1b73a2c,trp_ed7e580e,usr_07f03d4c,accommodation,Two nights,5096.81,INR,5096.81,INR,2026-08-07,2026-08-10T19:56:00+05:30,,rcp_ba13f2a4,ocr,0,active,2026-05-14T10:00:00+05:30,2026-08-18T10:00:00+05:30
exp_a9287bb0,trp_894ef822,usr_fedbd227,accommodation,Auto to the fort,9756.07,INR,9756.07,INR,2026-08-01,2026-06-17T15:23:00+05:30,cty_7fc82336,,manual,0,active,2026-04-21T10:00:00+05:30,2026-08-18T10:00:00+05:30
exp_2ec9e86a,trp_0c86284d,usr_82545d82,food,Coffee and snacks,15.26,QAR,15.26,INR,2026-08-01,2026-05-29T16:36:00+05:30,cty_6320eea9,,nl_text,1,active,2026-08-09T10:00:00+05:30,2026-08-18T10:00:00+05:30
exp_ac4d8446,trp_3e798eae,usr_c4b23b72,transport,Guide tip,422.40,INR,422.40,INR,2026-08-01,2026-06-06T18:46:00+05:30,cty_009c9fd2,,manual,0,active,2026-05-03T10:00:00+05:30,2026-08-18T10:00:00+05:30
exp_38162969,trp_e19281ce,usr_ea41e115,food,Two nights,255.34,INR,255.34,INR,2026-08-13,2026-08-15T20:54:00+05:30,cty_32e8e65c,,manual,0,active,2026-07-31T10:00:00+05:30,2026-08-18T10:00:00+05:30
exp_998b5168,trp_3a5885a5,usr_5385053d,shopping,Dinner,1110.33,INR,1110.33,INR,2026-10-06,2026-10-06T14:30:00+05:30,cty_9327d518,,manual,0,active,2026-04-05T10:00:00+05:30,2026-08-18T10:00:00+05:30
exp_15896357,trp_0ab1cb2b,usr_ab49979e,accommodation,Laundry,8163.82,INR,8163.82,INR,2026-08-01,2026-06-25T12:25:00+05:30,cty_f29656ff,,nl_text,1,active,2026-06-17T10:00:00+05:30,2026-08-18T10:00:00+05:30
exp_3c19c332,trp_82116fda,usr_07f03d4c,food,Auto to the fort,1519.21,INR,1519.21,INR,2026-09-24,2026-09-22T14:24:00+05:30,cty_f29656ff,,manual,0,active,2026-04-23T10:00:00+05:30,2026-08-18T10:00:00+05:30
exp_2ee9a2cb,trp_e53d9a08,usr_9c28ee85,transport,Dinner,714.35,INR,714.35,INR,2026-11-17,2026-12-07T18:17:00+05:30,cty_d4f5e3a5,,manual,0,active,2026-07-19T10:00:00+05:30,2026-08-18T10:00:00+05:30
exp_f329808b,trp_20b372f1,usr_6e3b5c10,accommodation,Dinner,9288.27,INR,9288.27,INR,2026-08-01,2026-05-21T08:43:00+05:30,cty_cfec17b6,,nl_text,0,active,2026-07-09T10:00:00+05:30,2026-08-18T10:00:00+05:30
exp_16fdb721,trp_e086bae2,usr_34e42e87,accommodation,Souvenirs,3899.86,JPY,3899.86,INR,2026-08-01,2026-06-20T20:44:00+05:30,cty_51a149b7,,manual,0,active,2026-04-17T10:00:00+05:30,2026-08-18T10:00:00+05:30
exp_f77a8021,trp_c7b6e5c7,usr_8b3ba681,accommodation,Airport taxi,62.58,SGD,62.58,SGD,2026-08-01,2026-06-10T13:59:00+05:30,cty_d4f5e3a5,,manual,1,active,2026-03-23T10:00:00+05:30,2026-08-18T10:00:00+05:30
exp_074bb49a,trp_f1eefc06,usr_87ae707a,accommodation,Guide tip,17672.03,JPY,17672.03,INR,2026-11-17,2026-11-22T15:13:00+05:30,cty_51a149b7,,manual,1,active,2026-05-12T10:00:00+05:30,2026-08-18T10:00:00+05:30
exp_024af47e,trp_03ebe095,usr_0389057b,transport,Coffee and snacks,1905.54,INR,1905.54,INR,2026-08-01,2026-07-17T12:44:00+05:30,cty_9327d518,,import,1,active,2026-05-23T10:00:00+05:30,2026-08-18T10:00:00+05:30
exp_83525065,trp_b0a35602,usr_8ed02105,activities,Two nights,1437.93,INR,1437.93,INR,2026-11-17,2026-12-07T12:14:00+05:30,,,manual,0,active,2026-07-28T10:00:00+05:30,2026-08-18T10:00:00+05:30
exp_f839f0f6,trp_f4115fa9,usr_22a9ab26,fees,Two nights,2.59,CHF,2.59,INR,2026-09-24,2026-09-22T12:38:00+05:30,cty_0b7f5985,,manual,0,active,2026-04-02T10:00:00+05:30,2026-08-18T10:00:00+05:30
exp_cbe77d83,trp_c6136493,usr_451855a4,accommodation,Auto to the fort,3769.71,INR,3769.71,INR,2026-09-18,2026-09-18T18:38:00+05:30,cty_cfec17b6,,manual,1,active,2026-07-28T10:00:00+05:30,2026-08-18T10:00:00+05:30
exp_aab71187,trp_2a380c8a,usr_8700ba48,shopping,Auto to the fort,128.84,AED,2934.38,BTN,2026-11-17,2026-11-28T17:44:00+05:30,,,import,0,active,2026-07-19T10:00:00+05:30,2026-08-18T10:00:00+05:30
exp_255a13a5,trp_ecb6fa2a,usr_f50e2299,fees,Boat ride,1472.05,LKR,1472.05,INR,2026-08-01,2026-08-04T13:14:00+05:30,cty_009c9fd2,,import,0,active,2026-05-03T10:00:00+05:30,2026-08-18T10:00:00+05:30
exp_21749a76,trp_ec11de60,usr_29fdaeb0,food,Boat ride,49.03,QAR,49.03,INR,2026-08-13,2026-08-15T07:28:00+05:30,cty_6320eea9,,nl_text,0,active,2026-08-04T10:00:00+05:30,2026-08-18T10:00:00+05:30
exp_a2a40424,trp_07cf1d5b,usr_9115fc7c,activities,Boat ride,1727.13,INR,6042.24,LKR,2026-08-13,2026-08-13T07:21:00+05:30,cty_aa759717,,manual,0,active,2026-08-04T10:00:00+05:30,2026-08-18T10:00:00+05:30
exp_46158723,trp_d10b37ba,usr_51247360,food,Coffee and snacks,1435.69,INR,1435.69,INR,2026-10-06,2026-10-08T18:12:00+05:30,cty_cfec17b6,,manual,0,active,2026-06-01T10:00:00+05:30,2026-08-18T10:00:00+05:30
exp_7e096c2f,trp_9f0fac81,usr_672d3dd6,accommodation,Auto to the fort,7366.88,NPR,16234.08,LKR,2026-08-01,2026-05-30T09:52:00+05:30,cty_c0f2d9de,,manual,0,active,2026-03-24T10:00:00+05:30,2026-08-18T10:00:00+05:30
exp_92cfbe0d,trp_ebe52e65,usr_05fc06c6,shopping,Airport taxi,1174.68,INR,1174.68,INR,2026-08-01,2026-07-23T17:57:00+05:30,cty_621f4a84,rcp_97e10995,ocr,0,active,2026-04-10T10:00:00+05:30,2026-08-18T10:00:00+05:30
exp_a9ce71ff,trp_0c26fee1,usr_8ba42edb,food,Coffee and snacks,1461.78,INR,1461.78,INR,2026-08-01,2026-06-16T09:29:00+05:30,cty_7b89639e,,manual,1,active,2026-07-27T10:00:00+05:30,2026-08-18T10:00:00+05:30
exp_f3b6e4d3,trp_b14214a6,usr_78afc45f,food,Airport taxi,1377.33,INR,1377.33,INR,2026-11-17,2026-11-19T22:33:00+05:30,cty_95e7c8ca,,manual,0,active,2026-05-25T10:00:00+05:30,2026-08-18T10:00:00+05:30
exp_15d6ac07,trp_234af87a,usr_856079e2,fees,Coffee and snacks,593.54,INR,593.54,INR,2026-08-01,2026-07-23T20:39:00+05:30,cty_cf1c6ac5,rcp_fa348ca1,ocr,1,active,2026-08-15T10:00:00+05:30,2026-08-18T10:00:00+05:30
exp_9a792c92,trp_c946e9df,usr_d245dd5d,accommodation,Laundry,3190.73,INR,3190.73,INR,2026-08-01,2026-05-16T10:15:00+05:30,cty_0d9ab6ff,,manual,0,active,2026-07-20T10:00:00+05:30,2026-08-18T10:00:00+05:30
exp_2885cfc6,trp_2472305e,usr_b3f2baa1,accommodation,Guide tip,4163.02,INR,784.86,MVR,2026-11-17,2026-11-26T12:00:00+05:30,cty_d4f5e3a5,,manual,1,active,2026-07-27T10:00:00+05:30,2026-08-18T10:00:00+05:30
exp_367e4729,trp_05fa9ee5,usr_ddcb196c,transport,Coffee and snacks,1485.16,JPY,1485.16,INR,2026-08-31,2026-09-02T15:01:00+05:30,cty_51a149b7,,import,0,active,2026-06-24T10:00:00+05:30,2026-08-18T10:00:00+05:30
exp_2d7b9ae3,trp_5162b851,usr_21fe0c1f,transport,Boat ride,1785.99,INR,1785.99,INR,2026-08-01,2026-06-22T12:49:00+05:30,cty_5d572c8a,,nl_text,1,active,2026-05-19T10:00:00+05:30,2026-08-18T10:00:00+05:30
exp_458d809a,trp_e5d6ad9d,usr_357e579a,transport,Dinner,2333.82,INR,2333.82,INR,2026-08-01,2026-06-27T11:21:00+05:30,cty_10cbee86,rcp_819ce564,ocr,0,active,2026-07-24T10:00:00+05:30,2026-08-18T10:00:00+05:30
exp_d5436398,trp_03ebe095,usr_0389057b,transport,Dinner,1989.74,INR,1989.74,INR,2026-08-01,2026-07-17T22:45:00+05:30,cty_9327d518,rcp_add94b2f,ocr,0,active,2026-06-16T10:00:00+05:30,2026-08-18T10:00:00+05:30
exp_1b4c9da3,trp_13a7ffcc,usr_ae35e63d,food,Museum tickets,845.71,INR,845.71,INR,2026-11-17,2026-11-30T10:24:00+05:30,cty_95e7c8ca,rcp_93e59428,ocr,1,active,2026-04-14T10:00:00+05:30,2026-08-18T10:00:00+05:30
exp_d6f64340,trp_ab774ec9,usr_74e3ecb1,transport,Two nights,1373.82,INR,567.76,THB,2026-08-01,2026-07-18T21:46:00+05:30,cty_67ee7f6f,,manual,0,active,2026-07-12T10:00:00+05:30,2026-08-18T10:00:00+05:30
exp_57b1a238,trp_ffce7c33,usr_76ac5087,food,Two nights,451.57,INR,451.57,INR,2026-11-17,2026-12-01T13:08:00+05:30,cty_f8b75f8e,,manual,0,active,2026-06-29T10:00:00+05:30,2026-08-18T10:00:00+05:30
exp_0d868926,trp_09f90a77,usr_6e6d6fef,fees,Two nights,421.40,INR,421.40,INR,2026-11-11,2026-11-14T13:26:00+05:30,cty_95d040d8,,manual,1,active,2026-08-16T10:00:00+05:30,2026-08-18T10:00:00+05:30
exp_8901fc72,trp_a06a57e3,usr_2162d6ff,food,Coffee and snacks,768.79,INR,768.79,INR,2026-08-01,2026-07-23T19:43:00+05:30,cty_590d4b7b,,nl_text,1,active,2026-05-21T10:00:00+05:30,2026-08-18T10:00:00+05:30
exp_849359c2,trp_bfc1339e,usr_5f1e6e1c,transport,Airport taxi,122.03,MYR,122.03,MYR,2026-08-25,2026-08-26T10:40:00+05:30,cty_32e8e65c,rcp_91fdd3d3,ocr,0,active,2026-07-20T10:00:00+05:30,2026-08-18T10:00:00+05:30
exp_40745ad8,trp_566e3eb3,usr_424fbf1a,accommodation,Museum tickets,3617.39,THB,3617.39,INR,2026-09-24,2026-09-26T14:25:00+05:30,,,manual,0,active,2026-07-06T10:00:00+05:30,2026-08-18T10:00:00+05:30
exp_c1cb4be2,trp_ed8dc5fe,usr_efe9a3aa,activities,Souvenirs,666.81,INR,666.81,INR,2026-09-24,2026-09-27T15:20:00+05:30,,,manual,0,active,2026-07-23T10:00:00+05:30,2026-08-18T10:00:00+05:30
exp_c2b28907,trp_e53d9a08,usr_9c28ee85,food,Coffee and snacks,279.84,INR,279.84,INR,2026-11-17,2026-12-09T08:00:00+05:30,cty_d4f5e3a5,,manual,0,active,2026-04-19T10:00:00+05:30,2026-08-18T10:00:00+05:30
exp_1e2b36f3,trp_fd4e6af3,usr_35d340e3,food,Coffee and snacks,191879.68,IDR,191879.68,IDR,2026-11-17,2026-11-27T14:23:00+05:30,cty_0d9ab6ff,,manual,1,active,2026-06-26T10:00:00+05:30,2026-08-18T10:00:00+05:30
exp_ace4298d,trp_9a841c7e,usr_7f6d27fe,accommodation,Airport taxi,2496.49,INR,39.57,SGD,2026-08-01,2026-05-23T09:46:00+05:30,cty_ab50efee,,nl_text,1,active,2026-08-16T10:00:00+05:30,2026-08-18T10:00:00+05:30
exp_09c81695,trp_ab02433c,usr_356f993d,transport,Auto to the fort,2192.38,INR,2192.38,INR,2026-11-17,2026-11-19T13:15:00+05:30,cty_7f673457,,nl_text,0,active,2026-05-01T10:00:00+05:30,2026-08-18T10:00:00+05:30
exp_cacdf159,trp_418cd9f5,usr_8659fe93,accommodation,Souvenirs,635.05,MVR,635.05,INR,2026-11-17,2026-11-16T08:59:00+05:30,cty_9aa02925,,manual,1,active,2026-07-15T10:00:00+05:30,2026-08-18T10:00:00+05:30
exp_406e74a4,trp_2c538bd5,usr_c659e4bf,transport,Museum tickets,122070.11,IDR,122070.11,IDR,2026-08-01,2026-05-31T15:41:00+05:30,cty_6320eea9,,manual,0,active,2026-05-25T10:00:00+05:30,2026-08-18T10:00:00+05:30
exp_31f822e9,trp_d6b492f9,usr_0389057b,food,Dinner,54.63,AED,54.63,INR,2026-08-01,2026-05-30T07:19:00+05:30,cty_1ced6ede,,manual,0,active,2026-07-09T10:00:00+05:30,2026-08-18T10:00:00+05:30
exp_fb89099b,trp_bbf16dcd,usr_8f81432c,misc,Museum tickets,318.12,INR,318.12,INR,2026-10-30,2026-11-01T13:26:00+05:30,cty_caf3c1ee,rcp_9d7cd86a,ocr,0,active,2026-03-31T10:00:00+05:30,2026-08-18T10:00:00+05:30
exp_649092d0,trp_924dd4a3,usr_2109396c,food,Coffee and snacks,1410.86,INR,23.12,SGD,2026-11-05,2026-11-08T19:47:00+05:30,cty_9327d518,,import,1,active,2026-05-25T10:00:00+05:30,2026-08-18T10:00:00+05:30
exp_cd9a3503,trp_ed8dc5fe,usr_efe9a3aa,food,Boat ride,362.42,INR,362.42,INR,2026-09-24,2026-09-25T11:13:00+05:30,cty_5d572c8a,,nl_text,1,active,2026-04-05T10:00:00+05:30,2026-08-18T10:00:00+05:30
exp_46464380,trp_360afa3a,usr_1886c078,activities,Guide tip,380.47,INR,69.10,MVR,2026-08-01,2026-07-24T15:34:00+05:30,cty_8fc1539e,,manual,0,active,2026-04-22T10:00:00+05:30,2026-08-18T10:00:00+05:30
exp_79b39a47,trp_5c81e163,usr_18260fc4,food,Boat ride,996.08,INR,996.08,INR,2026-10-18,2026-10-18T20:01:00+05:30,cty_caf3c1ee,,manual,0,active,2026-07-19T10:00:00+05:30,2026-08-18T10:00:00+05:30
exp_c6bdd707,trp_24b6d605,usr_f4863900,activities,Auto to the fort,393.35,INR,74.11,MVR,2026-10-18,2026-10-21T21:26:00+05:30,,,manual,0,active,2026-07-20T10:00:00+05:30,2026-08-18T10:00:00+05:30
exp_50fe2db7,trp_22d088b8,usr_72818c78,accommodation,Airport taxi,5581.56,INR,5581.56,INR,2026-08-01,2026-07-16T18:17:00+05:30,cty_c97e6cd5,,manual,1,active,2026-04-29T10:00:00+05:30,2026-08-18T10:00:00+05:30
exp_5da84d13,trp_9bebde0c,usr_fe056e56,shopping,Dinner,2092.83,INR,2092.83,INR,2026-08-01,2026-06-22T09:25:00+05:30,cty_5d572c8a,,manual,1,active,2026-03-25T10:00:00+05:30,2026-08-18T10:00:00+05:30
exp_ca5f1638,trp_ff8e9fec,usr_a386ca28,accommodation,Souvenirs,8116.10,INR,8116.10,INR,2026-11-17,2026-11-26T20:05:00+05:30,cty_32e8e65c,,import,1,active,2026-05-07T10:00:00+05:30,2026-08-18T10:00:00+05:30
exp_13c2d4d8,trp_75b9d7b8,usr_895960e2,transport,Boat ride,697.29,INR,697.29,INR,2026-10-24,2026-10-27T11:57:00+05:30,,,nl_text,1,active,2026-08-08T10:00:00+05:30,2026-08-18T10:00:00+05:30
exp_a20a1a1e,trp_cf3635ee,usr_5dec704e,transport,Two nights,1127.55,INR,1127.55,INR,2026-11-17,2026-12-08T12:35:00+05:30,cty_8fc1539e,,manual,1,active,2026-04-07T10:00:00+05:30,2026-08-18T10:00:00+05:30
exp_ccc09d91,trp_f1eefc06,usr_87ae707a,accommodation,Auto to the fort,13294.55,JPY,13294.55,INR,2026-11-17,2026-11-20T11:39:00+05:30,cty_51a149b7,,manual,1,active,2026-08-03T10:00:00+05:30,2026-08-18T10:00:00+05:30
exp_9fab795a,trp_8f860be9,usr_81cc2de0,food,Guide tip,885.52,INR,885.52,INR,2026-10-24,2026-10-27T07:48:00+05:30,cty_7cb0b529,,manual,0,active,2026-07-04T10:00:00+05:30,2026-08-18T10:00:00+05:30
exp_114d669d,trp_bb5e3651,usr_d56927f7,food,Souvenirs,503.77,BTN,503.77,INR,2026-11-05,2026-11-04T16:46:00+05:30,cty_79cbc59b,,manual,1,active,2026-05-21T10:00:00+05:30,2026-08-18T10:00:00+05:30
exp_58470081,trp_4158f34b,usr_9473419d,accommodation,Boat ride,2125.06,INR,2125.06,INR,2026-10-18,2026-10-21T13:04:00+05:30,cty_32e8e65c,,manual,1,active,2026-07-16T10:00:00+05:30,2026-08-18T10:00:00+05:30
exp_d25cf832,trp_0bf61ffe,usr_596ee95d,misc,Laundry,910.50,BTN,910.50,BTN,2026-09-24,2026-09-25T08:11:00+05:30,cty_6320eea9,rcp_0d3a7d36,ocr,0,active,2026-05-21T10:00:00+05:30,2026-08-18T10:00:00+05:30
exp_311ef25e,trp_34f84795,usr_53cbafa7,shopping,Museum tickets,683.43,INR,36.90,MYR,2026-09-18,2026-09-20T18:34:00+05:30,cty_3503e391,,nl_text,0,active,2026-07-03T10:00:00+05:30,2026-08-18T10:00:00+05:30
exp_af82a613,trp_1765a1ad,usr_8cace6bd,transport,Guide tip,1115.19,NPR,1115.19,INR,2026-08-19,2026-08-20T22:11:00+05:30,cty_c0f2d9de,,manual,1,active,2026-03-30T10:00:00+05:30,2026-08-18T10:00:00+05:30
exp_7008f218,trp_f4115fa9,usr_23811da7,shopping,Boat ride,3537.92,INR,3537.92,INR,2026-09-18,2026-09-20T14:22:00+05:30,cty_0b7f5985,,nl_text,0,active,2026-06-20T10:00:00+05:30,2026-08-18T10:00:00+05:30
exp_419c3d05,trp_55e4cc10,usr_d1506bce,transport,Auto to the fort,84.46,MYR,84.46,INR,2026-09-30,2026-09-30T13:20:00+05:30,cty_c9f34ba7,,manual,0,active,2026-06-07T10:00:00+05:30,2026-08-18T10:00:00+05:30
exp_540231b7,trp_9eb0f5fe,usr_d20b2a69,food,Museum tickets,642.34,THB,642.34,INR,2026-08-07,2026-08-08T13:10:00+05:30,cty_a5f16904,,manual,1,active,2026-07-21T10:00:00+05:30,2026-08-18T10:00:00+05:30
exp_dd45f894,trp_6ff162fb,usr_4787696f,transport,Museum tickets,6.10,CHF,243.18,THB,2026-08-01,2026-07-14T09:11:00+05:30,cty_0b7f5985,,nl_text,0,active,2026-06-12T10:00:00+05:30,2026-08-18T10:00:00+05:30
exp_3a269844,trp_377a871a,usr_a370271a,transport,Guide tip,853.88,INR,853.88,INR,2026-08-01,2026-06-10T13:49:00+05:30,cty_c0f2d9de,rcp_93e59428,ocr,1,active,2026-07-19T10:00:00+05:30,2026-08-18T10:00:00+05:30
exp_7528272a,trp_ae6b4527,usr_13d8f6bd,activities,Museum tickets,1855.49,INR,1855.49,INR,2026-08-01,2026-06-08T16:41:00+05:30,cty_d35a9652,,manual,0,active,2026-06-04T10:00:00+05:30,2026-08-18T10:00:00+05:30
exp_3561fb83,trp_5843566d,usr_57995796,accommodation,Souvenirs,4047.35,INR,4047.35,INR,2026-10-24,2026-10-27T11:51:00+05:30,cty_ccb4fb74,,import,0,active,2026-04-15T10:00:00+05:30,2026-08-18T10:00:00+05:30
exp_f019de75,trp_47080e5b,usr_95d28a5d,food,Dinner,1425.21,INR,1425.21,INR,2026-10-24,2026-10-22T14:25:00+05:30,cty_5d572c8a,,import,0,active,2026-06-14T10:00:00+05:30,2026-08-18T10:00:00+05:30
exp_7d5055a0,trp_77b09e9a,usr_c010ce3c,food,Souvenirs,820.22,INR,8.71,CHF,2026-10-06,2026-10-09T10:47:00+05:30,cty_0d062a51,,manual,0,active,2026-07-06T10:00:00+05:30,2026-08-18T10:00:00+05:30
exp_31b1672b,trp_25a53353,usr_24e54a31,accommodation,Guide tip,2810.56,THB,2810.56,INR,2026-08-01,2026-07-17T09:39:00+05:30,cty_a5f16904,,manual,1,active,2026-06-25T10:00:00+05:30,2026-08-18T10:00:00+05:30
exp_323a32df,trp_4e648420,usr_dc1bd238,accommodation,Coffee and snacks,7650.38,INR,7650.38,INR,2026-08-13,2026-08-15T19:23:00+05:30,cty_b43cdd57,,manual,0,active,2026-07-24T10:00:00+05:30,2026-08-18T10:00:00+05:30
exp_893b0072,trp_dbfef2b5,usr_5527167d,transport,Two nights,1442.29,INR,1442.29,INR,2026-08-01,2026-06-11T17:11:00+05:30,cty_f8b75f8e,,manual,0,active,2026-05-24T10:00:00+05:30,2026-08-18T10:00:00+05:30
exp_507756dc,trp_2578a1a2,usr_157e58e7,accommodation,Two nights,6732.11,INR,293.08,AED,2026-08-01,2026-06-02T13:40:00+05:30,cty_ccb4fb74,,nl_text,0,active,2026-05-13T10:00:00+05:30,2026-08-18T10:00:00+05:30
exp_682b7b99,trp_aa024588,usr_74e3ecb1,accommodation,Souvenirs,8769.91,INR,3624.34,THB,2026-08-01,2026-05-22T14:31:00+05:30,cty_caf3c1ee,,nl_text,0,active,2026-06-12T10:00:00+05:30,2026-08-18T10:00:00+05:30
exp_846577a1,trp_f861423a,usr_85c09ee4,food,Two nights,828.35,INR,828.35,INR,2026-08-01,2026-06-15T09:06:00+05:30,cty_7f673457,,nl_text,0,active,2026-04-19T10:00:00+05:30,2026-08-18T10:00:00+05:30
exp_bcd569f4,trp_1f82c042,usr_fc3617c0,accommodation,Airport taxi,2177.89,THB,2177.89,THB,2026-08-01,2026-06-25T17:39:00+05:30,cty_17b8ef2f,rcp_6880981f,ocr,1,active,2026-05-21T10:00:00+05:30,2026-08-18T10:00:00+05:30
exp_8a0830a6,trp_fefb6d73,usr_4b9412c5,activities,Laundry,1644.55,INR,1644.55,INR,2026-08-07,2026-08-07T08:13:00+05:30,cty_0d9ab6ff,,nl_text,0,active,2026-06-23T10:00:00+05:30,2026-08-18T10:00:00+05:30
exp_535e5b10,trp_f996a70f,usr_2a348485,accommodation,Guide tip,2998.72,INR,2998.72,INR,2026-11-17,2026-12-11T09:10:00+05:30,cty_f29656ff,,manual,0,active,2026-07-30T10:00:00+05:30,2026-08-18T10:00:00+05:30
exp_d045f0d7,trp_bfc1339e,usr_65b43f7e,misc,Laundry,348.53,INR,18.61,MYR,2026-08-31,2026-08-29T15:36:00+05:30,cty_32e8e65c,rcp_d9b812e4,ocr,0,active,2026-08-03T10:00:00+05:30,2026-08-18T10:00:00+05:30
exp_ab3f89ca,trp_cb6840c6,usr_e2966606,transport,Airport taxi,2192.19,INR,2192.19,INR,2026-08-01,2026-06-12T12:51:00+05:30,,,manual,0,active,2026-04-14T10:00:00+05:30,2026-08-18T10:00:00+05:30
exp_9cd9a456,trp_10a5cdc9,usr_58d2b52f,transport,Two nights,271.04,MVR,271.04,INR,2026-10-06,2026-10-04T17:50:00+05:30,cty_9aa02925,,nl_text,1,active,2026-07-21T10:00:00+05:30,2026-08-18T10:00:00+05:30
exp_5d868e67,trp_ad48f44b,usr_dc032205,transport,Coffee and snacks,1566.63,INR,1566.63,INR,2026-08-13,2026-08-14T22:48:00+05:30,cty_b6ccbb3b,,manual,0,active,2026-06-14T10:00:00+05:30,2026-08-18T10:00:00+05:30
exp_477c3c3b,trp_53200b9d,usr_a685483e,misc,Two nights,920.36,INR,380.36,THB,2026-08-01,2026-06-20T20:41:00+05:30,cty_aa759717,,import,0,active,2026-07-14T10:00:00+05:30,2026-08-18T10:00:00+05:30
exp_b7a6761e,trp_a22b16f6,usr_6feac3d4,activities,Souvenirs,1030.70,INR,1030.70,INR,2026-11-17,2026-11-20T21:03:00+05:30,cty_aa759717,,manual,0,active,2026-04-14T10:00:00+05:30,2026-08-18T10:00:00+05:30
exp_bcc5abf7,trp_e5d6ad9d,usr_357e579a,shopping,Boat ride,1007.84,INR,1007.84,INR,2026-08-01,2026-06-26T22:40:00+05:30,cty_10cbee86,,import,0,active,2026-04-02T10:00:00+05:30,2026-08-18T10:00:00+05:30
exp_18ca1808,trp_8c33db0b,usr_67ff2106,food,Dinner,4789.28,LKR,4789.28,INR,2026-08-01,2026-06-14T15:49:00+05:30,cty_a50bc5dd,,nl_text,1,active,2026-05-10T10:00:00+05:30,2026-08-18T10:00:00+05:30
exp_3c7b906b,trp_adec5721,usr_61710d50,shopping,Dinner,3170.39,INR,50.72,SGD,2026-08-19,2026-08-20T11:43:00+05:30,,,manual,0,active,2026-03-28T10:00:00+05:30,2026-08-18T10:00:00+05:30
exp_d5fe88d1,trp_5ac61fd8,usr_a93726c0,food,Museum tickets,1038.81,INR,1038.81,INR,2026-08-01,2026-06-24T11:19:00+05:30,cty_718f03c7,,manual,0,active,2026-05-16T10:00:00+05:30,2026-08-18T10:00:00+05:30
exp_59ebfbe0,trp_cf3635ee,usr_5dec704e,accommodation,Laundry,2281.16,INR,2281.16,INR,2026-11-17,2026-12-05T22:29:00+05:30,cty_8fc1539e,,manual,0,active,2026-03-24T10:00:00+05:30,2026-08-18T10:00:00+05:30
exp_deac42c5,trp_08207645,usr_a9e888d0,accommodation,Two nights,3834.44,BTN,3834.44,BTN,2026-11-17,2026-11-30T21:32:00+05:30,cty_32e8e65c,rcp_1dac8363,ocr,0,active,2026-08-05T10:00:00+05:30,2026-08-18T10:00:00+05:30
exp_7c8b5da3,trp_5f84d260,usr_5307f01f,shopping,Dinner,2223.63,INR,2223.63,INR,2026-10-18,2026-10-19T19:13:00+05:30,cty_ccb4fb74,,manual,1,active,2026-03-28T10:00:00+05:30,2026-08-18T10:00:00+05:30
exp_4c571f50,trp_cc0bc071,usr_c582abb2,accommodation,Souvenirs,1593.44,INR,1593.44,INR,2026-08-01,2026-05-10T19:24:00+05:30,cty_32e8e65c,,manual,1,active,2026-04-20T10:00:00+05:30,2026-08-18T10:00:00+05:30
exp_05ad1b55,trp_4171ee4e,usr_7af1e427,accommodation,Auto to the fort,5719.16,INR,5719.16,INR,2026-08-01,2026-05-24T21:00:00+05:30,cty_0d062a51,,nl_text,1,active,2026-06-30T10:00:00+05:30,2026-08-18T10:00:00+05:30
exp_33e637ca,trp_84855866,usr_52257a0a,transport,Guide tip,1824.80,INR,1824.80,INR,2026-08-25,2026-08-28T07:54:00+05:30,cty_17b8ef2f,,manual,1,active,2026-07-02T10:00:00+05:30,2026-08-18T10:00:00+05:30
exp_dde6e81e,trp_d9f8d682,usr_3b70ae01,accommodation,Auto to the fort,8259.02,INR,8259.02,INR,2026-08-01,2026-07-02T19:30:00+05:30,cty_cf1c6ac5,,nl_text,0,active,2026-04-12T10:00:00+05:30,2026-08-18T10:00:00+05:30
exp_77e5ac63,trp_87c1afde,usr_fae4d064,transport,Dinner,1137.85,INR,1137.85,INR,2026-09-12,2026-09-13T08:04:00+05:30,cty_1ced6ede,,manual,0,active,2026-05-09T10:00:00+05:30,2026-08-18T10:00:00+05:30
exp_23d1f7ab,trp_e900e96a,usr_e6dcafe4,misc,Museum tickets,1661.57,NPR,1661.57,INR,2026-08-01,2026-06-09T22:53:00+05:30,cty_95d040d8,,manual,1,active,2026-06-18T10:00:00+05:30,2026-08-18T10:00:00+05:30
exp_15c07923,trp_3b4b53a6,usr_8846d546,transport,Coffee and snacks,825.48,INR,825.48,INR,2026-09-06,2026-09-04T17:44:00+05:30,cty_718f03c7,,manual,0,active,2026-06-19T10:00:00+05:30,2026-08-18T10:00:00+05:30
exp_5ac023f6,trp_55127690,usr_2de68d4f,activities,Boat ride,1374.54,INR,1374.54,INR,2026-09-18,2026-09-18T07:15:00+05:30,cty_0d9ab6ff,,manual,1,active,2026-08-07T10:00:00+05:30,2026-08-18T10:00:00+05:30
exp_df4936a0,trp_3eae7fcb,usr_ca6dc019,accommodation,Auto to the fort,22203.98,LKR,22203.98,INR,2026-08-01,2026-06-15T18:50:00+05:30,cty_a50bc5dd,,manual,0,active,2026-07-15T10:00:00+05:30,2026-08-18T10:00:00+05:30
exp_f2151f10,trp_15632e85,usr_bc67142c,transport,Airport taxi,233.99,MVR,233.99,INR,2026-09-18,2026-09-16T21:57:00+05:30,cty_9aa02925,,manual,0,active,2026-08-13T10:00:00+05:30,2026-08-18T10:00:00+05:30
exp_f4c5f413,trp_ab774ec9,usr_77e91c3a,activities,Two nights,1528.33,INR,631.61,THB,2026-08-01,2026-07-13T15:19:00+05:30,cty_67ee7f6f,,manual,1,active,2026-04-03T10:00:00+05:30,2026-08-18T10:00:00+05:30
exp_01c42753,trp_a9d6d238,usr_d8ec0000,fees,Guide tip,719.17,NPR,719.17,INR,2026-08-01,2026-07-26T16:25:00+05:30,cty_95d040d8,,manual,0,active,2026-07-08T10:00:00+05:30,2026-08-18T10:00:00+05:30
exp_e5bda43f,trp_3173cbf9,usr_7101a5b5,food,Museum tickets,686.44,INR,686.44,INR,2026-08-01,2026-07-17T11:12:00+05:30,cty_0b7f5985,,manual,0,active,2026-08-07T10:00:00+05:30,2026-08-18T10:00:00+05:30
exp_00aa3a6a,trp_894ef822,usr_fedbd227,shopping,Museum tickets,2537.57,INR,2537.57,INR,2026-08-01,2026-06-19T21:14:00+05:30,cty_7fc82336,,manual,1,active,2026-04-24T10:00:00+05:30,2026-08-18T10:00:00+05:30
exp_06004c26,trp_2f814928,usr_2b7e8931,accommodation,Museum tickets,3946.62,INR,3946.62,INR,2026-11-11,2026-11-10T07:54:00+05:30,cty_8b6b1652,,manual,1,active,2026-07-10T10:00:00+05:30,2026-08-18T10:00:00+05:30
exp_d7af2343,trp_bab07b17,usr_b6d5d98c,food,Two nights,66.36,QAR,66.36,INR,2026-08-01,2026-06-24T07:48:00+05:30,cty_6320eea9,,manual,1,active,2026-07-20T10:00:00+05:30,2026-08-18T10:00:00+05:30
exp_ce562f67,trp_e086bae2,usr_34e42e87,shopping,Boat ride,2464.40,JPY,2464.40,INR,2026-08-01,2026-06-20T17:48:00+05:30,cty_51a149b7,,nl_text,0,active,2026-08-05T10:00:00+05:30,2026-08-18T10:00:00+05:30
exp_599d44b7,trp_bc925fdc,usr_22e61dad,accommodation,Laundry,2264.82,INR,2264.82,INR,2026-10-18,2026-10-16T18:02:00+05:30,cty_7fc82336,,nl_text,0,active,2026-08-02T10:00:00+05:30,2026-08-18T10:00:00+05:30
exp_a2227970,trp_aa766de3,usr_4e0c977f,accommodation,Laundry,111.91,QAR,496811.91,IDR,2026-08-01,2026-05-13T22:17:00+05:30,cty_6320eea9,,nl_text,0,active,2026-05-25T10:00:00+05:30,2026-08-18T10:00:00+05:30
exp_3991e735,trp_f6031e74,usr_b8779399,activities,Boat ride,427.52,INR,18.61,AED,2026-08-01,2026-07-25T16:40:00+05:30,cty_a97c33ad,,nl_text,0,active,2026-08-04T10:00:00+05:30,2026-08-18T10:00:00+05:30
exp_fcf4141e,trp_34f84795,usr_7faf6134,fees,Coffee and snacks,726.27,INR,39.24,MYR,2026-09-24,2026-09-24T17:11:00+05:30,cty_3503e391,,manual,0,active,2026-03-22T10:00:00+05:30,2026-08-18T10:00:00+05:30
exp_f0bf0d9b,trp_0c86284d,usr_0eb7982c,activities,Coffee and snacks,411.89,INR,411.89,INR,2026-08-01,2026-06-02T09:41:00+05:30,cty_6320eea9,,nl_text,0,active,2026-07-29T10:00:00+05:30,2026-08-18T10:00:00+05:30
exp_ffb3b571,trp_6a550f89,usr_7576a6e0,misc,Two nights,322.89,INR,322.89,INR,2026-09-12,2026-09-14T20:27:00+05:30,cty_0d9ab6ff,,manual,1,active,2026-08-15T10:00:00+05:30,2026-08-18T10:00:00+05:30
exp_cf3aab52,trp_5a3f0c25,usr_12f95c97,activities,Two nights,592.60,INR,592.60,INR,2026-09-18,2026-09-17T14:59:00+05:30,cty_10cbee86,rcp_7e477c0b,ocr,0,active,2026-07-09T10:00:00+05:30,2026-08-18T10:00:00+05:30
exp_59de412f,trp_909e59bc,usr_17b45921,food,Coffee and snacks,958.45,LKR,2.82,CHF,2026-11-17,2026-11-29T21:37:00+05:30,cty_a50bc5dd,,manual,0,active,2026-04-15T10:00:00+05:30,2026-08-18T10:00:00+05:30
exp_26836d3d,trp_edc2177c,usr_c94b68cc,accommodation,Boat ride,5252.46,INR,5252.46,INR,2026-08-01,2026-06-23T16:48:00+05:30,cty_0d062a51,,manual,1,active,2026-06-15T10:00:00+05:30,2026-08-18T10:00:00+05:30
exp_95d5f9c2,trp_cdcc78b4,usr_7157baa6,accommodation,Souvenirs,7199.74,INR,7199.74,INR,2026-08-01,2026-05-22T08:07:00+05:30,cty_0b92e2e7,,manual,0,active,2026-03-24T10:00:00+05:30,2026-08-18T10:00:00+05:30
exp_c0322a4d,trp_79423633,usr_72818c78,accommodation,Two nights,2391.18,INR,2391.18,INR,2026-08-13,2026-08-16T17:39:00+05:30,cty_5698a7ab,,nl_text,0,active,2026-05-31T10:00:00+05:30,2026-08-18T10:00:00+05:30
exp_6d3a0d7c,trp_7c20b912,usr_2b4223b2,accommodation,Coffee and snacks,9123.00,INR,9123.00,INR,2026-08-01,2026-07-13T17:49:00+05:30,cty_d401ef6b,,manual,0,active,2026-07-30T10:00:00+05:30,2026-08-18T10:00:00+05:30
exp_44521642,trp_27e50a35,usr_0dc99bd5,activities,Auto to the fort,1330.08,INR,1330.08,INR,2026-11-17,2026-11-17T13:31:00+05:30,cty_b43cdd57,,import,0,active,2026-04-22T10:00:00+05:30,2026-08-18T10:00:00+05:30
exp_a7c2f3b1,trp_df4fb834,usr_ddfd9a4a,transport,Dinner,1960.86,INR,1960.86,INR,2026-11-17,2026-11-29T11:24:00+05:30,cty_7fc82336,,manual,1,active,2026-04-29T10:00:00+05:30,2026-08-18T10:00:00+05:30
exp_4d5aaf32,trp_4b2dcdb7,usr_35d340e3,misc,Souvenirs,567.95,INR,567.95,INR,2026-08-01,2026-07-08T19:09:00+05:30,cty_c43cfa94,rcp_3cac71c4,ocr,0,active,2026-07-09T10:00:00+05:30,2026-08-18T10:00:00+05:30
exp_e498f2c3,trp_37763b22,usr_34f98272,misc,Boat ride,313.28,INR,313.28,INR,2026-10-30,2026-10-30T18:28:00+05:30,cty_cf1c6ac5,,nl_text,1,active,2026-04-13T10:00:00+05:30,2026-08-18T10:00:00+05:30
exp_f6200e08,trp_76677b52,usr_55b114d5,accommodation,Two nights,4637.36,INR,4637.36,INR,2026-08-01,2026-07-19T18:27:00+05:30,cty_cfec17b6,,nl_text,1,active,2026-08-12T10:00:00+05:30,2026-08-18T10:00:00+05:30
exp_062e717a,trp_19a962e4,usr_76ac5087,food,Laundry,1205.29,INR,1205.29,INR,2026-08-01,2026-06-28T19:57:00+05:30,cty_aa759717,,manual,1,active,2026-06-13T10:00:00+05:30,2026-08-18T10:00:00+05:30
exp_43573932,trp_6fb32210,usr_e076a69d,food,Dinner,1247.50,INR,1247.50,INR,2026-11-17,2026-12-01T21:26:00+05:30,cty_bbb31d67,,manual,0,active,2026-04-11T10:00:00+05:30,2026-08-18T10:00:00+05:30
exp_56efedb2,trp_358447d8,usr_701b0010,activities,Boat ride,1598.67,INR,1598.67,INR,2026-10-12,2026-10-15T13:21:00+05:30,cty_d4f5e3a5,,nl_text,0,active,2026-08-09T10:00:00+05:30,2026-08-18T10:00:00+05:30
exp_41a7925d,trp_0c4edd73,usr_a6eaecde,food,Souvenirs,801.97,INR,801.97,INR,2026-11-17,2026-11-29T11:38:00+05:30,cty_541018a9,,manual,0,active,2026-08-12T10:00:00+05:30,2026-08-18T10:00:00+05:30
exp_05c18e83,trp_0512bf41,usr_c0926c78,food,Laundry,1091.65,INR,1091.65,INR,2026-08-31,2026-09-02T15:09:00+05:30,cty_cf1c6ac5,,manual,0,active,2026-08-03T10:00:00+05:30,2026-08-18T10:00:00+05:30
exp_9fb056a4,trp_d22f372f,usr_63d19d4c,accommodation,Two nights,8310.23,INR,8310.23,INR,2026-09-18,2026-09-20T14:57:00+05:30,cty_9327d518,,manual,0,active,2026-08-16T10:00:00+05:30,2026-08-18T10:00:00+05:30
exp_7c7217c8,trp_0bf61ffe,usr_596ee95d,food,Auto to the fort,62.39,QAR,1428.77,BTN,2026-09-24,2026-09-27T13:40:00+05:30,cty_6320eea9,,manual,1,active,2026-05-08T10:00:00+05:30,2026-08-18T10:00:00+05:30
exp_bb565937,trp_0c4edd73,usr_a6eaecde,food,Coffee and snacks,647.70,INR,647.70,INR,2026-11-17,2026-12-02T14:30:00+05:30,cty_541018a9,,import,0,active,2026-08-04T10:00:00+05:30,2026-08-18T10:00:00+05:30
exp_93b2d587,trp_db8edb3f,usr_d20b2a69,food,Dinner,18.78,SGD,18.78,SGD,2026-09-18,2026-09-19T10:35:00+05:30,cty_f29656ff,,manual,0,active,2026-06-16T10:00:00+05:30,2026-08-18T10:00:00+05:30
exp_bbd8c75e,trp_3173cbf9,usr_7101a5b5,food,Laundry,12.89,CHF,12.89,INR,2026-08-01,2026-07-16T07:37:00+05:30,,,manual,1,active,2026-07-11T10:00:00+05:30,2026-08-18T10:00:00+05:30
exp_26edd615,trp_510db93a,usr_3e25dcc6,shopping,Laundry,1873.75,NPR,1873.75,INR,2026-08-01,2026-07-23T07:03:00+05:30,cty_95d040d8,,manual,1,active,2026-06-25T10:00:00+05:30,2026-08-18T10:00:00+05:30
exp_498bc614,trp_3addadca,usr_ce09de03,misc,Coffee and snacks,936.42,INR,9.71,CHF,2026-08-01,2026-07-30T13:25:00+05:30,cty_0d9ab6ff,,nl_text,0,active,2026-05-31T10:00:00+05:30,2026-08-18T10:00:00+05:30
exp_4c88d16f,trp_77576097,usr_3e25dcc6,shopping,Dinner,852.00,INR,3096.06,LKR,2026-11-17,2026-12-04T14:25:00+05:30,cty_17b8ef2f,,manual,0,active,2026-03-23T10:00:00+05:30,2026-08-18T10:00:00+05:30
exp_e67981ab,trp_e8b8c651,usr_4efab0b7,food,Auto to the fort,548.28,INR,548.28,INR,2026-11-17,2026-12-03T09:16:00+05:30,cty_9327d518,,manual,0,active,2026-07-28T10:00:00+05:30,2026-08-18T10:00:00+05:30
exp_adf3006a,trp_3ebf9280,usr_9cb9eedc,transport,Auto to the fort,541.70,INR,5.72,CHF,2026-09-24,2026-09-27T10:44:00+05:30,cty_c07454f1,,manual,0,active,2026-05-19T10:00:00+05:30,2026-08-18T10:00:00+05:30
exp_f1cab3c8,trp_d46d667f,usr_e2ca58e8,shopping,Souvenirs,1531.15,INR,286.99,MVR,2026-10-06,2026-10-06T17:42:00+05:30,cty_cfec17b6,,manual,0,active,2026-05-27T10:00:00+05:30,2026-08-18T10:00:00+05:30
exp_fa21bc93,trp_776da560,usr_7101a5b5,activities,Boat ride,583.42,INR,583.42,INR,2026-08-19,2026-08-18T22:44:00+05:30,,,nl_text,1,active,2026-04-19T10:00:00+05:30,2026-08-18T10:00:00+05:30
exp_6ea401da,trp_c1e34627,usr_05d0be25,activities,Laundry,1840.53,INR,1840.53,INR,2026-09-18,2026-09-21T15:10:00+05:30,cty_95e7c8ca,,manual,0,active,2026-04-29T10:00:00+05:30,2026-08-18T10:00:00+05:30
exp_2c670dfc,trp_09e8a8fb,usr_c582abb2,food,Airport taxi,660.24,INR,660.24,INR,2026-10-30,2026-11-02T09:39:00+05:30,cty_aa759717,,manual,0,active,2026-04-19T10:00:00+05:30,2026-08-18T10:00:00+05:30
exp_c8d1ea97,trp_df4fb834,usr_3f4f4c52,shopping,Dinner,2251.99,INR,2251.99,INR,2026-11-17,2026-11-26T20:06:00+05:30,cty_7fc82336,,manual,0,active,2026-04-22T10:00:00+05:30,2026-08-18T10:00:00+05:30
exp_74c6f2fc,trp_73f84cd3,usr_f855344d,fees,Souvenirs,291.71,INR,291.71,INR,2026-09-12,2026-09-14T10:11:00+05:30,cty_0d062a51,,manual,0,active,2026-04-20T10:00:00+05:30,2026-08-18T10:00:00+05:30
exp_1a74c516,trp_45ab4600,usr_541840e2,shopping,Dinner,834.53,INR,834.53,INR,2026-10-06,2026-10-05T11:05:00+05:30,cty_621f4a84,,manual,0,active,2026-08-02T10:00:00+05:30,2026-08-18T10:00:00+05:30
exp_2ac49411,trp_5ad6c4c8,usr_c60b1837,transport,Guide tip,44.13,AED,44.13,INR,2026-11-17,2026-12-06T19:41:00+05:30,cty_1ced6ede,,manual,0,active,2026-06-01T10:00:00+05:30,2026-08-18T10:00:00+05:30
exp_fc85cf70,trp_a22b16f6,usr_6a108f4e,activities,Museum tickets,1384.91,INR,1384.91,INR,2026-11-17,2026-11-19T07:47:00+05:30,cty_aa759717,,manual,1,active,2026-06-07T10:00:00+05:30,2026-08-18T10:00:00+05:30
exp_5e001501,trp_dbe8a03a,usr_62b3f8b8,shopping,Airport taxi,1597.27,INR,1597.27,INR,2026-11-17,2026-11-24T10:52:00+05:30,cty_34bbfdfe,,nl_text,1,active,2026-04-23T10:00:00+05:30,2026-08-18T10:00:00+05:30
exp_9f6bbb66,trp_7b77aa24,usr_88af6903,accommodation,Airport taxi,8987.27,INR,8987.27,INR,2026-08-31,2026-09-03T18:55:00+05:30,cty_7cb0b529,,nl_text,0,active,2026-05-21T10:00:00+05:30,2026-08-18T10:00:00+05:30
exp_fe259deb,trp_4360e4bd,usr_0c1ce238,activities,Museum tickets,1712.52,INR,1712.52,INR,2026-09-06,2026-09-09T15:57:00+05:30,cty_34bbfdfe,,manual,1,active,2026-04-17T10:00:00+05:30,2026-08-18T10:00:00+05:30
exp_41d3dc11,trp_baeb9644,usr_0000ca76,fees,Guide tip,672.15,INR,672.15,INR,2026-09-30,2026-10-03T08:00:00+05:30,cty_34bbfdfe,,manual,0,active,2026-05-31T10:00:00+05:30,2026-08-18T10:00:00+05:30
exp_6915b224,trp_19a962e4,usr_76ac5087,transport,Auto to the fort,1905.17,INR,1905.17,INR,2026-08-01,2026-06-27T09:59:00+05:30,cty_aa759717,rcp_57d67ba1,ocr,0,active,2026-05-28T10:00:00+05:30,2026-08-18T10:00:00+05:30
exp_127ca9b1,trp_fd9a2525,usr_40edb5af,transport,Souvenirs,95.12,AED,95.12,INR,2026-08-13,2026-08-16T21:33:00+05:30,cty_1ced6ede,rcp_b556d11e,ocr,1,active,2026-04-21T10:00:00+05:30,2026-08-18T10:00:00+05:30
exp_cb4e1db8,trp_f2bf08e7,usr_160064ff,activities,Laundry,849.43,INR,849.43,INR,2026-11-17,2026-11-15T14:03:00+05:30,cty_ab50efee,,manual,0,active,2026-04-16T10:00:00+05:30,2026-08-18T10:00:00+05:30
exp_f921073d,trp_cb0bf61d,usr_c538bbe8,transport,Souvenirs,994.28,INR,994.28,INR,2026-08-19,2026-08-22T17:39:00+05:30,cty_828a7777,,manual,1,active,2026-06-22T10:00:00+05:30,2026-08-18T10:00:00+05:30
exp_733255a3,trp_cdc63a8d,usr_5b31e64c,food,Museum tickets,594.37,INR,594.37,INR,2026-08-13,2026-08-16T12:58:00+05:30,cty_f288c6a0,,manual,0,active,2026-06-25T10:00:00+05:30,2026-08-18T10:00:00+05:30
exp_376f021e,trp_81b0e4f1,usr_e2490a9e,accommodation,Souvenirs,3870.07,INR,3870.07,INR,2026-08-07,2026-08-09T10:17:00+05:30,cty_7f673457,,manual,1,active,2026-07-09T10:00:00+05:30,2026-08-18T10:00:00+05:30
exp_b386a3dc,trp_81ba1051,usr_65303113,transport,Airport taxi,918.24,INR,918.24,INR,2026-08-25,2026-08-23T14:16:00+05:30,cty_d35a9652,,manual,0,active,2026-05-11T10:00:00+05:30,2026-08-18T10:00:00+05:30
exp_52eaced5,trp_89eafa58,usr_d0571b95,food,Guide tip,915.49,INR,915.49,INR,2026-09-24,2026-09-23T13:06:00+05:30,cty_caf3c1ee,,manual,1,active,2026-04-15T10:00:00+05:30,2026-08-18T10:00:00+05:30
exp_c11c458e,trp_19bd0b98,usr_5dec704e,activities,Laundry,1863.15,INR,1863.15,INR,2026-08-01,2026-07-01T09:53:00+05:30,cty_d35a9652,,manual,1,active,2026-06-03T10:00:00+05:30,2026-08-18T10:00:00+05:30
exp_c9733bf2,trp_73adc9df,usr_1dd8f348,accommodation,Boat ride,545576.61,IDR,545576.61,INR,2026-08-01,2026-05-31T18:38:00+05:30,cty_36afaa5c,,nl_text,1,active,2026-06-06T10:00:00+05:30,2026-08-18T10:00:00+05:30
exp_e6f8a1b3,trp_bca7f130,usr_bc9d20fa,transport,Auto to the fort,1774.43,INR,1774.43,INR,2026-11-05,2026-11-07T22:38:00+05:30,cty_076e8e86,,manual,0,active,2026-06-07T10:00:00+05:30,2026-08-18T10:00:00+05:30
exp_63a33696,trp_4a2eb05b,usr_99adb626,food,Museum tickets,1679.93,NPR,1679.93,INR,2026-08-07,2026-08-07T09:25:00+05:30,cty_c0f2d9de,,nl_text,0,active,2026-06-07T10:00:00+05:30,2026-08-18T10:00:00+05:30
exp_6025a5ed,trp_e6cd4e0f,usr_ce9ee3ae,food,Guide tip,452.08,INR,452.08,INR,2026-08-01,2026-07-01T09:34:00+05:30,cty_0d062a51,,nl_text,0,active,2026-07-13T10:00:00+05:30,2026-08-18T10:00:00+05:30
exp_31054ec9,trp_0629deb2,usr_4a53ac63,transport,Coffee and snacks,1217.62,INR,1217.62,INR,2026-09-24,2026-09-24T15:04:00+05:30,cty_5d572c8a,,manual,0,active,2026-06-02T10:00:00+05:30,2026-08-18T10:00:00+05:30
exp_b461c771,trp_e842e287,usr_4794174d,food,Auto to the fort,351.19,INR,351.19,INR,2026-08-25,2026-08-28T09:32:00+05:30,cty_34bbfdfe,,import,0,active,2026-06-22T10:00:00+05:30,2026-08-18T10:00:00+05:30
exp_3b0ac70c,trp_572d4b08,usr_5bbebfef,activities,Souvenirs,1333.97,INR,1333.97,INR,2026-09-24,2026-09-26T07:30:00+05:30,cty_7f673457,,manual,0,active,2026-03-23T10:00:00+05:30,2026-08-18T10:00:00+05:30
exp_dffaa6f2,trp_d5063ed0,usr_8b3ba681,accommodation,Guide tip,9147.97,INR,398.25,AED,2026-08-01,2026-06-13T19:36:00+05:30,cty_c43cfa94,rcp_355a8b83,ocr,0,active,2026-07-10T10:00:00+05:30,2026-08-18T10:00:00+05:30
exp_a2619a83,trp_7a22e52a,usr_0551c67a,accommodation,Auto to the fort,1798.12,INR,1798.12,INR,2026-11-17,2026-11-24T08:35:00+05:30,cty_541018a9,,manual,0,active,2026-03-31T10:00:00+05:30,2026-08-18T10:00:00+05:30
exp_ff03877e,trp_4507663e,usr_05e40dfc,transport,Auto to the fort,374.52,INR,374.52,INR,2026-08-01,2026-06-05T09:15:00+05:30,cty_10cbee86,,import,1,active,2026-04-26T10:00:00+05:30,2026-08-18T10:00:00+05:30
exp_9d7ad716,trp_fbce8226,usr_6a108f4e,transport,Boat ride,1931.62,INR,1931.62,INR,2026-08-01,2026-06-06T19:00:00+05:30,cty_5698a7ab,rcp_7ad44f4f,ocr,1,active,2026-06-25T10:00:00+05:30,2026-08-18T10:00:00+05:30
exp_2944d015,trp_f80fc406,usr_424aaa79,shopping,Boat ride,3491.50,INR,3491.50,INR,2026-10-24,2026-10-27T10:39:00+05:30,cty_10cbee86,,manual,1,active,2026-05-12T10:00:00+05:30,2026-08-18T10:00:00+05:30
exp_b998e2bb,trp_f80fc406,usr_424aaa79,activities,Two nights,1684.82,INR,1684.82,INR,2026-10-24,2026-10-27T12:42:00+05:30,,,manual,0,active,2026-07-23T10:00:00+05:30,2026-08-18T10:00:00+05:30
exp_cb260c19,trp_43aa1b9f,usr_1cfaf7a0,accommodation,Coffee and snacks,6088.89,NPR,6088.89,INR,2026-10-06,2026-10-09T17:10:00+05:30,cty_c0f2d9de,,manual,0,active,2026-08-11T10:00:00+05:30,2026-08-18T10:00:00+05:30
exp_b248ac4b,trp_154f5086,usr_8e56e75b,food,Souvenirs,771.36,INR,33.84,AED,2026-09-06,2026-09-04T11:34:00+05:30,cty_ab50efee,,manual,0,active,2026-08-02T10:00:00+05:30,2026-08-18T10:00:00+05:30
exp_ade86571,trp_03ebe095,usr_0389057b,accommodation,Two nights,3895.27,INR,3895.27,INR,2026-08-01,2026-07-18T19:02:00+05:30,cty_9327d518,,manual,0,active,2026-06-21T10:00:00+05:30,2026-08-18T10:00:00+05:30
exp_31a2453f,trp_43e313f5,usr_e0853a17,transport,Dinner,413.68,INR,413.68,INR,2026-10-30,2026-10-29T15:13:00+05:30,cty_0d062a51,,manual,0,active,2026-06-02T10:00:00+05:30,2026-08-18T10:00:00+05:30
exp_00f85c89,trp_1765a1ad,usr_737d4dab,transport,Souvenirs,2689.05,NPR,2689.05,INR,2026-08-19,2026-08-22T14:30:00+05:30,cty_c0f2d9de,,nl_text,1,active,2026-06-07T10:00:00+05:30,2026-08-18T10:00:00+05:30
exp_a065d62c,trp_64726e5f,usr_f9060fbb,accommodation,Guide tip,8438.93,INR,8438.93,INR,2026-09-18,2026-09-21T15:27:00+05:30,cty_d4f5e3a5,,manual,0,active,2026-04-09T10:00:00+05:30,2026-08-18T10:00:00+05:30
exp_2bc9d551,trp_5162b851,usr_756ce6b3,food,Two nights,431.82,INR,431.82,INR,2026-08-01,2026-06-21T11:12:00+05:30,cty_5d572c8a,,manual,1,active,2026-04-10T10:00:00+05:30,2026-08-18T10:00:00+05:30
exp_25b46252,trp_f996a70f,usr_2a348485,food,Coffee and snacks,620.66,INR,620.66,INR,2026-11-17,2026-12-10T16:47:00+05:30,cty_f29656ff,,nl_text,0,active,2026-04-07T10:00:00+05:30,2026-08-18T10:00:00+05:30
exp_8a1764f6,trp_cab2311d,usr_1a6892bf,misc,Coffee and snacks,41.03,MYR,41.03,INR,2026-11-17,2026-12-09T21:13:00+05:30,cty_c9f34ba7,,manual,0,active,2026-05-14T10:00:00+05:30,2026-08-18T10:00:00+05:30
exp_3ad453c1,trp_d03225c9,usr_e4376908,food,Guide tip,13.06,CHF,13.06,CHF,2026-11-17,2026-11-28T16:04:00+05:30,cty_f288c6a0,,nl_text,0,active,2026-06-20T10:00:00+05:30,2026-08-18T10:00:00+05:30
exp_1b91ba5b,trp_ebe52e65,usr_f52d271a,accommodation,Boat ride,9714.75,INR,9714.75,INR,2026-08-01,2026-07-25T21:04:00+05:30,cty_621f4a84,,manual,0,active,2026-07-08T10:00:00+05:30,2026-08-18T10:00:00+05:30
exp_97cb8193,trp_e086bae2,usr_fecd2601,accommodation,Dinner,1572.94,INR,1572.94,INR,2026-08-01,2026-06-20T19:54:00+05:30,cty_51a149b7,,manual,0,active,2026-05-04T10:00:00+05:30,2026-08-18T10:00:00+05:30
exp_051bda56,trp_ba83403f,usr_cabd8a19,accommodation,Dinner,4164.54,INR,4164.54,INR,2026-11-05,2026-11-04T18:27:00+05:30,cty_541018a9,,manual,0,active,2026-07-04T10:00:00+05:30,2026-08-18T10:00:00+05:30
exp_4837515d,trp_ab7c6472,usr_1ef037a0,fees,Souvenirs,1100.63,NPR,1100.63,NPR,2026-08-01,2026-05-28T16:55:00+05:30,cty_95e7c8ca,,manual,0,active,2026-08-14T10:00:00+05:30,2026-08-18T10:00:00+05:30
exp_cb4683a7,trp_d128a566,usr_e1d938d9,food,Guide tip,1126.99,INR,1126.99,INR,2026-10-24,2026-10-25T13:32:00+05:30,cty_43d0a650,,nl_text,0,active,2026-04-10T10:00:00+05:30,2026-08-18T10:00:00+05:30
exp_3a115d8e,trp_2974df6f,usr_c8025f92,accommodation,Guide tip,3437.04,JPY,3010.30,NPR,2026-11-05,2026-11-06T18:07:00+05:30,cty_51a149b7,,manual,1,active,2026-07-14T10:00:00+05:30,2026-08-18T10:00:00+05:30
exp_307591c3,trp_c946e9df,usr_d245dd5d,activities,Dinner,1052.84,INR,1052.84,INR,2026-08-01,2026-05-15T07:03:00+05:30,cty_0d9ab6ff,,nl_text,0,active,2026-06-18T10:00:00+05:30,2026-08-18T10:00:00+05:30
exp_36c6412f,trp_357dbb6b,usr_72d88a70,activities,Boat ride,312052.93,IDR,312052.93,INR,2026-08-01,2026-05-21T11:56:00+05:30,cty_36afaa5c,,manual,0,active,2026-04-12T10:00:00+05:30,2026-08-18T10:00:00+05:30
exp_a7bb1e5e,trp_909e59bc,usr_17b45921,transport,Two nights,4611.87,LKR,13.55,CHF,2026-11-17,2026-11-30T21:37:00+05:30,cty_a50bc5dd,,nl_text,0,active,2026-04-13T10:00:00+05:30,2026-08-18T10:00:00+05:30
exp_7e0c310c,trp_1765a1ad,usr_8cace6bd,accommodation,Airport taxi,13617.09,NPR,13617.09,INR,2026-08-19,2026-08-19T14:18:00+05:30,cty_c0f2d9de,,nl_text,0,active,2026-08-15T10:00:00+05:30,2026-08-18T10:00:00+05:30
exp_a27c9639,trp_1af71903,usr_81dbf021,food,Dinner,894.04,NPR,894.04,NPR,2026-08-01,2026-05-06T09:48:00+05:30,cty_d4f5e3a5,,manual,0,active,2026-03-25T10:00:00+05:30,2026-08-18T10:00:00+05:30
exp_ed350305,trp_4c87ad6d,usr_94e62241,activities,Dinner,1920.28,INR,1920.28,INR,2026-08-01,2026-06-21T16:36:00+05:30,cty_ab50efee,,manual,1,active,2026-05-17T10:00:00+05:30,2026-08-18T10:00:00+05:30
exp_b53ba78c,trp_1765a1ad,usr_737d4dab,food,Guide tip,1776.96,NPR,1776.96,INR,2026-08-19,2026-08-19T12:25:00+05:30,cty_c0f2d9de,,import,0,active,2026-07-12T10:00:00+05:30,2026-08-18T10:00:00+05:30
exp_c12c05c9,trp_6c80cfa7,usr_b357f73c,activities,Laundry,1399.49,INR,1399.49,INR,2026-08-01,2026-06-09T08:25:00+05:30,cty_0d9ab6ff,,manual,1,active,2026-05-09T10:00:00+05:30,2026-08-18T10:00:00+05:30
exp_28f49250,trp_194fb6db,usr_d1a44892,activities,Guide tip,73.29,MYR,73.29,INR,2026-08-01,2026-05-15T21:19:00+05:30,cty_c9f34ba7,,manual,0,active,2026-08-10T10:00:00+05:30,2026-08-18T10:00:00+05:30
exp_89f67ebe,trp_fc58b9bd,usr_1c8154b9,accommodation,Airport taxi,5772.65,INR,5772.65,INR,2026-08-01,2026-06-25T13:11:00+05:30,cty_10cbee86,,nl_text,0,active,2026-05-07T10:00:00+05:30,2026-08-18T10:00:00+05:30
exp_ca9e5562,trp_2035c85a,usr_60fd8d80,food,Guide tip,78.96,MYR,78.96,INR,2026-08-01,2026-06-22T07:12:00+05:30,cty_c9f34ba7,,manual,1,active,2026-03-31T10:00:00+05:30,2026-08-18T10:00:00+05:30
exp_1cc9066a,trp_5b79ffd1,usr_053e7434,food,Two nights,617.75,INR,617.75,INR,2026-11-17,2026-12-05T18:49:00+05:30,,rcp_fe2ba44a,ocr,0,active,2026-06-16T10:00:00+05:30,2026-08-18T10:00:00+05:30
exp_08d19adb,trp_94e301b8,usr_0382185a,accommodation,Dinner,6856.45,INR,6856.45,INR,2026-08-01,2026-06-10T09:11:00+05:30,cty_cf1c6ac5,,nl_text,1,active,2026-04-04T10:00:00+05:30,2026-08-18T10:00:00+05:30
exp_c118edfe,trp_2d23dd64,usr_7e340c2a,accommodation,Airport taxi,5115.09,INR,5115.09,INR,2026-08-01,2026-05-10T09:47:00+05:30,cty_cfec17b6,,manual,1,active,2026-04-09T10:00:00+05:30,2026-08-18T10:00:00+05:30
exp_29ec4d84,trp_8e5f0010,usr_8700ba48,accommodation,Souvenirs,9823.66,INR,9823.66,INR,2026-09-24,2026-09-26T15:52:00+05:30,cty_17b8ef2f,,manual,0,active,2026-03-26T10:00:00+05:30,2026-08-18T10:00:00+05:30
exp_25c2e18e,trp_1f82c042,usr_fc3617c0,accommodation,Dinner,5719.74,INR,2363.80,THB,2026-08-01,2026-06-26T12:52:00+05:30,cty_17b8ef2f,,nl_text,0,active,2026-07-21T10:00:00+05:30,2026-08-18T10:00:00+05:30
exp_bacb45bd,trp_9805085a,usr_02d5e350,accommodation,Dinner,7808.96,INR,12710.87,NPR,2026-11-11,2026-11-11T13:34:00+05:30,cty_7be8559f,,manual,1,active,2026-04-08T10:00:00+05:30,2026-08-18T10:00:00+05:30
exp_463245f0,trp_9b05bb65,usr_d6801dce,transport,Dinner,638.52,INR,638.52,INR,2026-09-12,2026-09-11T11:46:00+05:30,cty_67ee7f6f,,manual,0,active,2026-07-18T10:00:00+05:30,2026-08-18T10:00:00+05:30
exp_03c1198f,trp_19bd0b98,usr_5dec704e,food,Two nights,1378.90,INR,1378.90,INR,2026-08-01,2026-07-01T22:25:00+05:30,cty_d35a9652,,nl_text,0,active,2026-05-29T10:00:00+05:30,2026-08-18T10:00:00+05:30
exp_a861112e,trp_e842e287,usr_4794174d,accommodation,Coffee and snacks,4644.62,INR,4644.62,INR,2026-08-31,2026-08-29T18:48:00+05:30,cty_34bbfdfe,,manual,0,active,2026-06-28T10:00:00+05:30,2026-08-18T10:00:00+05:30
exp_dc38b845,trp_2342ddcb,usr_34d33978,activities,Dinner,1444.58,NPR,1444.58,INR,2026-08-01,2026-07-08T17:54:00+05:30,cty_c0f2d9de,,manual,0,active,2026-05-05T10:00:00+05:30,2026-08-18T10:00:00+05:30
exp_f6a41381,trp_97869c6a,usr_67de0711,accommodation,Museum tickets,13994.18,NPR,13994.18,INR,2026-09-06,2026-09-04T20:42:00+05:30,cty_c0f2d9de,,manual,0,active,2026-05-10T10:00:00+05:30,2026-08-18T10:00:00+05:30
exp_bb710ca1,trp_fda57035,usr_72796feb,transport,Guide tip,124376.58,IDR,124376.58,INR,2026-08-01,2026-07-20T08:04:00+05:30,cty_36afaa5c,,manual,0,active,2026-06-11T10:00:00+05:30,2026-08-18T10:00:00+05:30
exp_e0935efe,trp_fd4e6af3,usr_52de2228,food,Museum tickets,658.79,INR,130560.81,IDR,2026-11-17,2026-12-02T13:44:00+05:30,cty_0d9ab6ff,,manual,0,active,2026-08-05T10:00:00+05:30,2026-08-18T10:00:00+05:30
exp_bfdb2ea4,trp_74917bfb,usr_d56927f7,transport,Auto to the fort,1593.99,INR,1593.99,INR,2026-08-01,2026-07-12T11:59:00+05:30,cty_10cbee86,,manual,0,active,2026-04-22T10:00:00+05:30,2026-08-18T10:00:00+05:30
exp_125be781,trp_574e5595,usr_05d0be25,activities,Souvenirs,21.44,AED,21.44,INR,2026-08-01,2026-05-12T21:01:00+05:30,cty_1ced6ede,,import,0,active,2026-04-22T10:00:00+05:30,2026-08-18T10:00:00+05:30
exp_4eddbecb,trp_acaf45e7,usr_228f37bd,transport,Boat ride,902.91,INR,902.91,INR,2026-08-01,2026-07-14T10:37:00+05:30,cty_a97c33ad,,manual,0,active,2026-04-13T10:00:00+05:30,2026-08-18T10:00:00+05:30
exp_26d3b3d3,trp_897d9724,usr_8af9206e,transport,Museum tickets,1236.33,INR,1236.33,INR,2026-08-01,2026-07-15T09:51:00+05:30,cty_5d572c8a,,manual,0,active,2026-06-30T10:00:00+05:30,2026-08-18T10:00:00+05:30
exp_67509f99,trp_d04f7574,usr_de0e4344,transport,Two nights,1351.31,INR,1351.31,INR,2026-08-01,2026-06-04T19:46:00+05:30,cty_f288c6a0,,manual,0,active,2026-06-11T10:00:00+05:30,2026-08-18T10:00:00+05:30
exp_3c49d3c2,trp_10f1523f,usr_45175b03,accommodation,Coffee and snacks,6639.25,INR,6639.25,INR,2026-09-24,2026-09-26T15:02:00+05:30,cty_9327d518,,nl_text,1,active,2026-07-01T10:00:00+05:30,2026-08-18T10:00:00+05:30
exp_8511fadb,trp_e72a3a42,usr_8a133f67,misc,Airport taxi,355.15,INR,355.15,INR,2026-08-01,2026-05-17T18:11:00+05:30,cty_f288c6a0,,manual,1,active,2026-04-12T10:00:00+05:30,2026-08-18T10:00:00+05:30
exp_ae85b0ae,trp_b18bf78b,usr_d245dd5d,shopping,Auto to the fort,26.35,SGD,26.35,INR,2026-11-17,2026-12-01T12:54:00+05:30,cty_905fd8a1,,manual,0,active,2026-04-21T10:00:00+05:30,2026-08-18T10:00:00+05:30
exp_70760013,trp_1898ff3a,usr_a7185e16,accommodation,Dinner,11470.37,NPR,11470.37,INR,2026-11-17,2026-12-05T22:21:00+05:30,cty_95d040d8,,manual,0,active,2026-07-26T10:00:00+05:30,2026-08-18T10:00:00+05:30
exp_80f050bf,trp_f74bdeb1,usr_fae4d064,accommodation,Airport taxi,427.04,MYR,427.04,INR,2026-09-12,2026-09-10T16:14:00+05:30,cty_c9f34ba7,,manual,1,active,2026-04-18T10:00:00+05:30,2026-08-18T10:00:00+05:30
exp_339dad2c,trp_0e733795,usr_97d7df2b,accommodation,Guide tip,4218.99,INR,4218.99,INR,2026-10-24,2026-10-22T19:05:00+05:30,cty_c43cfa94,,manual,0,active,2026-05-27T10:00:00+05:30,2026-08-18T10:00:00+05:30
exp_d580ee3a,trp_3901f712,usr_ce2e54f4,activities,Guide tip,823.33,INR,823.33,INR,2026-11-11,2026-11-14T22:34:00+05:30,cty_f8b75f8e,rcp_16ede51e,ocr,0,active,2026-07-11T10:00:00+05:30,2026-08-18T10:00:00+05:30
exp_4da3a1d9,trp_e060228a,usr_abb36fee,misc,Dinner,1001.55,INR,1001.55,INR,2026-09-06,2026-09-05T19:28:00+05:30,cty_076e8e86,,manual,0,active,2026-04-08T10:00:00+05:30,2026-08-18T10:00:00+05:30
exp_af17ffa1,trp_8500bc75,usr_d504f21d,accommodation,Auto to the fort,381.44,QAR,381.44,INR,2026-11-11,2026-11-13T21:00:00+05:30,,,manual,0,active,2026-06-09T10:00:00+05:30,2026-08-18T10:00:00+05:30
exp_2a4256b7,trp_7d8e2e3c,usr_44604a9d,accommodation,Coffee and snacks,9154.64,INR,9154.64,INR,2026-08-01,2026-07-28T07:02:00+05:30,cty_17b8ef2f,,manual,0,active,2026-06-06T10:00:00+05:30,2026-08-18T10:00:00+05:30
exp_7ce1e4bf,trp_4c04b27d,usr_50dd9495,transport,Airport taxi,1944.87,INR,1944.87,INR,2026-08-01,2026-05-17T22:57:00+05:30,cty_a5f16904,,nl_text,1,active,2026-06-09T10:00:00+05:30,2026-08-18T10:00:00+05:30
exp_1c136e07,trp_cdb13358,usr_5f22c672,shopping,Museum tickets,3211.86,INR,1327.37,THB,2026-08-01,2026-05-26T12:03:00+05:30,cty_7cb0b529,rcp_57d67ba1,ocr,1,active,2026-04-23T10:00:00+05:30,2026-08-18T10:00:00+05:30
exp_cfd12c9c,trp_63451510,usr_44604a9d,food,Museum tickets,326.52,INR,326.52,INR,2026-11-17,2026-11-22T16:21:00+05:30,cty_8fc1539e,,manual,1,active,2026-07-29T10:00:00+05:30,2026-08-18T10:00:00+05:30
exp_e6a6aff3,trp_1af71903,usr_81dbf021,accommodation,Coffee and snacks,6374.70,INR,10066.68,NPR,2026-08-01,2026-05-07T16:26:00+05:30,cty_d4f5e3a5,,manual,0,active,2026-05-07T10:00:00+05:30,2026-08-18T10:00:00+05:30
exp_a9247d15,trp_d275f261,usr_bedf358a,accommodation,Boat ride,2093.91,INR,3898.80,JPY,2026-11-17,2026-11-29T21:23:00+05:30,cty_bbb31d67,,nl_text,1,active,2026-04-15T10:00:00+05:30,2026-08-18T10:00:00+05:30
exp_aef4b5cd,trp_d1b2a8eb,usr_108e6f0f,food,Souvenirs,237.74,THB,237.74,INR,2026-11-17,2026-11-28T11:10:00+05:30,cty_a5f16904,rcp_f1411ec4,ocr,0,active,2026-04-02T10:00:00+05:30,2026-08-18T10:00:00+05:30
exp_92732674,trp_fc58b9bd,usr_1c8154b9,activities,Laundry,964.57,INR,964.57,INR,2026-08-01,2026-06-26T12:16:00+05:30,cty_10cbee86,,manual,0,active,2026-08-16T10:00:00+05:30,2026-08-18T10:00:00+05:30
exp_1e7415ca,trp_b2aef743,usr_7796e5e8,transport,Guide tip,1668.66,INR,1668.66,INR,2026-08-01,2026-06-22T18:26:00+05:30,cty_718f03c7,rcp_faa6c40d,ocr,0,active,2026-04-12T10:00:00+05:30,2026-08-18T10:00:00+05:30
exp_60d01723,trp_09e8a8fb,usr_c582abb2,activities,Auto to the fort,1088.16,INR,1088.16,INR,2026-10-30,2026-11-01T16:23:00+05:30,cty_aa759717,,nl_text,0,active,2026-05-10T10:00:00+05:30,2026-08-18T10:00:00+05:30
exp_1dc9a7f3,trp_3a5885a5,usr_5385053d,food,Auto to the fort,458.90,INR,458.90,INR,2026-09-30,2026-10-03T07:18:00+05:30,cty_9327d518,,manual,0,active,2026-08-12T10:00:00+05:30,2026-08-18T10:00:00+05:30
exp_3596a3b1,trp_81ba1051,usr_5b790166,transport,Boat ride,1456.05,INR,1456.05,INR,2026-08-25,2026-08-23T09:45:00+05:30,cty_d35a9652,,manual,0,active,2026-07-03T10:00:00+05:30,2026-08-18T10:00:00+05:30
exp_43f0741c,trp_2ee78a2e,usr_20594684,food,Coffee and snacks,444.67,INR,444.67,INR,2026-08-01,2026-05-30T11:50:00+05:30,cty_32e8e65c,,nl_text,0,active,2026-04-19T10:00:00+05:30,2026-08-18T10:00:00+05:30
exp_4a8e7d85,trp_4950beba,usr_053e7434,food,Auto to the fort,535.74,INR,535.74,INR,2026-08-01,2026-07-21T19:36:00+05:30,,,manual,0,active,2026-08-17T10:00:00+05:30,2026-08-18T10:00:00+05:30
exp_8d0ff8f5,trp_fbce8226,usr_2e38cf37,transport,Museum tickets,1526.20,INR,1526.20,INR,2026-08-01,2026-06-04T08:41:00+05:30,cty_5698a7ab,,manual,1,active,2026-05-31T10:00:00+05:30,2026-08-18T10:00:00+05:30
exp_53a78de2,trp_ecb44c64,usr_b2323a23,accommodation,Dinner,2299.77,INR,2299.77,INR,2026-08-01,2026-07-12T21:17:00+05:30,cty_67ee7f6f,,import,0,active,2026-04-26T10:00:00+05:30,2026-08-18T10:00:00+05:30
exp_4f930869,trp_de13fbb8,usr_9c3deed5,accommodation,Two nights,2350.54,INR,2350.54,INR,2026-09-30,2026-09-28T12:28:00+05:30,cty_d401ef6b,,manual,0,active,2026-04-06T10:00:00+05:30,2026-08-18T10:00:00+05:30
exp_548f9aca,trp_11c3f9e5,usr_afacd025,food,Boat ride,947.88,INR,3298.56,LKR,2026-08-01,2026-05-14T17:54:00+05:30,cty_a97c33ad,,manual,0,active,2026-03-28T10:00:00+05:30,2026-08-18T10:00:00+05:30
exp_3d8b1d19,trp_c6e23791,usr_3038e2f7,accommodation,Souvenirs,2001.87,INR,2001.87,INR,2026-08-01,2026-06-23T13:28:00+05:30,cty_43d0a650,,nl_text,0,active,2026-06-06T10:00:00+05:30,2026-08-18T10:00:00+05:30
exp_9ce61021,trp_2974df6f,usr_c8025f92,activities,Coffee and snacks,1603.44,JPY,1407.18,NPR,2026-10-30,2026-11-01T12:50:00+05:30,cty_51a149b7,,nl_text,1,active,2026-07-03T10:00:00+05:30,2026-08-18T10:00:00+05:30
exp_7cf15d11,trp_2974df6f,usr_c8025f92,food,Souvenirs,1372.91,NPR,1372.91,NPR,2026-11-05,2026-11-04T13:15:00+05:30,cty_51a149b7,,nl_text,1,active,2026-04-11T10:00:00+05:30,2026-08-18T10:00:00+05:30
exp_bde474ef,trp_e5fcba16,usr_f94cda41,misc,Museum tickets,628.23,INR,628.23,INR,2026-10-24,2026-10-27T08:40:00+05:30,cty_621f4a84,,manual,0,active,2026-06-01T10:00:00+05:30,2026-08-18T10:00:00+05:30
exp_3e792f2d,trp_574e5595,usr_05d0be25,shopping,Two nights,47.64,AED,47.64,INR,2026-08-01,2026-05-10T11:23:00+05:30,cty_1ced6ede,,manual,1,active,2026-07-12T10:00:00+05:30,2026-08-18T10:00:00+05:30
exp_1fc96d71,trp_7afc863d,usr_a386ca28,activities,Guide tip,1458.44,LKR,1458.44,INR,2026-08-01,2026-06-29T11:04:00+05:30,cty_a50bc5dd,,manual,1,active,2026-08-12T10:00:00+05:30,2026-08-18T10:00:00+05:30
exp_e9a2a77b,trp_33c5a895,usr_d23b92e9,transport,Dinner,1479.63,INR,1479.63,INR,2026-08-01,2026-06-27T18:58:00+05:30,cty_9327d518,,nl_text,1,active,2026-04-02T10:00:00+05:30,2026-08-18T10:00:00+05:30
exp_061e14c2,trp_4a6fffa7,usr_acb4c4ba,food,Boat ride,1128.25,INR,1128.25,INR,2026-11-17,2026-11-23T09:30:00+05:30,cty_7be8559f,,import,0,active,2026-07-28T10:00:00+05:30,2026-08-18T10:00:00+05:30
exp_c4b5eb67,trp_034ee3ea,usr_a352fc16,food,Museum tickets,898.81,INR,898.81,INR,2026-08-01,2026-08-02T15:48:00+05:30,cty_c9f34ba7,rcp_a8adbfae,ocr,0,active,2026-06-05T10:00:00+05:30,2026-08-18T10:00:00+05:30
exp_eba45fae,trp_b14214a6,usr_8f81432c,food,Dinner,1539.14,INR,1539.14,INR,2026-11-17,2026-11-17T19:18:00+05:30,cty_95e7c8ca,rcp_00ee7765,ocr,1,active,2026-05-07T10:00:00+05:30,2026-08-18T10:00:00+05:30
exp_43c9ee86,trp_08207645,usr_7b318031,accommodation,Two nights,3891.40,INR,3978.38,BTN,2026-11-17,2026-11-29T16:29:00+05:30,cty_32e8e65c,,manual,1,active,2026-07-22T10:00:00+05:30,2026-08-18T10:00:00+05:30
exp_1f39a954,trp_d98bd293,usr_d8024b62,activities,Souvenirs,1646.83,INR,1646.83,INR,2026-08-01,2026-07-10T16:23:00+05:30,cty_cf1c6ac5,,manual,1,active,2026-08-12T10:00:00+05:30,2026-08-18T10:00:00+05:30
exp_7fce2c76,trp_70ac83bf,usr_b021d103,accommodation,Souvenirs,5142.67,INR,5142.67,INR,2026-11-11,2026-11-09T20:46:00+05:30,cty_67ee7f6f,rcp_e4175c10,ocr,0,active,2026-04-08T10:00:00+05:30,2026-08-18T10:00:00+05:30
exp_9c935312,trp_af330315,usr_f50e2299,shopping,Laundry,3142.51,INR,3142.51,INR,2026-08-01,2026-08-04T07:51:00+05:30,,,manual,0,active,2026-07-04T10:00:00+05:30,2026-08-18T10:00:00+05:30
exp_8bd79958,trp_c0c1da94,usr_2aa556d6,transport,Dinner,2180.32,INR,2180.32,INR,2026-10-06,2026-10-08T07:55:00+05:30,cty_95e7c8ca,,import,0,active,2026-04-14T10:00:00+05:30,2026-08-18T10:00:00+05:30
exp_2b91fddf,trp_64726e5f,usr_f9060fbb,shopping,Coffee and snacks,2978.21,INR,2978.21,INR,2026-09-24,2026-09-22T22:31:00+05:30,cty_d4f5e3a5,,nl_text,1,active,2026-06-18T10:00:00+05:30,2026-08-18T10:00:00+05:30
exp_df95ee52,trp_07cf1d5b,usr_9115fc7c,accommodation,Airport taxi,3651.94,INR,12797.50,LKR,2026-08-07,2026-08-09T14:09:00+05:30,cty_aa759717,rcp_1aa0b0f8,ocr,0,active,2026-06-06T10:00:00+05:30,2026-08-18T10:00:00+05:30
exp_b5291d90,trp_634a2f2f,usr_bf89afd1,food,Laundry,1093.72,INR,1093.72,INR,2026-11-11,2026-11-14T15:21:00+05:30,cty_ccb4fb74,,manual,0,active,2026-04-26T10:00:00+05:30,2026-08-18T10:00:00+05:30
exp_2cce851d,trp_627dd5f6,usr_ce38459a,accommodation,Boat ride,3342.26,INR,143.79,QAR,2026-08-01,2026-07-07T14:08:00+05:30,cty_f8b75f8e,,manual,0,active,2026-06-02T10:00:00+05:30,2026-08-18T10:00:00+05:30
exp_0632b591,trp_9eb0f5fe,usr_e459a18c,accommodation,Two nights,1743.69,THB,1743.69,INR,2026-08-07,2026-08-08T08:25:00+05:30,cty_a5f16904,,manual,0,active,2026-03-25T10:00:00+05:30,2026-08-18T10:00:00+05:30
exp_3838a386,trp_2dbec2dd,usr_e076a69d,accommodation,Dinner,4446.95,INR,4446.95,INR,2026-10-24,2026-10-22T17:06:00+05:30,cty_7be8559f,,manual,0,active,2026-05-10T10:00:00+05:30,2026-08-18T10:00:00+05:30
exp_314ea442,trp_76677b52,usr_55b114d5,accommodation,Two nights,2380.40,INR,2380.40,INR,2026-08-01,2026-07-19T21:18:00+05:30,cty_cfec17b6,,manual,0,active,2026-07-05T10:00:00+05:30,2026-08-18T10:00:00+05:30
exp_aba93499,trp_8b6125c3,usr_2c93ab7f,activities,Dinner,1094.92,INR,1094.92,INR,2026-10-12,2026-10-15T14:43:00+05:30,cty_f288c6a0,,manual,1,active,2026-04-11T10:00:00+05:30,2026-08-18T10:00:00+05:30
exp_df811eb5,trp_89ad1eee,usr_712600f0,activities,Coffee and snacks,2952.08,NPR,2952.08,NPR,2026-08-01,2026-05-21T10:05:00+05:30,cty_7fc82336,,nl_text,0,active,2026-05-03T10:00:00+05:30,2026-08-18T10:00:00+05:30
exp_f415cf4c,trp_4a195a07,usr_ab49979e,accommodation,Airport taxi,5655.17,INR,5655.17,INR,2026-10-18,2026-10-20T12:01:00+05:30,cty_34bbfdfe,,manual,0,active,2026-06-05T10:00:00+05:30,2026-08-18T10:00:00+05:30
exp_4677a5df,trp_dbe8a03a,usr_62b3f8b8,accommodation,Dinner,9826.71,INR,9826.71,INR,2026-11-17,2026-11-22T15:12:00+05:30,cty_34bbfdfe,,manual,1,active,2026-06-03T10:00:00+05:30,2026-08-18T10:00:00+05:30
exp_a7370949,trp_ca70f1c6,usr_b50df034,transport,Two nights,2181.74,INR,2181.74,INR,2026-11-17,2026-12-07T19:57:00+05:30,cty_aa759717,,manual,1,active,2026-06-12T10:00:00+05:30,2026-08-18T10:00:00+05:30
exp_005bc30d,trp_7a5e7bd8,usr_e94f06ca,accommodation,Boat ride,1846.08,INR,1846.08,INR,2026-08-01,2026-07-13T15:43:00+05:30,cty_f8b75f8e,,manual,0,active,2026-04-09T10:00:00+05:30,2026-08-18T10:00:00+05:30
exp_22c43190,trp_9a841c7e,usr_7f6d27fe,food,Airport taxi,949.28,INR,15.05,SGD,2026-08-01,2026-05-27T15:44:00+05:30,cty_ab50efee,,manual,0,active,2026-05-23T10:00:00+05:30,2026-08-18T10:00:00+05:30
exp_d3189496,trp_dbe8a03a,usr_62b3f8b8,transport,Laundry,1397.15,INR,1397.15,INR,2026-11-17,2026-11-24T16:24:00+05:30,cty_34bbfdfe,,manual,1,active,2026-06-09T10:00:00+05:30,2026-08-18T10:00:00+05:30
exp_2c6ae244,trp_4e648420,usr_dc1bd238,shopping,Auto to the fort,3282.53,INR,3282.53,INR,2026-08-19,2026-08-18T22:30:00+05:30,cty_b43cdd57,,manual,0,active,2026-05-08T10:00:00+05:30,2026-08-18T10:00:00+05:30
exp_27ff6e2c,trp_edc2177c,usr_edf2bbfa,food,Airport taxi,907.59,INR,907.59,INR,2026-08-01,2026-06-25T09:52:00+05:30,cty_0d062a51,,manual,0,active,2026-06-16T10:00:00+05:30,2026-08-18T10:00:00+05:30
exp_7d0851f8,trp_a0b8b8af,usr_8e89346c,food,Souvenirs,782.07,INR,782.07,INR,2026-11-17,2026-11-19T11:32:00+05:30,cty_009c9fd2,rcp_d9b812e4,ocr,1,active,2026-06-11T10:00:00+05:30,2026-08-18T10:00:00+05:30
exp_e436aa89,trp_90f6480d,usr_a7185e16,accommodation,Dinner,8746.20,INR,8746.20,INR,2026-09-12,2026-09-12T12:33:00+05:30,cty_67ee7f6f,,manual,1,active,2026-05-03T10:00:00+05:30,2026-08-18T10:00:00+05:30
exp_621fe2f7,trp_8c33db0b,usr_67ff2106,food,Coffee and snacks,2927.03,LKR,2927.03,INR,2026-08-01,2026-06-13T14:55:00+05:30,cty_a50bc5dd,,manual,1,active,2026-06-15T10:00:00+05:30,2026-08-18T10:00:00+05:30
exp_2a65c0cd,trp_92aba9c1,usr_dce3bc90,misc,Museum tickets,887.01,INR,887.01,INR,2026-11-17,2026-11-30T15:43:00+05:30,cty_caf3c1ee,,manual,0,active,2026-04-02T10:00:00+05:30,2026-08-18T10:00:00+05:30
exp_02401b6c,trp_cf3635ee,usr_5dec704e,food,Museum tickets,765.17,INR,765.17,INR,2026-11-17,2026-12-08T20:19:00+05:30,cty_8fc1539e,,manual,1,active,2026-04-20T10:00:00+05:30,2026-08-18T10:00:00+05:30
exp_19f2b1d6,trp_8c33db0b,usr_67ff2106,accommodation,Souvenirs,15811.05,LKR,15811.05,INR,2026-08-01,2026-06-10T20:29:00+05:30,cty_a50bc5dd,,nl_text,1,active,2026-04-13T10:00:00+05:30,2026-08-18T10:00:00+05:30
exp_b1b2862c,trp_11c3f9e5,usr_afacd025,shopping,Dinner,2341.28,INR,8147.49,LKR,2026-08-01,2026-05-14T14:05:00+05:30,cty_a97c33ad,,nl_text,1,active,2026-05-23T10:00:00+05:30,2026-08-18T10:00:00+05:30
exp_ad30aead,trp_bd69fea3,usr_70139660,food,Guide tip,48.16,AED,48.16,INR,2026-09-12,2026-09-10T19:26:00+05:30,cty_7b89639e,,manual,0,active,2026-07-15T10:00:00+05:30,2026-08-18T10:00:00+05:30
exp_cae1cdae,trp_89eafa58,usr_d0571b95,food,Coffee and snacks,1159.91,INR,1159.91,INR,2026-09-18,2026-09-21T09:58:00+05:30,cty_caf3c1ee,,manual,1,active,2026-03-22T10:00:00+05:30,2026-08-18T10:00:00+05:30
exp_f9ee5019,trp_3a5885a5,usr_5385053d,accommodation,Two nights,9708.95,INR,9708.95,INR,2026-10-06,2026-10-04T10:22:00+05:30,cty_9327d518,,manual,0,active,2026-06-26T10:00:00+05:30,2026-08-18T10:00:00+05:30
exp_36ed9012,trp_8f860be9,usr_81cc2de0,accommodation,Coffee and snacks,6703.06,INR,6703.06,INR,2026-10-24,2026-10-26T21:43:00+05:30,cty_7cb0b529,rcp_b6d0dbf7,ocr,0,active,2026-08-03T10:00:00+05:30,2026-08-18T10:00:00+05:30
exp_6a436880,trp_706fdf80,usr_78513cd2,accommodation,Dinner,7309.20,INR,115.86,SGD,2026-08-01,2026-07-17T10:47:00+05:30,cty_43d0a650,,nl_text,0,active,2026-05-18T10:00:00+05:30,2026-08-18T10:00:00+05:30
exp_17ec6ace,trp_b7a82392,usr_a0588479,fees,Souvenirs,462.45,INR,730.28,NPR,2026-08-01,2026-07-27T22:42:00+05:30,cty_c97e6cd5,,manual,1,active,2026-07-02T10:00:00+05:30,2026-08-18T10:00:00+05:30
exp_b0a982f9,trp_94e301b8,usr_0382185a,accommodation,Guide tip,7353.95,INR,7353.95,INR,2026-08-01,2026-06-12T22:12:00+05:30,cty_cf1c6ac5,,nl_text,0,active,2026-05-04T10:00:00+05:30,2026-08-18T10:00:00+05:30
exp_e8e5cb6d,trp_1c6b709c,usr_2433031a,transport,Auto to the fort,3028.99,NPR,83.50,AED,2026-08-01,2026-07-24T18:05:00+05:30,cty_95d040d8,,manual,0,active,2026-06-10T10:00:00+05:30,2026-08-18T10:00:00+05:30
exp_61ec39ae,trp_1800f567,usr_9181bfe3,accommodation,Museum tickets,2215.83,INR,99.59,AED,2026-11-11,2026-11-12T15:35:00+05:30,cty_f29656ff,,manual,0,active,2026-04-03T10:00:00+05:30,2026-08-18T10:00:00+05:30
exp_201535cd,trp_f9ef6a50,usr_ddcb196c,food,Two nights,290.86,INR,290.86,INR,2026-08-01,2026-06-15T17:22:00+05:30,cty_718f03c7,,nl_text,0,active,2026-06-10T10:00:00+05:30,2026-08-18T10:00:00+05:30
exp_737c56bc,trp_8cceaae7,usr_32a5a217,accommodation,Guide tip,2012.60,INR,2012.60,INR,2026-11-17,2026-11-23T18:01:00+05:30,cty_0d9ab6ff,,manual,0,active,2026-05-03T10:00:00+05:30,2026-08-18T10:00:00+05:30
exp_a343843a,trp_f9407f9b,usr_98a69060,food,Coffee and snacks,1377.21,INR,1377.21,INR,2026-08-01,2026-05-09T13:48:00+05:30,cty_34bbfdfe,,manual,0,active,2026-07-16T10:00:00+05:30,2026-08-18T10:00:00+05:30
exp_cd543f43,trp_afb42eab,usr_228f37bd,accommodation,Coffee and snacks,1773.37,INR,1773.37,INR,2026-11-17,2026-11-25T21:56:00+05:30,cty_c07454f1,,manual,0,active,2026-05-18T10:00:00+05:30,2026-08-18T10:00:00+05:30
exp_9b6ba144,trp_223d5f10,usr_28c5ee24,food,Laundry,1555.33,NPR,3468.50,LKR,2026-09-18,2026-09-16T15:08:00+05:30,cty_95d040d8,,nl_text,0,active,2026-05-12T10:00:00+05:30,2026-08-18T10:00:00+05:30
exp_b3e9245f,trp_1958f050,usr_326aed9f,transport,Museum tickets,1303.09,NPR,1303.09,INR,2026-08-01,2026-07-04T07:37:00+05:30,,,manual,0,active,2026-07-25T10:00:00+05:30,2026-08-18T10:00:00+05:30
exp_ca5bed02,trp_3173cbf9,usr_7101a5b5,activities,Airport taxi,4.20,CHF,4.20,INR,2026-08-01,2026-07-13T22:21:00+05:30,cty_0b7f5985,,nl_text,1,active,2026-04-22T10:00:00+05:30,2026-08-18T10:00:00+05:30
exp_1a0aa083,trp_835b8b9f,usr_aef2650b,accommodation,Souvenirs,3131.94,INR,3131.94,INR,2026-11-17,2026-12-07T21:20:00+05:30,cty_32e8e65c,,manual,1,active,2026-04-23T10:00:00+05:30,2026-08-18T10:00:00+05:30
exp_0c45ea75,trp_f2bf08e7,usr_160064ff,accommodation,Museum tickets,3148.08,INR,3148.08,INR,2026-11-17,2026-11-16T18:44:00+05:30,cty_ab50efee,,manual,0,active,2026-05-12T10:00:00+05:30,2026-08-18T10:00:00+05:30
exp_3a0603a2,trp_2f814928,usr_2b7e8931,shopping,Souvenirs,1638.88,INR,1638.88,INR,2026-11-11,2026-11-13T10:18:00+05:30,cty_8b6b1652,,manual,1,active,2026-04-21T10:00:00+05:30,2026-08-18T10:00:00+05:30
exp_4bc5f70b,trp_4c256d1e,usr_da6b9625,activities,Guide tip,1709.41,INR,706.45,THB,2026-08-01,2026-06-05T20:59:00+05:30,cty_0d062a51,,manual,1,active,2026-05-01T10:00:00+05:30,2026-08-18T10:00:00+05:30
exp_c544b19b,trp_e6cd4e0f,usr_ce9ee3ae,shopping,Two nights,2573.88,INR,2573.88,INR,2026-08-01,2026-06-29T12:03:00+05:30,cty_0d062a51,,manual,1,active,2026-04-26T10:00:00+05:30,2026-08-18T10:00:00+05:30
exp_ce885740,trp_8ec37f48,usr_13fe39d3,shopping,Boat ride,1229.32,INR,1229.32,INR,2026-11-17,2026-11-24T17:56:00+05:30,cty_f288c6a0,,manual,1,active,2026-07-22T10:00:00+05:30,2026-08-18T10:00:00+05:30
exp_888cc440,trp_be19b00c,usr_b0226153,food,Boat ride,455.34,INR,455.34,INR,2026-11-05,2026-11-08T17:07:00+05:30,cty_b6ccbb3b,,manual,0,active,2026-07-25T10:00:00+05:30,2026-08-18T10:00:00+05:30
exp_bf6e4ba6,trp_4c256d1e,usr_693c20b9,transport,Museum tickets,1314.74,INR,543.34,THB,2026-08-01,2026-06-05T18:16:00+05:30,cty_0d062a51,,manual,0,active,2026-04-01T10:00:00+05:30,2026-08-18T10:00:00+05:30
exp_8317f97b,trp_ecb44c64,usr_b2323a23,accommodation,Guide tip,9449.52,INR,9449.52,INR,2026-08-01,2026-07-18T11:15:00+05:30,cty_67ee7f6f,,manual,0,active,2026-07-09T10:00:00+05:30,2026-08-18T10:00:00+05:30
exp_19ffa388,trp_08207645,usr_7b318031,misc,Museum tickets,665.25,BTN,665.25,BTN,2026-11-17,2026-11-29T08:27:00+05:30,cty_32e8e65c,,nl_text,1,active,2026-05-12T10:00:00+05:30,2026-08-18T10:00:00+05:30
exp_eb988299,trp_92b064f2,usr_c659e4bf,fees,Laundry,280.45,INR,53563.06,IDR,2026-08-01,2026-06-10T22:48:00+05:30,cty_10cbee86,,manual,1,active,2026-05-17T10:00:00+05:30,2026-08-18T10:00:00+05:30
exp_4ff94cfb,trp_2342ddcb,usr_34d33978,accommodation,Laundry,11118.86,NPR,11118.86,INR,2026-08-01,2026-07-05T08:44:00+05:30,cty_c0f2d9de,,manual,0,active,2026-07-16T10:00:00+05:30,2026-08-18T10:00:00+05:30
exp_fa3bd9af,trp_cdcc78b4,usr_c94b68cc,transport,Auto to the fort,1679.62,INR,1679.62,INR,2026-08-01,2026-05-20T14:29:00+05:30,cty_0b92e2e7,,nl_text,1,active,2026-07-29T10:00:00+05:30,2026-08-18T10:00:00+05:30
exp_1967c59b,trp_8e052cdf,usr_74ed32ff,transport,Auto to the fort,1769.14,INR,1769.14,INR,2026-08-01,2026-05-15T10:17:00+05:30,cty_c43cfa94,,manual,0,active,2026-08-03T10:00:00+05:30,2026-08-18T10:00:00+05:30
exp_2184e5ac,trp_b367a36c,usr_6be041f5,accommodation,Coffee and snacks,7526.95,INR,26193.27,LKR,2026-08-01,2026-07-03T16:16:00+05:30,cty_cf1c6ac5,,manual,0,active,2026-07-12T10:00:00+05:30,2026-08-18T10:00:00+05:30
exp_d4abcae8,trp_cdc63a8d,usr_5b31e64c,accommodation,Laundry,9830.81,INR,9830.81,INR,2026-08-13,2026-08-15T12:28:00+05:30,cty_f288c6a0,,manual,1,active,2026-04-12T10:00:00+05:30,2026-08-18T10:00:00+05:30
exp_1ea92585,trp_f272c28c,usr_8f32fd7a,accommodation,Boat ride,14317.10,LKR,14317.10,LKR,2026-08-01,2026-08-02T21:05:00+05:30,cty_c43cfa94,,manual,0,active,2026-08-04T10:00:00+05:30,2026-08-18T10:00:00+05:30
exp_7d1ac9d2,trp_32136d40,usr_3190040f,activities,Museum tickets,662.87,INR,662.87,INR,2026-08-01,2026-07-31T10:14:00+05:30,cty_aa759717,,manual,1,active,2026-04-17T10:00:00+05:30,2026-08-18T10:00:00+05:30
exp_06437d24,trp_f9b54c2c,usr_1ef037a0,accommodation,Two nights,4410.43,INR,4410.43,INR,2026-11-17,2026-11-24T18:33:00+05:30,cty_0d062a51,,manual,1,active,2026-07-02T10:00:00+05:30,2026-08-18T10:00:00+05:30
exp_9bf73437,trp_b0a35602,usr_02b3a36d,food,Boat ride,280.10,INR,280.10,INR,2026-11-17,2026-12-07T20:43:00+05:30,cty_34bbfdfe,,manual,1,active,2026-07-24T10:00:00+05:30,2026-08-18T10:00:00+05:30
exp_7d27581e,trp_b355e443,usr_48f9bd76,food,Museum tickets,608.01,INR,608.01,INR,2026-10-24,2026-10-27T15:56:00+05:30,cty_0d9ab6ff,,manual,1,active,2026-08-09T10:00:00+05:30,2026-08-18T10:00:00+05:30
exp_f91c9faf,trp_0ab1cb2b,usr_ab49979e,transport,Airport taxi,501.31,INR,501.31,INR,2026-08-01,2026-06-23T07:50:00+05:30,cty_f29656ff,,import,1,active,2026-04-05T10:00:00+05:30,2026-08-18T10:00:00+05:30
exp_b1a91cf5,trp_e4e09b00,usr_17b45921,food,Airport taxi,51.55,AED,12.28,CHF,2026-08-01,2026-07-31T09:23:00+05:30,cty_1ced6ede,,manual,1,active,2026-05-27T10:00:00+05:30,2026-08-18T10:00:00+05:30
exp_5ace02a3,trp_13f532df,usr_664c590c,fees,Museum tickets,243.47,INR,243.47,INR,2026-09-12,2026-09-11T21:06:00+05:30,cty_8fc1539e,,manual,0,active,2026-05-12T10:00:00+05:30,2026-08-18T10:00:00+05:30
exp_12211d6e,trp_74917bfb,usr_d56927f7,food,Dinner,562.14,INR,562.14,INR,2026-08-01,2026-07-12T21:52:00+05:30,cty_10cbee86,,manual,1,active,2026-06-24T10:00:00+05:30,2026-08-18T10:00:00+05:30
exp_58dc2775,trp_4a923b00,usr_ddfd9a4a,accommodation,Dinner,2773.91,INR,2773.91,INR,2026-09-24,2026-09-27T17:28:00+05:30,cty_caf3c1ee,rcp_54ff6c5c,ocr,1,active,2026-06-14T10:00:00+05:30,2026-08-18T10:00:00+05:30
exp_e06eb729,trp_22a4deac,usr_d59d0fa9,accommodation,Airport taxi,4538.51,INR,7167.04,NPR,2026-08-01,2026-06-16T19:41:00+05:30,,,manual,1,active,2026-06-21T10:00:00+05:30,2026-08-18T10:00:00+05:30
exp_6db02fd6,trp_0ea3db93,usr_1cec1f14,transport,Two nights,996.39,INR,996.39,INR,2026-10-30,2026-11-02T22:55:00+05:30,cty_9327d518,,manual,0,active,2026-05-26T10:00:00+05:30,2026-08-18T10:00:00+05:30
exp_ba23709f,trp_57a36f81,usr_aaf1c470,transport,Laundry,336.22,MVR,336.22,MVR,2026-08-01,2026-06-30T09:13:00+05:30,cty_32e8e65c,,manual,1,active,2026-07-31T10:00:00+05:30,2026-08-18T10:00:00+05:30
exp_7ca65bf5,trp_c0c1da94,usr_2aa556d6,transport,Auto to the fort,579.06,INR,579.06,INR,2026-10-12,2026-10-11T16:12:00+05:30,cty_95e7c8ca,,nl_text,0,active,2026-07-18T10:00:00+05:30,2026-08-18T10:00:00+05:30
exp_64a198eb,trp_e16227b5,usr_d1c73fb8,food,Two nights,1504.71,INR,1504.71,INR,2026-10-12,2026-10-11T12:44:00+05:30,cty_b43cdd57,,manual,0,active,2026-06-21T10:00:00+05:30,2026-08-18T10:00:00+05:30
exp_d7bb87e4,trp_6fb32210,usr_e076a69d,accommodation,Laundry,9083.40,INR,9083.40,INR,2026-11-17,2026-11-30T07:08:00+05:30,cty_bbb31d67,,manual,0,active,2026-05-23T10:00:00+05:30,2026-08-18T10:00:00+05:30
exp_6c5df4e6,trp_af330315,usr_f50e2299,transport,Coffee and snacks,2320.43,INR,2320.43,INR,2026-08-07,2026-08-07T16:05:00+05:30,cty_ab50efee,,manual,1,active,2026-05-01T10:00:00+05:30,2026-08-18T10:00:00+05:30
exp_0a638dfb,trp_e0e73f4f,usr_651a4d17,shopping,Boat ride,838.81,INR,838.81,INR,2026-08-01,2026-06-10T22:23:00+05:30,cty_7f673457,,manual,1,active,2026-04-29T10:00:00+05:30,2026-08-18T10:00:00+05:30
exp_eafecb39,trp_79045015,usr_2162d6ff,activities,Boat ride,631.93,THB,631.93,INR,2026-10-18,2026-10-21T16:40:00+05:30,cty_a5f16904,,manual,0,active,2026-08-09T10:00:00+05:30,2026-08-18T10:00:00+05:30
exp_4d4f4684,trp_75c88e52,usr_2e562f89,transport,Boat ride,1948.35,INR,1948.35,INR,2026-08-13,2026-08-11T22:38:00+05:30,cty_34bbfdfe,,manual,0,active,2026-05-26T10:00:00+05:30,2026-08-18T10:00:00+05:30
exp_af750aff,trp_55e4cc10,usr_3c3ae758,food,Museum tickets,57.88,MYR,57.88,INR,2026-09-30,2026-10-01T19:15:00+05:30,cty_c9f34ba7,,nl_text,1,active,2026-08-05T10:00:00+05:30,2026-08-18T10:00:00+05:30
exp_72065672,trp_997cc8cc,usr_6d4dd52b,accommodation,Dinner,13563.49,NPR,1560.68,MVR,2026-10-24,2026-10-25T12:20:00+05:30,cty_95d040d8,,nl_text,0,active,2026-06-26T10:00:00+05:30,2026-08-18T10:00:00+05:30
exp_1b8a5b85,trp_7a5e7bd8,usr_e94f06ca,transport,Laundry,2215.50,INR,2215.50,INR,2026-08-01,2026-07-11T15:17:00+05:30,cty_f8b75f8e,,manual,0,active,2026-07-01T10:00:00+05:30,2026-08-18T10:00:00+05:30
exp_2d280483,trp_4a6fffa7,usr_acb4c4ba,fees,Coffee and snacks,665.77,INR,665.77,INR,2026-11-17,2026-11-27T11:30:00+05:30,cty_7be8559f,,nl_text,0,active,2026-07-13T10:00:00+05:30,2026-08-18T10:00:00+05:30
exp_532b2db3,trp_d98bd293,usr_d8024b62,fees,Airport taxi,557.87,INR,557.87,INR,2026-08-01,2026-07-10T19:32:00+05:30,cty_cf1c6ac5,,import,0,active,2026-05-29T10:00:00+05:30,2026-08-18T10:00:00+05:30
exp_f5e5cc65,trp_73c65d38,usr_41431693,accommodation,Dinner,6126.99,NPR,6126.99,NPR,2026-08-01,2026-05-19T14:31:00+05:30,cty_1ced6ede,,manual,0,active,2026-05-02T10:00:00+05:30,2026-08-18T10:00:00+05:30
exp_13c535b7,trp_a9612ee9,usr_61ab0eaf,accommodation,Auto to the fort,9557.93,INR,9557.93,INR,2026-08-01,2026-07-26T19:33:00+05:30,cty_17b8ef2f,,manual,1,active,2026-03-22T10:00:00+05:30,2026-08-18T10:00:00+05:30
exp_a252268a,trp_8a12a715,usr_64eaee79,accommodation,Dinner,3266.84,INR,3266.84,INR,2026-10-24,2026-10-23T14:53:00+05:30,cty_5d572c8a,,manual,1,active,2026-03-27T10:00:00+05:30,2026-08-18T10:00:00+05:30
exp_36ec7b4d,trp_84855866,usr_56e18e71,food,Airport taxi,1270.59,INR,1270.59,INR,2026-08-31,2026-08-30T08:12:00+05:30,cty_17b8ef2f,rcp_4afb38bc,ocr,0,active,2026-08-07T10:00:00+05:30,2026-08-18T10:00:00+05:30
exp_9c40bd5d,trp_6d961db4,usr_fd8f7b49,fees,Auto to the fort,326.12,INR,326.12,INR,2026-08-01,2026-07-20T08:55:00+05:30,cty_7f673457,,manual,0,active,2026-05-05T10:00:00+05:30,2026-08-18T10:00:00+05:30
exp_47c1f13b,trp_fefb6d73,usr_4b9412c5,misc,Museum tickets,741.64,INR,741.64,INR,2026-08-07,2026-08-10T08:07:00+05:30,cty_0d9ab6ff,,manual,1,active,2026-07-28T10:00:00+05:30,2026-08-18T10:00:00+05:30
exp_35b59cd0,trp_0d9ed6f6,usr_525b1d3c,food,Museum tickets,1505.96,INR,1505.96,INR,2026-08-01,2026-06-06T09:01:00+05:30,cty_718f03c7,,import,0,active,2026-07-14T10:00:00+05:30,2026-08-18T10:00:00+05:30
exp_854e4e36,trp_25a980cf,usr_2da5bb04,activities,Guide tip,1847.06,INR,3359.05,JPY,2026-09-12,2026-09-13T16:14:00+05:30,cty_f288c6a0,rcp_9bd1efeb,ocr,1,active,2026-03-23T10:00:00+05:30,2026-08-18T10:00:00+05:30
exp_79b00f46,trp_55e4cc10,usr_de458aa5,transport,Guide tip,120.97,MYR,120.97,INR,2026-09-30,2026-09-30T07:33:00+05:30,cty_c9f34ba7,,import,0,active,2026-07-10T10:00:00+05:30,2026-08-18T10:00:00+05:30
exp_af6adf9d,trp_9a841c7e,usr_7f6d27fe,transport,Guide tip,607.36,INR,9.63,SGD,2026-08-01,2026-05-25T15:55:00+05:30,cty_ab50efee,,manual,0,active,2026-04-19T10:00:00+05:30,2026-08-18T10:00:00+05:30
exp_bab90e10,trp_de13b938,usr_96740172,accommodation,Auto to the fort,5909.57,INR,5909.57,INR,2026-10-24,2026-10-23T18:10:00+05:30,cty_621f4a84,,manual,0,active,2026-07-12T10:00:00+05:30,2026-08-18T10:00:00+05:30
exp_d5407957,trp_cf3635ee,usr_5dec704e,activities,Dinner,887.40,INR,887.40,INR,2026-11-17,2026-12-05T16:55:00+05:30,cty_8fc1539e,,manual,1,active,2026-06-22T10:00:00+05:30,2026-08-18T10:00:00+05:30
exp_3b8f8bf6,trp_7507ac91,usr_2740f754,food,Dinner,887.06,INR,887.06,INR,2026-08-25,2026-08-24T17:22:00+05:30,cty_ccb4fb74,,manual,1,active,2026-08-13T10:00:00+05:30,2026-08-18T10:00:00+05:30
exp_4cdbd2b3,trp_fd4e6af3,usr_35d340e3,accommodation,Guide tip,3440.70,INR,681887.38,IDR,2026-11-17,2026-11-29T22:48:00+05:30,cty_0d9ab6ff,,import,0,active,2026-03-22T10:00:00+05:30,2026-08-18T10:00:00+05:30
exp_7a846fd0,trp_2f330bc2,usr_51983e08,food,Airport taxi,883.30,INR,883.30,INR,2026-11-17,2026-11-22T10:58:00+05:30,cty_43d0a650,,nl_text,1,active,2026-07-01T10:00:00+05:30,2026-08-18T10:00:00+05:30
exp_e1f23508,trp_fdbf106b,usr_3ee2992a,food,Dinner,1078.82,INR,1078.82,INR,2026-08-01,2026-05-06T21:27:00+05:30,cty_caf3c1ee,rcp_fb666326,ocr,0,active,2026-05-06T10:00:00+05:30,2026-08-18T10:00:00+05:30
exp_da1aa4a6,trp_f272c28c,usr_8f32fd7a,food,Auto to the fort,445.74,INR,1551.14,LKR,2026-08-01,2026-08-03T14:27:00+05:30,cty_c43cfa94,,manual,1,active,2026-07-18T10:00:00+05:30,2026-08-18T10:00:00+05:30
exp_cc9c0803,trp_97869c6a,usr_67de0711,food,Airport taxi,750.54,INR,750.54,INR,2026-08-31,2026-09-02T12:30:00+05:30,cty_c0f2d9de,,manual,1,active,2026-06-19T10:00:00+05:30,2026-08-18T10:00:00+05:30
exp_5fd4c98e,trp_e086bae2,usr_ef2f6a43,fees,Dinner,831.98,JPY,831.98,INR,2026-08-01,2026-06-19T15:37:00+05:30,cty_51a149b7,,manual,0,active,2026-07-03T10:00:00+05:30,2026-08-18T10:00:00+05:30
exp_8abee71e,trp_7507ac91,usr_2740f754,transport,Two nights,2116.35,INR,2116.35,INR,2026-08-25,2026-08-24T11:55:00+05:30,cty_ccb4fb74,,manual,0,active,2026-05-12T10:00:00+05:30,2026-08-18T10:00:00+05:30
exp_21f38a0a,trp_3dee7b31,usr_268fdb85,fees,Airport taxi,75.44,MVR,75.44,INR,2026-11-17,2026-11-27T15:15:00+05:30,cty_9aa02925,,manual,1,active,2026-04-30T10:00:00+05:30,2026-08-18T10:00:00+05:30
exp_45aa24f4,trp_627dd5f6,usr_ce38459a,transport,Guide tip,646.25,INR,27.80,QAR,2026-08-01,2026-07-08T10:41:00+05:30,cty_f8b75f8e,,manual,0,active,2026-05-21T10:00:00+05:30,2026-08-18T10:00:00+05:30
exp_6b5d0e41,trp_e5ff1490,usr_14c698db,transport,Dinner,915.12,BTN,915.12,INR,2026-09-30,2026-09-28T14:07:00+05:30,cty_79cbc59b,,manual,1,active,2026-04-28T10:00:00+05:30,2026-08-18T10:00:00+05:30
exp_1bb06fb6,trp_55127690,usr_2de68d4f,food,Airport taxi,680.23,INR,680.23,INR,2026-09-24,2026-09-22T20:23:00+05:30,cty_0d9ab6ff,,manual,0,active,2026-05-21T10:00:00+05:30,2026-08-18T10:00:00+05:30
exp_19cf69ae,trp_7156f558,usr_508f15f0,accommodation,Auto to the fort,8054.17,NPR,221.40,AED,2026-11-17,2026-11-23T14:49:00+05:30,cty_c0f2d9de,,manual,1,active,2026-05-06T10:00:00+05:30,2026-08-18T10:00:00+05:30
exp_8fb7c473,trp_9dfd38b4,usr_da6b9625,accommodation,Two nights,947791.97,IDR,947791.97,INR,2026-10-06,2026-10-06T17:07:00+05:30,cty_36afaa5c,,manual,1,active,2026-05-14T10:00:00+05:30,2026-08-18T10:00:00+05:30
exp_e530d43e,trp_77488f6d,usr_fcd9bdf6,accommodation,Dinner,4090.13,INR,4090.13,INR,2026-08-01,2026-07-07T11:05:00+05:30,cty_c07454f1,,nl_text,0,active,2026-06-11T10:00:00+05:30,2026-08-18T10:00:00+05:30
exp_4a6ef00c,trp_0c34e3f4,usr_b829ab46,transport,Dinner,1442.92,INR,1442.92,INR,2026-08-01,2026-06-07T08:40:00+05:30,cty_c07454f1,,manual,0,active,2026-03-24T10:00:00+05:30,2026-08-18T10:00:00+05:30
exp_721c2777,trp_4eec7794,usr_e6863416,accommodation,Guide tip,2602.36,INR,2602.36,INR,2026-08-01,2026-07-29T18:51:00+05:30,cty_076e8e86,,manual,0,active,2026-04-27T10:00:00+05:30,2026-08-18T10:00:00+05:30
exp_0c1be193,trp_1ceb9811,usr_6e6d6fef,food,Coffee and snacks,949.02,INR,949.02,INR,2026-10-12,2026-10-14T09:09:00+05:30,cty_cfec17b6,,import,1,active,2026-04-10T10:00:00+05:30,2026-08-18T10:00:00+05:30
exp_101c54da,trp_05fa9ee5,usr_0ecee4ac,shopping,Dinner,4460.42,JPY,4460.42,INR,2026-08-31,2026-09-02T19:26:00+05:30,cty_51a149b7,,manual,0,active,2026-07-30T10:00:00+05:30,2026-08-18T10:00:00+05:30
exp_dda93bd9,trp_6dccaaae,usr_b829ab46,accommodation,Dinner,5704.01,INR,5704.01,INR,2026-10-24,2026-10-22T07:45:00+05:30,,,manual,0,active,2026-08-04T10:00:00+05:30,2026-08-18T10:00:00+05:30
exp_86932f1b,trp_bd664180,usr_1805266d,accommodation,Laundry,6819.27,INR,6819.27,INR,2026-10-18,2026-10-17T07:18:00+05:30,cty_d35a9652,rcp_0bfff42c,ocr,1,active,2026-05-27T10:00:00+05:30,2026-08-18T10:00:00+05:30
exp_61e7a0b4,trp_3e1f142c,usr_22e61dad,activities,Guide tip,679.56,INR,679.56,INR,2026-09-12,2026-09-14T11:23:00+05:30,cty_f29656ff,,manual,0,active,2026-04-02T10:00:00+05:30,2026-08-18T10:00:00+05:30
exp_7c2dbac7,trp_b8ab5705,usr_3127972d,shopping,Dinner,2088.77,INR,2088.77,INR,2026-08-01,2026-05-24T12:51:00+05:30,cty_f8b75f8e,,manual,0,active,2026-04-13T10:00:00+05:30,2026-08-18T10:00:00+05:30
exp_91459f87,trp_23669283,usr_240785d4,accommodation,Auto to the fort,2711.52,INR,2711.52,INR,2026-08-01,2026-07-07T16:18:00+05:30,cty_f288c6a0,,manual,0,active,2026-04-30T10:00:00+05:30,2026-08-18T10:00:00+05:30
exp_6e5c2555,trp_e842e287,usr_4794174d,transport,Souvenirs,998.38,INR,998.38,INR,2026-08-25,2026-08-26T20:35:00+05:30,cty_34bbfdfe,,nl_text,1,active,2026-06-24T10:00:00+05:30,2026-08-18T10:00:00+05:30
exp_c146f5d2,trp_f2bf08e7,usr_160064ff,food,Boat ride,304.56,INR,304.56,INR,2026-11-11,2026-11-13T10:56:00+05:30,cty_ab50efee,,manual,1,active,2026-04-06T10:00:00+05:30,2026-08-18T10:00:00+05:30
exp_9b754ceb,trp_a0a40e8a,usr_63d6db20,transport,Boat ride,1430.40,INR,1430.40,INR,2026-09-30,2026-09-29T20:15:00+05:30,,,manual,0,active,2026-04-17T10:00:00+05:30,2026-08-18T10:00:00+05:30
exp_abb4b825,trp_73f84cd3,usr_f855344d,accommodation,Dinner,3908.57,INR,3908.57,INR,2026-09-12,2026-09-14T18:03:00+05:30,cty_0d062a51,,manual,1,active,2026-08-12T10:00:00+05:30,2026-08-18T10:00:00+05:30
exp_8317ce9f,trp_194fb6db,usr_d1a44892,food,Two nights,17.09,MYR,17.09,INR,2026-08-01,2026-05-16T16:52:00+05:30,cty_c9f34ba7,,nl_text,1,active,2026-03-30T10:00:00+05:30,2026-08-18T10:00:00+05:30
exp_c8ef5c92,trp_9656ff69,usr_7faf6134,shopping,Airport taxi,2522.61,INR,2522.61,INR,2026-08-01,2026-05-28T18:28:00+05:30,,,manual,0,active,2026-06-11T10:00:00+05:30,2026-08-18T10:00:00+05:30
exp_617b2f63,trp_1800f567,usr_9181bfe3,shopping,Coffee and snacks,1749.09,INR,78.61,AED,2026-11-11,2026-11-13T17:14:00+05:30,cty_f29656ff,,import,0,active,2026-06-13T10:00:00+05:30,2026-08-18T10:00:00+05:30
exp_90e5ce84,trp_25a980cf,usr_2da5bb04,accommodation,Boat ride,2500.66,INR,4547.69,JPY,2026-09-12,2026-09-14T19:18:00+05:30,cty_f288c6a0,,manual,1,active,2026-07-21T10:00:00+05:30,2026-08-18T10:00:00+05:30
exp_9015fe71,trp_e0e73f4f,usr_62a77a41,transport,Auto to the fort,902.67,INR,902.67,INR,2026-08-01,2026-06-11T19:34:00+05:30,cty_7f673457,,nl_text,0,active,2026-06-20T10:00:00+05:30,2026-08-18T10:00:00+05:30
exp_7da4abbb,trp_7013467c,usr_5bbebfef,food,Dinner,160.05,MVR,160.05,INR,2026-11-17,2026-11-18T19:43:00+05:30,cty_9aa02925,,manual,0,active,2026-05-01T10:00:00+05:30,2026-08-18T10:00:00+05:30
exp_10fb84ff,trp_56eeb108,usr_de5d9e34,activities,Airport taxi,3069.30,NPR,84.37,AED,2026-11-17,2026-11-25T11:19:00+05:30,cty_c0f2d9de,,manual,0,active,2026-05-30T10:00:00+05:30,2026-08-18T10:00:00+05:30
exp_ab2d24ee,trp_1800f567,usr_9181bfe3,accommodation,Two nights,371.32,AED,371.32,AED,2026-11-17,2026-11-16T09:52:00+05:30,cty_f29656ff,,manual,0,active,2026-04-30T10:00:00+05:30,2026-08-18T10:00:00+05:30
exp_67d8f2aa,trp_672c1a74,usr_8eb4e3e7,accommodation,Museum tickets,4367.60,INR,4367.60,INR,2026-08-01,2026-06-01T12:44:00+05:30,cty_8fc1539e,,import,0,active,2026-04-06T10:00:00+05:30,2026-08-18T10:00:00+05:30
exp_962fde7e,trp_76c2a4af,usr_f48b4353,food,Auto to the fort,1464.50,INR,1464.50,INR,2026-11-17,2026-12-03T22:06:00+05:30,cty_c9f34ba7,,manual,0,active,2026-04-01T10:00:00+05:30,2026-08-18T10:00:00+05:30
exp_1b9c0911,trp_dd037e63,usr_b1a4b433,accommodation,Museum tickets,2032.35,INR,2032.35,INR,2026-08-13,2026-08-12T09:50:00+05:30,cty_9327d518,,nl_text,0,active,2026-08-11T10:00:00+05:30,2026-08-18T10:00:00+05:30
exp_80bb9104,trp_0eaece39,usr_22a9ab26,food,Boat ride,541.15,THB,541.15,INR,2026-08-01,2026-06-21T10:46:00+05:30,cty_a5f16904,,import,0,active,2026-07-05T10:00:00+05:30,2026-08-18T10:00:00+05:30
exp_22bced7c,trp_92aba9c1,usr_dce3bc90,food,Airport taxi,1262.92,INR,1262.92,INR,2026-11-17,2026-12-01T20:44:00+05:30,cty_caf3c1ee,,manual,0,active,2026-04-29T10:00:00+05:30,2026-08-18T10:00:00+05:30
exp_bf2b41a2,trp_ecb6fa2a,usr_f50e2299,accommodation,Guide tip,31422.38,LKR,31422.38,INR,2026-08-07,2026-08-08T17:29:00+05:30,cty_009c9fd2,,nl_text,1,active,2026-07-24T10:00:00+05:30,2026-08-18T10:00:00+05:30
exp_7c9b2f0f,trp_a00e9d0f,usr_7edfea3c,transport,Two nights,420.95,INR,84029.23,IDR,2026-11-11,2026-11-10T11:22:00+05:30,cty_aa759717,,manual,0,active,2026-07-19T10:00:00+05:30,2026-08-18T10:00:00+05:30
exp_3b99ab93,trp_73adc9df,usr_1dd8f348,food,Museum tickets,153157.21,IDR,153157.21,INR,2026-08-01,2026-06-01T08:54:00+05:30,cty_36afaa5c,,manual,1,active,2026-05-02T10:00:00+05:30,2026-08-18T10:00:00+05:30
exp_d51d2324,trp_c795bd25,usr_1b4fe68e,accommodation,Boat ride,430.99,AED,34795.00,LKR,2026-08-25,2026-08-25T21:16:00+05:30,cty_1ced6ede,rcp_4a16aa3d,ocr,0,active,2026-08-02T10:00:00+05:30,2026-08-18T10:00:00+05:30
exp_dc7e231f,trp_0f1dfedf,usr_c426b4e1,transport,Laundry,268.74,THB,268.74,INR,2026-11-11,2026-11-09T20:40:00+05:30,cty_a5f16904,,manual,0,active,2026-06-20T10:00:00+05:30,2026-08-18T10:00:00+05:30
exp_f331a953,trp_45a660c5,usr_1f0f9af9,food,Two nights,619.21,INR,619.21,INR,2026-08-01,2026-06-06T13:13:00+05:30,cty_ab50efee,,manual,0,active,2026-07-31T10:00:00+05:30,2026-08-18T10:00:00+05:30
exp_feffd42e,trp_4950beba,usr_053e7434,accommodation,Airport taxi,3436.42,INR,3436.42,INR,2026-08-01,2026-07-21T12:01:00+05:30,cty_a97c33ad,rcp_a97b6555,ocr,0,active,2026-08-12T10:00:00+05:30,2026-08-18T10:00:00+05:30
exp_ad6e6b2f,trp_6dccaaae,usr_b829ab46,activities,Two nights,152999.07,IDR,152999.07,INR,2026-10-24,2026-10-24T17:32:00+05:30,cty_36afaa5c,,manual,1,active,2026-05-09T10:00:00+05:30,2026-08-18T10:00:00+05:30
exp_3700364c,trp_2dbec2dd,usr_e076a69d,food,Souvenirs,593.84,INR,593.84,INR,2026-10-12,2026-10-15T17:29:00+05:30,cty_7be8559f,,manual,0,active,2026-04-27T10:00:00+05:30,2026-08-18T10:00:00+05:30
exp_1c8074b4,trp_ebd8ca83,usr_c010ce3c,activities,Souvenirs,1873.35,INR,1873.35,INR,2026-10-06,2026-10-09T08:13:00+05:30,cty_8fc1539e,,nl_text,0,active,2026-06-16T10:00:00+05:30,2026-08-18T10:00:00+05:30
exp_f3038bc4,trp_d44e94e7,usr_e4f15778,food,Souvenirs,943.88,NPR,943.88,NPR,2026-08-01,2026-06-12T17:58:00+05:30,cty_17b8ef2f,,manual,0,active,2026-05-01T10:00:00+05:30,2026-08-18T10:00:00+05:30
exp_eb26a8cd,trp_4567900f,usr_e94f06ca,accommodation,Boat ride,269.88,AED,269.88,INR,2026-08-01,2026-05-13T11:44:00+05:30,cty_7b89639e,,nl_text,0,active,2026-08-12T10:00:00+05:30,2026-08-18T10:00:00+05:30
exp_38214feb,trp_ca70f1c6,usr_b50df034,food,Museum tickets,1264.10,INR,1264.10,INR,2026-11-17,2026-12-04T17:02:00+05:30,cty_aa759717,rcp_0fe36cb1,ocr,1,active,2026-04-04T10:00:00+05:30,2026-08-18T10:00:00+05:30
exp_58066595,trp_7aed1147,usr_76c235d5,shopping,Boat ride,2527.03,INR,2527.03,INR,2026-10-30,2026-11-02T13:16:00+05:30,cty_3503e391,rcp_1a702361,ocr,0,active,2026-06-10T10:00:00+05:30,2026-08-18T10:00:00+05:30
exp_425df6a4,trp_566e3eb3,usr_bc4a9809,food,Two nights,487.67,THB,487.67,INR,2026-09-30,2026-09-29T15:53:00+05:30,cty_a5f16904,,manual,0,active,2026-06-03T10:00:00+05:30,2026-08-18T10:00:00+05:30
exp_20dfb825,trp_79d0c6ca,usr_25e8a118,transport,Souvenirs,217.04,THB,5.41,CHF,2026-10-30,2026-10-29T17:54:00+05:30,cty_a5f16904,,manual,0,active,2026-07-31T10:00:00+05:30,2026-08-18T10:00:00+05:30
exp_117caa33,trp_cdb13358,usr_5d8450f0,food,Two nights,391.37,THB,391.37,THB,2026-08-01,2026-05-28T22:23:00+05:30,cty_7cb0b529,,nl_text,1,active,2026-07-16T10:00:00+05:30,2026-08-18T10:00:00+05:30
exp_77969a4a,trp_43aa1b9f,usr_1cfaf7a0,accommodation,Souvenirs,2505.11,NPR,2505.11,INR,2026-10-06,2026-10-09T20:34:00+05:30,cty_c0f2d9de,,manual,0,active,2026-07-23T10:00:00+05:30,2026-08-18T10:00:00+05:30
exp_75ed0a2a,trp_0e4ac002,usr_54e4f5fd,activities,Airport taxi,1751.78,INR,1751.78,INR,2026-11-17,2026-12-10T10:25:00+05:30,cty_bbb31d67,,manual,1,active,2026-08-04T10:00:00+05:30,2026-08-18T10:00:00+05:30
exp_cd99d21e,trp_1a355cfe,usr_b3f2baa1,accommodation,Souvenirs,1350.77,MVR,1350.77,INR,2026-08-01,2026-07-06T07:22:00+05:30,cty_9aa02925,,manual,0,active,2026-04-19T10:00:00+05:30,2026-08-18T10:00:00+05:30
exp_aca08fea,trp_c39c8f75,usr_0f63f4f1,accommodation,Two nights,16.20,CHF,16.20,INR,2026-08-01,2026-05-10T18:45:00+05:30,cty_0b7f5985,,manual,0,active,2026-07-04T10:00:00+05:30,2026-08-18T10:00:00+05:30
exp_517850bf,trp_2e6bf66f,usr_1b4fe68e,accommodation,Boat ride,15706.25,LKR,15706.25,LKR,2026-08-19,2026-08-21T14:30:00+05:30,cty_8b6b1652,,manual,0,active,2026-03-22T10:00:00+05:30,2026-08-18T10:00:00+05:30
exp_3e2ef9b0,trp_534769b0,usr_c659e4bf,accommodation,Boat ride,5362.14,INR,5362.14,INR,2026-08-01,2026-05-23T20:24:00+05:30,cty_f29656ff,,import,1,active,2026-06-18T10:00:00+05:30,2026-08-18T10:00:00+05:30
exp_092488dd,trp_e8bed4a6,usr_32f091df,activities,Airport taxi,847.40,INR,847.40,INR,2026-08-01,2026-05-19T18:50:00+05:30,cty_7cb0b529,,manual,1,active,2026-05-04T10:00:00+05:30,2026-08-18T10:00:00+05:30
exp_9d74e70b,trp_9af6e7d4,usr_e7b2dd09,accommodation,Laundry,2802.61,INR,2802.61,INR,2026-08-01,2026-06-10T09:25:00+05:30,cty_f288c6a0,,manual,0,active,2026-08-06T10:00:00+05:30,2026-08-18T10:00:00+05:30
exp_b8c4bbc8,trp_8080637f,usr_893bfbd9,activities,Two nights,41.40,QAR,41.40,QAR,2026-08-01,2026-05-20T16:17:00+05:30,cty_c97e6cd5,,import,1,active,2026-04-29T10:00:00+05:30,2026-08-18T10:00:00+05:30
exp_8473eb1f,trp_61372035,usr_b0226153,shopping,Two nights,10257.19,LKR,10257.19,INR,2026-08-01,2026-07-17T13:30:00+05:30,,,nl_text,0,active,2026-04-27T10:00:00+05:30,2026-08-18T10:00:00+05:30
exp_ce219338,trp_cafb851c,usr_be4ecc52,food,Airport taxi,726.01,INR,726.01,INR,2026-10-18,2026-10-20T18:43:00+05:30,cty_51a149b7,,import,1,active,2026-08-16T10:00:00+05:30,2026-08-18T10:00:00+05:30
exp_599d21bf,trp_f9ef6a50,usr_ddcb196c,transport,Museum tickets,1876.39,INR,1876.39,INR,2026-08-01,2026-06-14T16:19:00+05:30,cty_718f03c7,,manual,0,active,2026-05-14T10:00:00+05:30,2026-08-18T10:00:00+05:30
exp_65089d62,trp_0ab1cb2b,usr_ab49979e,fees,Auto to the fort,666.54,INR,666.54,INR,2026-08-01,2026-06-25T19:30:00+05:30,cty_f29656ff,,manual,0,active,2026-08-09T10:00:00+05:30,2026-08-18T10:00:00+05:30
exp_d7e2a63e,trp_5b79ffd1,usr_8ff59c1a,food,Guide tip,1344.53,INR,1344.53,INR,2026-11-17,2026-12-05T13:49:00+05:30,cty_d401ef6b,,manual,0,active,2026-06-23T10:00:00+05:30,2026-08-18T10:00:00+05:30
exp_c158e6a9,trp_026533d5,usr_ddfa0cd0,food,Dinner,1327.06,LKR,1327.06,LKR,2026-08-31,2026-09-01T21:21:00+05:30,cty_1ced6ede,rcp_7b322177,ocr,0,active,2026-04-01T10:00:00+05:30,2026-08-18T10:00:00+05:30
exp_62339775,trp_cb0bf61d,usr_c538bbe8,activities,Guide tip,1002.91,INR,1002.91,INR,2026-08-19,2026-08-20T13:00:00+05:30,cty_828a7777,,manual,0,active,2026-06-01T10:00:00+05:30,2026-08-18T10:00:00+05:30
exp_3443a171,trp_92aba9c1,usr_dce3bc90,accommodation,Auto to the fort,4357.19,INR,4357.19,INR,2026-11-17,2026-11-30T07:07:00+05:30,cty_caf3c1ee,,nl_text,0,active,2026-05-25T10:00:00+05:30,2026-08-18T10:00:00+05:30
exp_65eaf007,trp_d0565c09,usr_e2ca58e8,accommodation,Guide tip,2145.75,THB,2145.75,INR,2026-10-06,2026-10-07T19:46:00+05:30,cty_a5f16904,,import,0,active,2026-05-27T10:00:00+05:30,2026-08-18T10:00:00+05:30
exp_dbf3d54d,trp_bd724666,usr_c749abe0,food,Guide tip,1271.36,INR,68.65,MYR,2026-09-18,2026-09-17T12:11:00+05:30,cty_d4f5e3a5,,manual,1,active,2026-07-23T10:00:00+05:30,2026-08-18T10:00:00+05:30
exp_e81dcc54,trp_634a2f2f,usr_91afdeed,food,Guide tip,1348.62,INR,1348.62,INR,2026-11-17,2026-11-15T20:48:00+05:30,cty_ccb4fb74,,manual,0,active,2026-04-05T10:00:00+05:30,2026-08-18T10:00:00+05:30
exp_4d670838,trp_844f6374,usr_5c20b1bf,activities,Auto to the fort,1249.95,INR,1249.95,INR,2026-10-30,2026-11-02T07:26:00+05:30,cty_5698a7ab,,nl_text,0,active,2026-06-14T10:00:00+05:30,2026-08-18T10:00:00+05:30
exp_da29ce0b,trp_7f4c80ca,usr_50bced56,food,Laundry,627.34,INR,627.34,INR,2026-08-01,2026-06-07T13:42:00+05:30,cty_d4f5e3a5,,manual,0,active,2026-06-29T10:00:00+05:30,2026-08-18T10:00:00+05:30
exp_de40a469,trp_aebbbd34,usr_8eb4e3e7,shopping,Auto to the fort,1008.63,THB,1008.63,INR,2026-10-30,2026-10-28T08:26:00+05:30,cty_a5f16904,rcp_d239ad83,ocr,0,active,2026-07-09T10:00:00+05:30,2026-08-18T10:00:00+05:30
exp_ef2ca4a1,trp_ebe52e65,usr_05fc06c6,accommodation,Souvenirs,2580.13,INR,2580.13,INR,2026-08-01,2026-07-23T15:35:00+05:30,cty_621f4a84,,manual,1,active,2026-05-14T10:00:00+05:30,2026-08-18T10:00:00+05:30
exp_d2157eb1,trp_0e4ac002,usr_54e4f5fd,food,Airport taxi,360.53,INR,360.53,INR,2026-11-17,2026-12-03T20:31:00+05:30,cty_bbb31d67,,manual,1,active,2026-08-17T10:00:00+05:30,2026-08-18T10:00:00+05:30
exp_ba13c7e6,trp_19bd0b98,usr_5dec704e,food,Souvenirs,576.64,INR,576.64,INR,2026-08-01,2026-07-01T11:46:00+05:30,cty_d35a9652,,manual,1,active,2026-04-13T10:00:00+05:30,2026-08-18T10:00:00+05:30
exp_f6d16b2c,trp_13f532df,usr_beed67f9,food,Coffee and snacks,1451.36,INR,1451.36,INR,2026-09-12,2026-09-11T07:06:00+05:30,cty_8fc1539e,,manual,0,active,2026-08-09T10:00:00+05:30,2026-08-18T10:00:00+05:30
exp_03d25932,trp_604a54fd,usr_76c235d5,food,Coffee and snacks,1142.17,INR,1142.17,INR,2026-08-31,2026-09-01T07:29:00+05:30,cty_a97c33ad,,manual,0,active,2026-06-03T10:00:00+05:30,2026-08-18T10:00:00+05:30
exp_af85bd7b,trp_7a5e7bd8,usr_e94f06ca,accommodation,Auto to the fort,9705.44,INR,9705.44,INR,2026-08-01,2026-07-15T08:28:00+05:30,cty_f8b75f8e,,manual,0,active,2026-07-26T10:00:00+05:30,2026-08-18T10:00:00+05:30
exp_a1dcba28,trp_a0b8b8af,usr_8e89346c,activities,Museum tickets,6015.10,LKR,6015.10,INR,2026-11-17,2026-11-18T18:20:00+05:30,cty_009c9fd2,,manual,1,active,2026-05-14T10:00:00+05:30,2026-08-18T10:00:00+05:30
exp_8a8ac569,trp_7fe2e631,usr_4794174d,food,Laundry,43.23,AED,43.23,INR,2026-08-01,2026-06-25T17:00:00+05:30,cty_1ced6ede,,nl_text,1,active,2026-06-19T10:00:00+05:30,2026-08-18T10:00:00+05:30
exp_984b8d5f,trp_3a5885a5,usr_5385053d,transport,Two nights,1037.38,INR,1037.38,INR,2026-10-06,2026-10-05T18:20:00+05:30,cty_9327d518,,manual,0,active,2026-05-18T10:00:00+05:30,2026-08-18T10:00:00+05:30
exp_daf9136d,trp_ab7c6472,usr_569f1f22,fees,Coffee and snacks,129.89,INR,205.12,NPR,2026-08-01,2026-05-26T14:10:00+05:30,cty_95e7c8ca,,nl_text,0,active,2026-04-09T10:00:00+05:30,2026-08-18T10:00:00+05:30
exp_d893fc49,trp_ebe52e65,usr_f52d271a,transport,Coffee and snacks,953.18,INR,953.18,INR,2026-08-01,2026-07-22T15:30:00+05:30,cty_621f4a84,,import,0,active,2026-07-08T10:00:00+05:30,2026-08-18T10:00:00+05:30
exp_1321db4a,trp_95715c8a,usr_0dc99bd5,fees,Coffee and snacks,410.57,INR,410.57,INR,2026-08-01,2026-05-23T17:07:00+05:30,cty_f29656ff,rcp_5ec9a491,ocr,0,active,2026-06-28T10:00:00+05:30,2026-08-18T10:00:00+05:30
exp_d6356326,trp_d128a566,usr_e1d938d9,transport,Laundry,2148.14,INR,2148.14,INR,2026-10-24,2026-10-25T21:18:00+05:30,cty_43d0a650,rcp_dc637249,ocr,1,active,2026-05-16T10:00:00+05:30,2026-08-18T10:00:00+05:30
exp_f8b1e338,trp_ddc1ac3a,usr_969a0636,food,Laundry,1506.40,INR,1506.40,INR,2026-08-01,2026-05-12T11:14:00+05:30,cty_5d572c8a,,import,1,active,2026-04-07T10:00:00+05:30,2026-08-18T10:00:00+05:30
exp_2ac739bc,trp_0e7cf08e,usr_4e0c977f,misc,Guide tip,1970.30,LKR,1970.30,INR,2026-11-05,2026-11-03T18:48:00+05:30,cty_009c9fd2,,manual,1,active,2026-08-13T10:00:00+05:30,2026-08-18T10:00:00+05:30
exp_9b219ff1,trp_f272c28c,usr_8f32fd7a,food,Airport taxi,1544.41,INR,5374.44,LKR,2026-08-01,2026-08-01T16:12:00+05:30,cty_c43cfa94,rcp_e47f0232,ocr,1,active,2026-04-04T10:00:00+05:30,2026-08-18T10:00:00+05:30
exp_f34dd13d,trp_0629deb2,usr_5307f01f,activities,Coffee and snacks,850.28,INR,850.28,INR,2026-09-30,2026-09-28T19:04:00+05:30,,,nl_text,0,active,2026-05-01T10:00:00+05:30,2026-08-18T10:00:00+05:30
exp_e0e459b9,trp_77576097,usr_7faf6134,transport,Laundry,1993.75,INR,7245.03,LKR,2026-11-17,2026-12-04T10:47:00+05:30,cty_17b8ef2f,,manual,0,active,2026-08-06T10:00:00+05:30,2026-08-18T10:00:00+05:30
exp_c72c4915,trp_cdcc78b4,usr_d8ec0000,accommodation,Souvenirs,4771.87,INR,4771.87,INR,2026-08-01,2026-05-21T07:35:00+05:30,cty_0b92e2e7,,manual,0,active,2026-08-06T10:00:00+05:30,2026-08-18T10:00:00+05:30
exp_47e6baa0,trp_d04f7574,usr_9115fc7c,transport,Auto to the fort,1974.40,INR,1974.40,INR,2026-08-01,2026-06-03T12:58:00+05:30,cty_f288c6a0,rcp_dd97a63d,ocr,0,active,2026-06-12T10:00:00+05:30,2026-08-18T10:00:00+05:30
exp_a790fd91,trp_603a2836,usr_b831f448,food,Dinner,278.07,INR,278.07,INR,2026-08-01,2026-05-29T15:24:00+05:30,cty_7be8559f,,manual,0,active,2026-04-01T10:00:00+05:30,2026-08-18T10:00:00+05:30
exp_04fd26ea,trp_adec5721,usr_61710d50,transport,Boat ride,1006.73,INR,16.10,SGD,2026-08-19,2026-08-20T22:06:00+05:30,cty_b6ccbb3b,,manual,0,active,2026-05-06T10:00:00+05:30,2026-08-18T10:00:00+05:30
exp_72389854,trp_5a3f0c25,usr_12f95c97,activities,Souvenirs,1675.77,INR,1675.77,INR,2026-09-18,2026-09-17T21:06:00+05:30,cty_10cbee86,,nl_text,0,active,2026-06-01T10:00:00+05:30,2026-08-18T10:00:00+05:30
exp_717f11b9,trp_ecb44c64,usr_b2323a23,activities,Guide tip,1518.10,INR,1518.10,INR,2026-08-01,2026-07-17T16:26:00+05:30,,,manual,0,active,2026-05-07T10:00:00+05:30,2026-08-18T10:00:00+05:30
exp_005a0c9c,trp_b367a36c,usr_6be041f5,transport,Souvenirs,1779.95,INR,6194.10,LKR,2026-08-01,2026-07-05T13:13:00+05:30,cty_cf1c6ac5,,manual,0,active,2026-04-10T10:00:00+05:30,2026-08-18T10:00:00+05:30
exp_a74e303a,trp_bcc3e676,usr_76c235d5,accommodation,Museum tickets,2595.05,INR,2595.05,INR,2026-09-06,2026-09-06T13:54:00+05:30,cty_cfec17b6,,nl_text,0,active,2026-05-17T10:00:00+05:30,2026-08-18T10:00:00+05:30
exp_6b2450f4,trp_f25ef2fa,usr_c010ce3c,food,Guide tip,79.95,MYR,79.95,INR,2026-11-05,2026-11-04T21:16:00+05:30,cty_c9f34ba7,,nl_text,0,active,2026-04-13T10:00:00+05:30,2026-08-18T10:00:00+05:30
exp_79ccaed2,trp_fd4e6af3,usr_35d340e3,accommodation,Souvenirs,2304.30,INR,456672.51,IDR,2026-11-17,2026-11-28T12:58:00+05:30,cty_0d9ab6ff,,nl_text,0,active,2026-06-25T10:00:00+05:30,2026-08-18T10:00:00+05:30
exp_33f86058,trp_0c34e3f4,usr_b829ab46,accommodation,Dinner,3798.15,INR,3798.15,INR,2026-08-01,2026-06-13T20:00:00+05:30,cty_c07454f1,,manual,0,active,2026-04-14T10:00:00+05:30,2026-08-18T10:00:00+05:30
exp_5ec8d8c9,trp_22d088b8,usr_72818c78,fees,Coffee and snacks,363.97,INR,363.97,INR,2026-08-01,2026-07-15T13:46:00+05:30,,,manual,0,active,2026-04-03T10:00:00+05:30,2026-08-18T10:00:00+05:30
exp_c9c89fab,trp_22fefa8b,usr_29fdaeb0,food,Museum tickets,1278.62,INR,1278.62,INR,2026-08-31,2026-08-29T22:13:00+05:30,cty_590d4b7b,,import,0,active,2026-07-19T10:00:00+05:30,2026-08-18T10:00:00+05:30
exp_49bd1bd8,trp_13423f49,usr_fbf7ac58,transport,Boat ride,2040.08,INR,7099.34,LKR,2026-08-01,2026-06-19T20:06:00+05:30,cty_d35a9652,,manual,0,active,2026-05-19T10:00:00+05:30,2026-08-18T10:00:00+05:30
exp_9f81ec16,trp_876b6bd2,usr_4f00071d,food,Museum tickets,831.13,INR,35.76,QAR,2026-08-01,2026-05-15T22:39:00+05:30,cty_f29656ff,,nl_text,0,active,2026-07-15T10:00:00+05:30,2026-08-18T10:00:00+05:30
exp_c50c3747,trp_feb381e2,usr_e9e3f281,accommodation,Dinner,3042.14,INR,3042.14,INR,2026-10-06,2026-10-09T20:06:00+05:30,cty_d4f5e3a5,,manual,0,active,2026-07-02T10:00:00+05:30,2026-08-18T10:00:00+05:30
exp_4e698355,trp_4e648420,usr_dc1bd238,shopping,Airport taxi,2503.84,INR,2503.84,INR,2026-08-13,2026-08-14T17:49:00+05:30,cty_b43cdd57,,manual,0,active,2026-07-02T10:00:00+05:30,2026-08-18T10:00:00+05:30
exp_37329fc1,trp_77e61eba,usr_050830ac,transport,Guide tip,2205.81,INR,2205.81,INR,2026-10-18,2026-10-20T17:19:00+05:30,cty_f8b75f8e,,nl_text,1,active,2026-07-05T10:00:00+05:30,2026-08-18T10:00:00+05:30
exp_610cab46,trp_b14214a6,usr_8f81432c,accommodation,Coffee and snacks,2215.17,INR,2215.17,INR,2026-11-17,2026-11-18T10:20:00+05:30,cty_95e7c8ca,,manual,0,active,2026-06-16T10:00:00+05:30,2026-08-18T10:00:00+05:30
exp_ec41ad19,trp_61372035,usr_c61e810b,shopping,Museum tickets,1185.56,INR,1185.56,INR,2026-08-01,2026-07-11T07:03:00+05:30,cty_a50bc5dd,,manual,1,active,2026-08-08T10:00:00+05:30,2026-08-18T10:00:00+05:30
exp_272daa8d,trp_026533d5,usr_ddfa0cd0,shopping,Two nights,102.76,AED,8258.48,LKR,2026-08-31,2026-08-31T22:21:00+05:30,cty_1ced6ede,,manual,0,active,2026-04-07T10:00:00+05:30,2026-08-18T10:00:00+05:30
exp_8f3ee397,trp_4950beba,usr_053e7434,transport,Museum tickets,1328.98,INR,1328.98,INR,2026-08-01,2026-07-20T16:08:00+05:30,cty_a97c33ad,,manual,0,active,2026-06-18T10:00:00+05:30,2026-08-18T10:00:00+05:30
exp_3aeea0e7,trp_bab07b17,usr_b6d5d98c,accommodation,Dinner,107.49,QAR,107.49,INR,2026-08-01,2026-06-26T08:13:00+05:30,,,manual,1,active,2026-08-02T10:00:00+05:30,2026-08-18T10:00:00+05:30
exp_37d61289,trp_d275f261,usr_fa851b11,shopping,Laundry,774.43,INR,1441.97,JPY,2026-11-17,2026-11-29T17:41:00+05:30,cty_bbb31d67,,import,1,active,2026-07-08T10:00:00+05:30,2026-08-18T10:00:00+05:30
exp_c4d473aa,trp_8f860be9,usr_81cc2de0,activities,Coffee and snacks,921.09,INR,921.09,INR,2026-10-30,2026-10-29T07:57:00+05:30,cty_7cb0b529,,nl_text,0,active,2026-08-03T10:00:00+05:30,2026-08-18T10:00:00+05:30
exp_316eea2e,trp_7c20b912,usr_2b4223b2,transport,Airport taxi,2104.80,INR,2104.80,INR,2026-08-01,2026-07-17T15:18:00+05:30,cty_d401ef6b,,manual,0,active,2026-08-08T10:00:00+05:30,2026-08-18T10:00:00+05:30
exp_911d95cb,trp_3a3fe157,usr_6c3fae7b,misc,Airport taxi,1019.42,INR,1019.42,INR,2026-08-01,2026-07-11T22:07:00+05:30,cty_10cbee86,,manual,0,active,2026-06-12T10:00:00+05:30,2026-08-18T10:00:00+05:30
exp_0153ca69,trp_4b2dcdb7,usr_5527167d,food,Boat ride,1259.04,INR,1259.04,INR,2026-08-01,2026-07-08T21:21:00+05:30,cty_c43cfa94,,import,1,active,2026-04-30T10:00:00+05:30,2026-08-18T10:00:00+05:30
exp_9f85c030,trp_b367a36c,usr_6be041f5,accommodation,Boat ride,25049.14,LKR,25049.14,LKR,2026-08-01,2026-07-03T10:39:00+05:30,cty_cf1c6ac5,,manual,0,active,2026-06-25T10:00:00+05:30,2026-08-18T10:00:00+05:30
exp_6bcd3d1f,trp_7013467c,usr_5bbebfef,accommodation,Laundry,587.93,MVR,587.93,INR,2026-11-17,2026-11-18T13:42:00+05:30,cty_9aa02925,,manual,0,active,2026-07-05T10:00:00+05:30,2026-08-18T10:00:00+05:30
exp_8163956d,trp_418cd9f5,usr_8659fe93,accommodation,Boat ride,1500.62,MVR,1500.62,INR,2026-11-11,2026-11-14T16:35:00+05:30,cty_9aa02925,,import,0,active,2026-04-04T10:00:00+05:30,2026-08-18T10:00:00+05:30
exp_7a7466b3,trp_1a355cfe,usr_b3f2baa1,transport,Souvenirs,702.44,INR,702.44,INR,2026-08-01,2026-07-07T07:53:00+05:30,cty_9aa02925,,manual,1,active,2026-08-06T10:00:00+05:30,2026-08-18T10:00:00+05:30
exp_5368ec29,trp_3ebf9280,usr_beeb010f,activities,Dinner,10.49,CHF,10.49,CHF,2026-09-24,2026-09-27T19:26:00+05:30,cty_c07454f1,,manual,0,active,2026-04-03T10:00:00+05:30,2026-08-18T10:00:00+05:30
exp_60f048d5,trp_f6a466fb,usr_3127972d,transport,Coffee and snacks,2069.48,INR,2069.48,INR,2026-08-01,2026-06-30T17:59:00+05:30,cty_009c9fd2,,manual,0,active,2026-06-18T10:00:00+05:30,2026-08-18T10:00:00+05:30
exp_de44729e,trp_ca70f1c6,usr_b50df034,accommodation,Dinner,9548.19,INR,9548.19,INR,2026-11-17,2026-12-06T20:04:00+05:30,cty_aa759717,,manual,1,active,2026-03-29T10:00:00+05:30,2026-08-18T10:00:00+05:30
exp_3da8d770,trp_fda57035,usr_72796feb,activities,Guide tip,193266.30,IDR,193266.30,INR,2026-08-01,2026-07-19T16:47:00+05:30,cty_36afaa5c,,import,0,active,2026-05-13T10:00:00+05:30,2026-08-18T10:00:00+05:30
exp_c9635729,trp_940ac1af,usr_3f4f4c52,accommodation,Laundry,1881.59,INR,1881.59,INR,2026-08-25,2026-08-26T22:33:00+05:30,cty_8fc1539e,,nl_text,0,active,2026-06-03T10:00:00+05:30,2026-08-18T10:00:00+05:30
exp_c9baf8b2,trp_4be0ba46,usr_1501196b,activities,Guide tip,513.55,INR,516.69,BTN,2026-09-24,2026-09-22T13:31:00+05:30,cty_cfec17b6,,manual,0,active,2026-07-18T10:00:00+05:30,2026-08-18T10:00:00+05:30
exp_72c8da4c,trp_32a84989,usr_e7b2dd09,food,Coffee and snacks,380.28,INR,380.28,INR,2026-08-01,2026-06-19T10:57:00+05:30,cty_c07454f1,,manual,0,active,2026-06-13T10:00:00+05:30,2026-08-18T10:00:00+05:30
exp_b716bf34,trp_dbe8a03a,usr_62b3f8b8,accommodation,Laundry,1624.64,INR,1624.64,INR,2026-11-17,2026-11-24T20:21:00+05:30,cty_34bbfdfe,,manual,0,active,2026-08-01T10:00:00+05:30,2026-08-18T10:00:00+05:30
exp_34b5b2b1,trp_0ea3db93,usr_1cec1f14,transport,Souvenirs,1324.39,INR,1324.39,INR,2026-10-30,2026-10-28T22:53:00+05:30,cty_9327d518,,manual,0,active,2026-07-20T10:00:00+05:30,2026-08-18T10:00:00+05:30
exp_f8f22cd0,trp_64030cdd,usr_8ddbc4ab,accommodation,Souvenirs,4888.00,INR,4888.00,INR,2026-08-01,2026-07-14T20:15:00+05:30,cty_c43cfa94,,manual,1,active,2026-05-27T10:00:00+05:30,2026-08-18T10:00:00+05:30
exp_0aec9159,trp_9fc37785,usr_42202df5,misc,Auto to the fort,850.73,INR,850.73,INR,2026-08-01,2026-06-06T12:55:00+05:30,cty_5d572c8a,,import,0,active,2026-06-17T10:00:00+05:30,2026-08-18T10:00:00+05:30
exp_9a8c98b0,trp_91d592b2,usr_8d937b9e,accommodation,Auto to the fort,2971.29,INR,2971.29,INR,2026-11-17,2026-12-03T18:49:00+05:30,cty_10cbee86,,manual,0,active,2026-06-20T10:00:00+05:30,2026-08-18T10:00:00+05:30
exp_1e665dc6,trp_3a3fe157,usr_6c3fae7b,misc,Two nights,352.11,INR,352.11,INR,2026-08-01,2026-07-10T16:14:00+05:30,cty_10cbee86,,nl_text,0,active,2026-06-21T10:00:00+05:30,2026-08-18T10:00:00+05:30
exp_259d9012,trp_9eb0f5fe,usr_9694b4a3,misc,Auto to the fort,102.45,THB,102.45,INR,2026-08-07,2026-08-08T07:58:00+05:30,cty_a5f16904,,manual,1,active,2026-08-08T10:00:00+05:30,2026-08-18T10:00:00+05:30
exp_617fa29e,trp_f2bf08e7,usr_9e6dc4d3,food,Laundry,534.05,INR,534.05,INR,2026-11-11,2026-11-13T08:43:00+05:30,cty_ab50efee,rcp_f5b90377,ocr,0,active,2026-07-13T10:00:00+05:30,2026-08-18T10:00:00+05:30
exp_0c540bc7,trp_c4fe9d44,usr_96b84c82,activities,Dinner,649.51,INR,649.51,INR,2026-10-12,2026-10-10T12:45:00+05:30,cty_621f4a84,,manual,1,active,2026-05-04T10:00:00+05:30,2026-08-18T10:00:00+05:30
exp_bd5c31ea,trp_e617ca9d,usr_72dfb712,food,Auto to the fort,1445.33,INR,1445.33,INR,2026-09-24,2026-09-23T10:48:00+05:30,cty_d4f5e3a5,,nl_text,0,active,2026-07-16T10:00:00+05:30,2026-08-18T10:00:00+05:30
exp_eb0081bf,trp_2b1c9a53,usr_96740172,accommodation,Coffee and snacks,6249.38,INR,6249.38,INR,2026-11-17,2026-11-19T17:16:00+05:30,cty_95e7c8ca,,manual,1,active,2026-08-04T10:00:00+05:30,2026-08-18T10:00:00+05:30
exp_9fad2a25,trp_5ac61fd8,usr_a93726c0,food,Laundry,691.42,INR,691.42,INR,2026-08-01,2026-06-23T07:12:00+05:30,cty_718f03c7,,import,0,active,2026-03-28T10:00:00+05:30,2026-08-18T10:00:00+05:30
exp_05cde82b,trp_a090d1f1,usr_1239733b,activities,Coffee and snacks,1656.70,INR,1656.70,INR,2026-08-19,2026-08-22T11:54:00+05:30,cty_cf1c6ac5,,manual,1,active,2026-08-17T10:00:00+05:30,2026-08-18T10:00:00+05:30
exp_18b4dc74,trp_eda7ae24,usr_bedf358a,food,Souvenirs,446.11,INR,446.11,INR,2026-11-11,2026-11-10T21:34:00+05:30,cty_b6ccbb3b,,import,0,active,2026-06-30T10:00:00+05:30,2026-08-18T10:00:00+05:30
exp_b33a7ed9,trp_5df54ac3,usr_4022bd9b,accommodation,Boat ride,4360.07,INR,6885.26,NPR,2026-08-01,2026-07-17T07:49:00+05:30,cty_10cbee86,,nl_text,0,active,2026-04-26T10:00:00+05:30,2026-08-18T10:00:00+05:30
exp_39e4f1c2,trp_f4115fa9,usr_22a9ab26,fees,Museum tickets,7.18,CHF,7.18,INR,2026-09-18,2026-09-20T10:32:00+05:30,cty_0b7f5985,,nl_text,0,active,2026-06-25T10:00:00+05:30,2026-08-18T10:00:00+05:30
exp_7760d1ae,trp_835b8b9f,usr_34d0c50b,activities,Laundry,838.40,INR,838.40,INR,2026-11-17,2026-12-08T20:01:00+05:30,cty_32e8e65c,,manual,1,active,2026-07-31T10:00:00+05:30,2026-08-18T10:00:00+05:30
exp_ffeb556f,trp_d98bd293,usr_d8024b62,transport,Dinner,2230.08,INR,2230.08,INR,2026-08-01,2026-07-10T16:03:00+05:30,cty_cf1c6ac5,,manual,0,active,2026-03-26T10:00:00+05:30,2026-08-18T10:00:00+05:30
exp_b2382f31,trp_c795bd25,usr_1b4fe68e,food,Guide tip,24.17,AED,1951.31,LKR,2026-08-25,2026-08-27T09:11:00+05:30,cty_1ced6ede,,manual,0,active,2026-07-04T10:00:00+05:30,2026-08-18T10:00:00+05:30
exp_141393e0,trp_86a8180b,usr_a25f0129,food,Museum tickets,192.31,MVR,192.31,INR,2026-11-11,2026-11-09T12:15:00+05:30,cty_9aa02925,rcp_9cd3572c,ocr,0,active,2026-03-30T10:00:00+05:30,2026-08-18T10:00:00+05:30
exp_255c1d1b,trp_9a841c7e,usr_7f6d27fe,food,Dinner,12.47,SGD,12.47,SGD,2026-08-01,2026-05-23T20:46:00+05:30,cty_ab50efee,,manual,1,active,2026-06-07T10:00:00+05:30,2026-08-18T10:00:00+05:30
exp_03d3325b,trp_1b20de3f,usr_6c3fae7b,transport,Boat ride,34.28,SGD,34.28,INR,2026-11-17,2026-11-24T12:44:00+05:30,cty_905fd8a1,,nl_text,0,active,2026-06-21T10:00:00+05:30,2026-08-18T10:00:00+05:30
exp_2288529a,trp_223d5f10,usr_28c5ee24,accommodation,Laundry,6287.33,NPR,13917.67,LKR,2026-09-12,2026-09-13T18:24:00+05:30,cty_95d040d8,,nl_text,0,active,2026-06-10T10:00:00+05:30,2026-08-18T10:00:00+05:30
exp_0bbe8446,trp_ce030396,usr_580a5fe8,food,Two nights,985.40,INR,985.40,INR,2026-09-24,2026-09-25T21:13:00+05:30,cty_0d062a51,,nl_text,0,active,2026-07-02T10:00:00+05:30,2026-08-18T10:00:00+05:30
exp_f93232c5,trp_5bb207b2,usr_b96ef58c,food,Museum tickets,931.45,INR,931.45,INR,2026-10-30,2026-10-30T09:18:00+05:30,cty_d4f5e3a5,,manual,0,active,2026-04-24T10:00:00+05:30,2026-08-18T10:00:00+05:30
exp_a16e6451,trp_32bc8fa5,usr_cdc31bd3,transport,Guide tip,665.27,INR,1086.37,NPR,2026-11-17,2026-12-07T07:11:00+05:30,cty_0d9ab6ff,,manual,0,active,2026-04-17T10:00:00+05:30,2026-08-18T10:00:00+05:30
exp_5bbfc5ca,trp_572d4b08,usr_5bbebfef,activities,Museum tickets,453.17,INR,453.17,INR,2026-09-24,2026-09-27T09:30:00+05:30,cty_7f673457,,manual,1,active,2026-07-26T10:00:00+05:30,2026-08-18T10:00:00+05:30
exp_4443997a,trp_4c256d1e,usr_693c20b9,transport,Airport taxi,1978.32,INR,817.58,THB,2026-08-01,2026-06-04T10:08:00+05:30,cty_0d062a51,,manual,1,active,2026-06-18T10:00:00+05:30,2026-08-18T10:00:00+05:30
exp_39dc9db8,trp_9f0fac81,usr_672d3dd6,transport,Souvenirs,3385.09,NPR,7459.58,LKR,2026-08-01,2026-05-29T07:00:00+05:30,cty_c0f2d9de,,nl_text,0,active,2026-03-31T10:00:00+05:30,2026-08-18T10:00:00+05:30
exp_581822b3,trp_7844b321,usr_2b11a6c9,activities,Auto to the fort,1112.67,INR,1112.67,INR,2026-08-01,2026-05-27T16:28:00+05:30,cty_b6ccbb3b,,nl_text,0,active,2026-04-14T10:00:00+05:30,2026-08-18T10:00:00+05:30
exp_9754553b,trp_0050ebc1,usr_824b14a8,food,Laundry,1327.10,INR,1327.10,INR,2026-09-12,2026-09-13T11:14:00+05:30,cty_541018a9,,manual,1,active,2026-06-27T10:00:00+05:30,2026-08-18T10:00:00+05:30
exp_811ec4fb,trp_4b2dcdb7,usr_5527167d,food,Museum tickets,1550.05,INR,1550.05,INR,2026-08-01,2026-07-11T14:50:00+05:30,cty_c43cfa94,,manual,0,active,2026-04-09T10:00:00+05:30,2026-08-18T10:00:00+05:30
exp_3c86056c,trp_0c58e20b,usr_dc1bd238,shopping,Souvenirs,2779.21,INR,2779.21,INR,2026-08-01,2026-05-28T14:52:00+05:30,cty_c07454f1,,manual,1,active,2026-07-11T10:00:00+05:30,2026-08-18T10:00:00+05:30
exp_6f2f6228,trp_d647222e,usr_b5327682,food,Dinner,1200.00,INR,1200.00,INR,2026-08-07,2026-08-07T12:37:00+05:30,cty_7f673457,,nl_text,1,active,2026-06-11T10:00:00+05:30,2026-08-18T10:00:00+05:30
exp_b6d129e9,trp_0e658b9d,usr_3d92578a,accommodation,Two nights,5383.76,INR,5383.76,INR,2026-08-01,2026-06-07T14:42:00+05:30,cty_7cb0b529,,manual,1,active,2026-08-08T10:00:00+05:30,2026-08-18T10:00:00+05:30
exp_f0ab239a,trp_7afc863d,usr_a386ca28,shopping,Guide tip,6662.65,LKR,6662.65,INR,2026-08-01,2026-06-30T09:42:00+05:30,cty_a50bc5dd,,nl_text,0,active,2026-04-29T10:00:00+05:30,2026-08-18T10:00:00+05:30
exp_866c7896,trp_bb5e3651,usr_d56927f7,food,Auto to the fort,672.16,BTN,672.16,INR,2026-11-05,2026-11-06T17:02:00+05:30,cty_79cbc59b,,manual,0,active,2026-05-08T10:00:00+05:30,2026-08-18T10:00:00+05:30
exp_c43c219f,trp_2974df6f,usr_c8025f92,food,Airport taxi,1929.88,JPY,1693.67,NPR,2026-10-30,2026-11-01T07:29:00+05:30,cty_51a149b7,,import,0,active,2026-03-24T10:00:00+05:30,2026-08-18T10:00:00+05:30
exp_022c590a,trp_f996a70f,usr_dabbaf95,accommodation,Museum tickets,4764.89,INR,4764.89,INR,2026-11-17,2026-12-14T14:41:00+05:30,cty_f29656ff,,nl_text,0,active,2026-04-28T10:00:00+05:30,2026-08-18T10:00:00+05:30
exp_33e6c7f7,trp_fa67785b,usr_fae4d064,accommodation,Auto to the fort,2368.10,INR,2368.10,INR,2026-08-01,2026-06-08T16:39:00+05:30,cty_ab50efee,,manual,0,active,2026-06-27T10:00:00+05:30,2026-08-18T10:00:00+05:30
exp_e738acd0,trp_4507663e,usr_05e40dfc,activities,Museum tickets,454.36,INR,454.36,INR,2026-08-01,2026-06-05T21:17:00+05:30,cty_10cbee86,,manual,0,active,2026-03-29T10:00:00+05:30,2026-08-18T10:00:00+05:30
exp_8d7c171a,trp_672c1a74,usr_8eb4e3e7,accommodation,Guide tip,5777.95,INR,5777.95,INR,2026-08-01,2026-05-29T07:37:00+05:30,cty_8fc1539e,,manual,1,active,2026-04-20T10:00:00+05:30,2026-08-18T10:00:00+05:30
exp_15b7a456,trp_ab774ec9,usr_693c20b9,accommodation,Auto to the fort,3813.74,INR,1576.11,THB,2026-08-01,2026-07-12T10:05:00+05:30,cty_67ee7f6f,,manual,0,active,2026-07-06T10:00:00+05:30,2026-08-18T10:00:00+05:30
exp_68bbb062,trp_d7693837,usr_e3b9431c,transport,Laundry,1353.95,INR,1353.95,INR,2026-11-17,2026-11-17T11:38:00+05:30,cty_8b6b1652,,manual,0,active,2026-08-12T10:00:00+05:30,2026-08-18T10:00:00+05:30
exp_391eeb88,trp_fc58b9bd,usr_1c8154b9,accommodation,Souvenirs,9725.97,INR,9725.97,INR,2026-08-01,2026-06-25T16:52:00+05:30,,,import,0,active,2026-06-27T10:00:00+05:30,2026-08-18T10:00:00+05:30
exp_f718e44b,trp_ef522093,usr_ae648c19,activities,Laundry,602.48,THB,602.48,INR,2026-08-19,2026-08-20T12:00:00+05:30,cty_a5f16904,,manual,1,active,2026-06-14T10:00:00+05:30,2026-08-18T10:00:00+05:30
exp_0a46b13c,trp_fad7e244,usr_e851fdeb,accommodation,Two nights,6741.30,INR,6741.30,INR,2026-10-24,2026-10-22T09:46:00+05:30,cty_c97e6cd5,,manual,1,active,2026-03-23T10:00:00+05:30,2026-08-18T10:00:00+05:30
exp_869d7f5d,trp_a00e9d0f,usr_7edfea3c,food,Souvenirs,284.63,INR,56772.85,IDR,2026-11-05,2026-11-08T15:05:00+05:30,cty_aa759717,,manual,0,active,2026-05-30T10:00:00+05:30,2026-08-18T10:00:00+05:30
exp_3fab6eb8,trp_13423f49,usr_c426b4e1,fees,Coffee and snacks,706.81,INR,2459.65,LKR,2026-08-01,2026-06-21T13:46:00+05:30,cty_d35a9652,rcp_0ecf6a9e,ocr,0,active,2026-05-24T10:00:00+05:30,2026-08-18T10:00:00+05:30
exp_43c60821,trp_ebe52e65,usr_05fc06c6,food,Museum tickets,480.79,INR,480.79,INR,2026-08-01,2026-07-20T22:38:00+05:30,cty_621f4a84,,manual,0,active,2026-08-17T10:00:00+05:30,2026-08-18T10:00:00+05:30
exp_078a26f3,trp_e4e09b00,usr_17b45921,food,Guide tip,6.70,CHF,6.70,CHF,2026-08-01,2026-08-01T15:05:00+05:30,cty_1ced6ede,,nl_text,0,active,2026-06-05T10:00:00+05:30,2026-08-18T10:00:00+05:30
exp_c50de266,trp_32ae8bfe,usr_63d19d4c,food,Museum tickets,1084.31,INR,1084.31,INR,2026-08-01,2026-05-19T14:16:00+05:30,cty_f29656ff,,manual,0,active,2026-05-05T10:00:00+05:30,2026-08-18T10:00:00+05:30
exp_2c981efd,trp_bab07b17,usr_b6d5d98c,accommodation,Airport taxi,299.70,QAR,299.70,INR,2026-08-01,2026-06-24T12:35:00+05:30,cty_6320eea9,,manual,0,active,2026-05-25T10:00:00+05:30,2026-08-18T10:00:00+05:30
exp_ad62c5f9,trp_074ec52a,usr_ee6409a7,accommodation,Souvenirs,6966.05,INR,6966.05,INR,2026-09-06,2026-09-07T19:54:00+05:30,cty_5d572c8a,,manual,0,active,2026-05-09T10:00:00+05:30,2026-08-18T10:00:00+05:30
exp_943ebba3,trp_234af87a,usr_856079e2,transport,Guide tip,2055.12,INR,2055.12,INR,2026-08-01,2026-07-22T22:38:00+05:30,cty_cf1c6ac5,,nl_text,0,active,2026-07-01T10:00:00+05:30,2026-08-18T10:00:00+05:30
exp_db89a16b,trp_f74bdeb1,usr_fae4d064,accommodation,Two nights,339.48,MYR,339.48,INR,2026-09-06,2026-09-09T17:13:00+05:30,cty_c9f34ba7,,manual,0,active,2026-08-03T10:00:00+05:30,2026-08-18T10:00:00+05:30
exp_5f600bd2,trp_5b79ffd1,usr_065fbc7f,activities,Museum tickets,905.81,INR,905.81,INR,2026-11-17,2026-12-07T08:50:00+05:30,cty_d401ef6b,,manual,0,active,2026-05-05T10:00:00+05:30,2026-08-18T10:00:00+05:30
exp_c4fa3a2d,trp_22d088b8,usr_72818c78,fees,Boat ride,731.36,INR,731.36,INR,2026-08-01,2026-07-18T10:43:00+05:30,cty_c97e6cd5,,manual,1,active,2026-06-27T10:00:00+05:30,2026-08-18T10:00:00+05:30
exp_c4a54e3f,trp_bc0dd54e,usr_2bd5e70b,accommodation,Auto to the fort,9139.04,INR,397.86,AED,2026-08-01,2026-05-09T20:50:00+05:30,cty_ab50efee,rcp_5ec9a491,ocr,0,active,2026-06-04T10:00:00+05:30,2026-08-18T10:00:00+05:30
exp_0aeec543,trp_574e5595,usr_05d0be25,shopping,Dinner,145.24,AED,145.24,INR,2026-08-01,2026-05-11T10:18:00+05:30,cty_1ced6ede,,manual,0,active,2026-06-22T10:00:00+05:30,2026-08-18T10:00:00+05:30
exp_b526cb2a,trp_574e5595,usr_05d0be25,accommodation,Souvenirs,259.19,AED,259.19,INR,2026-08-01,2026-05-12T20:05:00+05:30,cty_1ced6ede,,nl_text,0,active,2026-04-29T10:00:00+05:30,2026-08-18T10:00:00+05:30
exp_7f4984a0,trp_a62adcb1,usr_08b8f8e9,activities,Museum tickets,403.90,INR,77140.74,IDR,2026-08-01,2026-07-05T22:23:00+05:30,cty_ab50efee,rcp_819ce564,ocr,1,active,2026-07-08T10:00:00+05:30,2026-08-18T10:00:00+05:30
exp_2ae8ab1a,trp_854e1930,usr_ba25cb52,activities,Boat ride,1293.42,INR,1293.42,INR,2026-08-01,2026-05-07T09:16:00+05:30,cty_cf1c6ac5,rcp_3fa19b38,ocr,0,active,2026-04-27T10:00:00+05:30,2026-08-18T10:00:00+05:30
exp_e93ee733,trp_74917bfb,usr_d56927f7,food,Dinner,911.78,INR,911.78,INR,2026-08-01,2026-07-17T22:53:00+05:30,cty_10cbee86,,manual,0,active,2026-08-12T10:00:00+05:30,2026-08-18T10:00:00+05:30
exp_a644938a,trp_e427f350,usr_51294c66,accommodation,Laundry,5168.99,INR,8162.67,NPR,2026-08-01,2026-07-12T12:30:00+05:30,cty_cf1c6ac5,,manual,0,active,2026-04-26T10:00:00+05:30,2026-08-18T10:00:00+05:30
exp_4fcfae67,trp_876b6bd2,usr_8d55da4d,food,Museum tickets,1417.39,INR,60.98,QAR,2026-08-01,2026-05-14T21:18:00+05:30,,,manual,0,active,2026-08-02T10:00:00+05:30,2026-08-18T10:00:00+05:30
exp_1ed23a8a,trp_631ad6a9,usr_196ca537,activities,Laundry,12.27,CHF,12.27,INR,2026-09-06,2026-09-04T15:35:00+05:30,cty_0b7f5985,,manual,0,active,2026-07-09T10:00:00+05:30,2026-08-18T10:00:00+05:30
exp_1a6fbd8d,trp_32db6373,usr_24d10368,accommodation,Souvenirs,7429.45,INR,7429.45,INR,2026-11-17,2026-12-03T10:09:00+05:30,cty_f8b75f8e,,nl_text,1,active,2026-08-17T10:00:00+05:30,2026-08-18T10:00:00+05:30
exp_ad68578b,trp_8adc5179,usr_d312cbff,food,Laundry,850.86,INR,162505.50,IDR,2026-08-01,2026-06-24T13:40:00+05:30,cty_d4f5e3a5,rcp_4183c5f3,ocr,0,active,2026-06-16T10:00:00+05:30,2026-08-18T10:00:00+05:30
exp_03e9289a,trp_d729f422,usr_12f95c97,accommodation,Dinner,4342.36,INR,4342.36,INR,2026-08-01,2026-06-25T21:00:00+05:30,cty_10cbee86,,manual,1,active,2026-03-31T10:00:00+05:30,2026-08-18T10:00:00+05:30
exp_40c59c3a,trp_360afa3a,usr_1886c078,transport,Coffee and snacks,546.12,INR,99.19,MVR,2026-08-01,2026-07-23T18:13:00+05:30,cty_8fc1539e,,manual,0,active,2026-07-15T10:00:00+05:30,2026-08-18T10:00:00+05:30
exp_3774c566,trp_77b09e9a,usr_373b76a9,food,Coffee and snacks,563.26,INR,6.00,CHF,2026-10-12,2026-10-10T16:26:00+05:30,cty_0d062a51,,manual,0,active,2026-04-06T10:00:00+05:30,2026-08-18T10:00:00+05:30
exp_22894257,trp_df3f7a38,usr_b83115d3,shopping,Museum tickets,1996.10,INR,1996.10,INR,2026-08-01,2026-05-30T19:14:00+05:30,cty_076e8e86,,manual,0,active,2026-05-18T10:00:00+05:30,2026-08-18T10:00:00+05:30
exp_da367372,trp_358447d8,usr_701b0010,activities,Souvenirs,634.54,INR,634.54,INR,2026-10-12,2026-10-15T14:21:00+05:30,cty_d4f5e3a5,,manual,0,active,2026-08-14T10:00:00+05:30,2026-08-18T10:00:00+05:30
exp_4e2ad548,trp_f25ef2fa,usr_8e89346c,transport,Airport taxi,94.14,MYR,94.14,INR,2026-10-30,2026-11-02T14:32:00+05:30,cty_c9f34ba7,rcp_a7890a85,ocr,1,active,2026-07-21T10:00:00+05:30,2026-08-18T10:00:00+05:30
exp_c454b4fe,trp_0ab1cb2b,usr_ab49979e,activities,Guide tip,1270.36,INR,1270.36,INR,2026-08-01,2026-06-25T10:40:00+05:30,cty_f29656ff,rcp_75de5587,ocr,0,active,2026-05-17T10:00:00+05:30,2026-08-18T10:00:00+05:30
exp_bed943e2,trp_33c5a895,usr_d23b92e9,food,Airport taxi,713.64,INR,713.64,INR,2026-08-01,2026-06-28T18:34:00+05:30,cty_9327d518,,manual,1,active,2026-07-02T10:00:00+05:30,2026-08-18T10:00:00+05:30
exp_a6d75a05,trp_bd724666,usr_46091d13,accommodation,Coffee and snacks,289.69,MYR,289.69,MYR,2026-09-18,2026-09-16T07:58:00+05:30,cty_d4f5e3a5,,manual,0,active,2026-05-11T10:00:00+05:30,2026-08-18T10:00:00+05:30
exp_7ef5762d,trp_c2f959a5,usr_a531d952,shopping,Museum tickets,800.01,THB,800.01,INR,2026-08-01,2026-06-06T20:41:00+05:30,cty_a5f16904,,manual,0,active,2026-05-03T10:00:00+05:30,2026-08-18T10:00:00+05:30
exp_d69100aa,trp_e8b8c651,usr_225fd2f9,misc,Laundry,758.51,INR,758.51,INR,2026-11-17,2026-12-01T11:22:00+05:30,cty_9327d518,,import,1,active,2026-06-11T10:00:00+05:30,2026-08-18T10:00:00+05:30
exp_24b60b31,trp_503f7948,usr_60e00854,activities,Souvenirs,427.10,INR,427.10,INR,2026-11-11,2026-11-14T19:57:00+05:30,cty_95d040d8,,manual,1,active,2026-08-09T10:00:00+05:30,2026-08-18T10:00:00+05:30
exp_fddf8478,trp_b18bf78b,usr_d245dd5d,accommodation,Coffee and snacks,39.22,SGD,39.22,INR,2026-11-17,2026-12-02T21:45:00+05:30,cty_905fd8a1,,manual,0,active,2026-06-21T10:00:00+05:30,2026-08-18T10:00:00+05:30
exp_899c393a,trp_1958f050,usr_6e3b5c10,food,Souvenirs,1325.42,NPR,1325.42,INR,2026-08-01,2026-07-07T07:12:00+05:30,cty_95d040d8,,nl_text,0,active,2026-03-25T10:00:00+05:30,2026-08-18T10:00:00+05:30
exp_93d0c0f1,trp_152be4e1,usr_e1cd7b02,fees,Dinner,289.36,INR,289.36,INR,2026-08-01,2026-07-14T11:45:00+05:30,cty_a97c33ad,,manual,1,active,2026-06-18T10:00:00+05:30,2026-08-18T10:00:00+05:30
exp_5d8372dc,trp_4c256d1e,usr_fe54affe,accommodation,Airport taxi,3709.84,INR,1533.17,THB,2026-08-01,2026-06-05T20:12:00+05:30,cty_0d062a51,,manual,1,active,2026-07-03T10:00:00+05:30,2026-08-18T10:00:00+05:30
exp_e1f375a5,trp_f2bf08e7,usr_0af476d1,transport,Souvenirs,587.98,INR,587.98,INR,2026-11-17,2026-11-16T10:09:00+05:30,cty_ab50efee,rcp_7ad44f4f,ocr,0,active,2026-04-21T10:00:00+05:30,2026-08-18T10:00:00+05:30
exp_9474f771,trp_e31ab00a,usr_0e9166f0,transport,Two nights,19.16,QAR,19.16,INR,2026-08-07,2026-08-07T15:23:00+05:30,cty_6320eea9,,manual,0,active,2026-04-08T10:00:00+05:30,2026-08-18T10:00:00+05:30
exp_2c1c9ffb,trp_bb5e3651,usr_d56927f7,transport,Laundry,933.03,INR,933.03,INR,2026-11-05,2026-11-07T11:48:00+05:30,,,manual,0,active,2026-07-15T10:00:00+05:30,2026-08-18T10:00:00+05:30
exp_44d7ea1c,trp_31e8bc24,usr_ca24d130,food,Laundry,1311.47,INR,1311.47,INR,2026-08-01,2026-06-20T12:29:00+05:30,,,manual,1,active,2026-04-06T10:00:00+05:30,2026-08-18T10:00:00+05:30
exp_ed8600c9,trp_9158f558,usr_2fcc58dc,accommodation,Laundry,5910.18,INR,5910.18,INR,2026-08-01,2026-07-29T11:04:00+05:30,cty_b6ccbb3b,,manual,0,active,2026-06-28T10:00:00+05:30,2026-08-18T10:00:00+05:30
exp_c4e656fe,trp_d647222e,usr_399971ee,shopping,Boat ride,2826.67,INR,2826.67,INR,2026-08-07,2026-08-05T12:27:00+05:30,cty_7f673457,,import,0,active,2026-05-08T10:00:00+05:30,2026-08-18T10:00:00+05:30
exp_cef1e458,trp_d04f7574,usr_5638f607,food,Museum tickets,1371.35,INR,1371.35,INR,2026-08-01,2026-06-06T13:11:00+05:30,cty_f288c6a0,rcp_63193877,ocr,0,active,2026-05-19T10:00:00+05:30,2026-08-18T10:00:00+05:30
exp_3c92a882,trp_e9978e3e,usr_1805266d,food,Museum tickets,1100.17,INR,1100.17,INR,2026-08-01,2026-06-27T11:03:00+05:30,cty_43d0a650,,manual,0,active,2026-05-06T10:00:00+05:30,2026-08-18T10:00:00+05:30
exp_0470bdf5,trp_be19b00c,usr_e6dca418,accommodation,Laundry,5861.64,INR,5861.64,INR,2026-11-11,2026-11-10T08:14:00+05:30,cty_b6ccbb3b,,manual,0,active,2026-07-23T10:00:00+05:30,2026-08-18T10:00:00+05:30
exp_14fe9d42,trp_1800f567,usr_9181bfe3,transport,Dinner,1727.91,INR,77.56,AED,2026-11-17,2026-11-16T22:40:00+05:30,cty_f29656ff,rcp_7ad44f4f,ocr,1,active,2026-05-20T10:00:00+05:30,2026-08-18T10:00:00+05:30
exp_69bc803b,trp_ad48f44b,usr_72818c78,accommodation,Guide tip,8891.33,INR,8891.33,INR,2026-08-13,2026-08-11T13:21:00+05:30,cty_b6ccbb3b,,nl_text,1,active,2026-04-23T10:00:00+05:30,2026-08-18T10:00:00+05:30
exp_d2ab8bd5,trp_1af71903,usr_81dbf021,transport,Boat ride,2238.45,INR,3534.87,NPR,2026-08-01,2026-05-06T16:29:00+05:30,cty_d4f5e3a5,,manual,0,active,2026-06-11T10:00:00+05:30,2026-08-18T10:00:00+05:30
exp_957154ce,trp_ed8dc5fe,usr_efe9a3aa,accommodation,Coffee and snacks,6590.69,INR,6590.69,INR,2026-09-24,2026-09-27T08:46:00+05:30,cty_5d572c8a,,manual,0,active,2026-04-29T10:00:00+05:30,2026-08-18T10:00:00+05:30
exp_5e15793b,trp_5764aee3,usr_9474016b,shopping,Museum tickets,1464.66,INR,1464.66,INR,2026-08-01,2026-05-13T13:35:00+05:30,cty_43d0a650,,manual,0,active,2026-07-04T10:00:00+05:30,2026-08-18T10:00:00+05:30
exp_ddd29050,trp_cdc63a8d,usr_5b31e64c,food,Auto to the fort,1115.35,INR,1115.35,INR,2026-08-13,2026-08-14T17:56:00+05:30,cty_f288c6a0,,nl_text,0,active,2026-04-07T10:00:00+05:30,2026-08-18T10:00:00+05:30
exp_ddc2a5dc,trp_9eb0f5fe,usr_e459a18c,food,Boat ride,136.52,THB,136.52,INR,2026-08-01,2026-08-04T17:33:00+05:30,cty_a5f16904,,manual,1,active,2026-06-15T10:00:00+05:30,2026-08-18T10:00:00+05:30
exp_eab1b8ff,trp_831241e0,usr_0b8f3bdc,food,Dinner,640.74,INR,640.74,INR,2026-09-30,2026-10-01T07:39:00+05:30,cty_f29656ff,,manual,1,active,2026-07-21T10:00:00+05:30,2026-08-18T10:00:00+05:30
exp_a1c1bd43,trp_03e922d6,usr_e8f563b9,food,Dinner,329.75,INR,329.75,INR,2026-11-17,2026-11-26T12:34:00+05:30,cty_621f4a84,,nl_text,0,active,2026-05-05T10:00:00+05:30,2026-08-18T10:00:00+05:30
exp_4d35b1f5,trp_0e658b9d,usr_3d92578a,shopping,Guide tip,3593.50,INR,3593.50,INR,2026-08-01,2026-06-09T14:04:00+05:30,cty_7cb0b529,,manual,0,active,2026-05-20T10:00:00+05:30,2026-08-18T10:00:00+05:30
exp_c13d78e4,trp_357dbb6b,usr_72d88a70,accommodation,Coffee and snacks,963036.44,IDR,963036.44,INR,2026-08-01,2026-05-20T18:18:00+05:30,cty_36afaa5c,,manual,0,active,2026-03-26T10:00:00+05:30,2026-08-18T10:00:00+05:30
exp_5782ac76,trp_79c91f6b,usr_85c09ee4,food,Auto to the fort,1061.76,INR,1061.76,INR,2026-08-01,2026-05-18T17:58:00+05:30,,,manual,0,active,2026-06-30T10:00:00+05:30,2026-08-18T10:00:00+05:30
exp_35197b7a,trp_fe962840,usr_95492664,food,Souvenirs,5164.46,LKR,2315.83,NPR,2026-09-18,2026-09-17T13:03:00+05:30,cty_009c9fd2,,manual,0,active,2026-05-14T10:00:00+05:30,2026-08-18T10:00:00+05:30
exp_e99f0033,trp_844f6374,usr_5c20b1bf,accommodation,Laundry,4994.20,INR,4994.20,INR,2026-10-30,2026-11-02T11:09:00+05:30,cty_5698a7ab,,manual,1,active,2026-06-12T10:00:00+05:30,2026-08-18T10:00:00+05:30
exp_03ccec5f,trp_5162b851,usr_7e0ddebe,accommodation,Auto to the fort,4687.41,INR,4687.41,INR,2026-08-01,2026-06-21T18:54:00+05:30,cty_5d572c8a,,nl_text,1,active,2026-06-17T10:00:00+05:30,2026-08-18T10:00:00+05:30
exp_6e5484c2,trp_411ac676,usr_88af6903,activities,Airport taxi,1418.38,INR,1418.38,INR,2026-09-24,2026-09-26T07:28:00+05:30,cty_cfec17b6,,nl_text,0,active,2026-03-26T10:00:00+05:30,2026-08-18T10:00:00+05:30
exp_5214c5b9,trp_a9d6d238,usr_ea479c41,transport,Boat ride,934.99,INR,934.99,INR,2026-08-01,2026-07-28T20:10:00+05:30,cty_95d040d8,,manual,0,active,2026-06-10T10:00:00+05:30,2026-08-18T10:00:00+05:30
exp_382deac1,trp_5b79ffd1,usr_a386ca28,misc,Boat ride,617.95,INR,617.95,INR,2026-11-17,2026-12-07T09:09:00+05:30,cty_d401ef6b,,manual,0,active,2026-04-06T10:00:00+05:30,2026-08-18T10:00:00+05:30
exp_775194b6,trp_35d620ca,usr_525b1d3c,activities,Airport taxi,575.24,INR,9.12,SGD,2026-08-01,2026-06-18T07:06:00+05:30,cty_a97c33ad,,nl_text,0,active,2026-07-12T10:00:00+05:30,2026-08-18T10:00:00+05:30
exp_f0aed9fc,trp_3e1f142c,usr_22e61dad,transport,Dinner,1930.42,INR,1930.42,INR,2026-09-12,2026-09-14T17:57:00+05:30,cty_f29656ff,,manual,0,active,2026-06-30T10:00:00+05:30,2026-08-18T10:00:00+05:30
exp_39ba627e,trp_3d0f7e84,usr_bac1ae76,accommodation,Two nights,3575.09,INR,3575.09,INR,2026-10-18,2026-10-18T16:52:00+05:30,cty_5698a7ab,,nl_text,0,active,2026-07-16T10:00:00+05:30,2026-08-18T10:00:00+05:30
exp_ea389eeb,trp_60a62e81,usr_bff7bdb8,food,Laundry,1344.14,INR,1344.14,INR,2026-08-01,2026-08-01T11:35:00+05:30,cty_7fc82336,,manual,0,active,2026-07-26T10:00:00+05:30,2026-08-18T10:00:00+05:30
exp_87b5cfec,trp_d22f372f,usr_63d19d4c,transport,Dinner,764.14,INR,764.14,INR,2026-09-24,2026-09-23T11:45:00+05:30,cty_9327d518,,manual,1,active,2026-05-16T10:00:00+05:30,2026-08-18T10:00:00+05:30
exp_15db92d3,trp_07ee6d2b,usr_24f139e5,activities,Auto to the fort,516.07,INR,516.07,INR,2026-11-17,2026-12-05T22:36:00+05:30,cty_5698a7ab,,import,0,active,2026-06-07T10:00:00+05:30,2026-08-18T10:00:00+05:30
exp_9dc62ccc,trp_b14214a6,usr_8f81432c,accommodation,Two nights,5217.07,INR,5217.07,INR,2026-11-17,2026-11-17T09:34:00+05:30,cty_95e7c8ca,,nl_text,1,active,2026-04-18T10:00:00+05:30,2026-08-18T10:00:00+05:30
exp_f0008242,trp_43aa1b9f,usr_1cfaf7a0,accommodation,Laundry,8964.65,NPR,8964.65,INR,2026-10-12,2026-10-10T20:20:00+05:30,cty_c0f2d9de,,import,0,active,2026-07-04T10:00:00+05:30,2026-08-18T10:00:00+05:30
exp_e9571f72,trp_dd037e63,usr_b1a4b433,food,Boat ride,1326.59,INR,1326.59,INR,2026-08-13,2026-08-11T11:38:00+05:30,cty_9327d518,,manual,1,active,2026-05-18T10:00:00+05:30,2026-08-18T10:00:00+05:30
exp_d2a2defc,trp_39d6963e,usr_72d88a70,transport,Souvenirs,7931.88,LKR,7931.88,INR,2026-08-01,2026-05-15T22:41:00+05:30,cty_a50bc5dd,,manual,0,active,2026-07-30T10:00:00+05:30,2026-08-18T10:00:00+05:30
exp_ed66bb97,trp_4950beba,usr_053e7434,shopping,Souvenirs,1981.75,INR,1981.75,INR,2026-08-01,2026-07-22T11:39:00+05:30,cty_a97c33ad,,manual,0,active,2026-04-01T10:00:00+05:30,2026-08-18T10:00:00+05:30
exp_dcce2234,trp_caf05844,usr_541840e2,activities,Laundry,752.52,INR,752.52,INR,2026-08-01,2026-05-25T07:11:00+05:30,cty_d4f5e3a5,,manual,0,active,2026-05-09T10:00:00+05:30,2026-08-18T10:00:00+05:30
exp_7c4e35e5,trp_19a962e4,usr_76ac5087,accommodation,Souvenirs,7656.76,INR,7656.76,INR,2026-08-01,2026-06-27T17:44:00+05:30,cty_aa759717,,manual,0,active,2026-04-23T10:00:00+05:30,2026-08-18T10:00:00+05:30
exp_e39a8271,trp_1aeefd3e,usr_ca6dc019,shopping,Museum tickets,584.87,INR,584.87,INR,2026-10-18,2026-10-20T08:45:00+05:30,cty_cf1c6ac5,,nl_text,0,active,2026-03-24T10:00:00+05:30,2026-08-18T10:00:00+05:30
exp_37f66bab,trp_909e59bc,usr_17b45921,accommodation,Coffee and snacks,16108.82,LKR,47.34,CHF,2026-11-17,2026-11-26T09:03:00+05:30,cty_a50bc5dd,,import,0,active,2026-08-13T10:00:00+05:30,2026-08-18T10:00:00+05:30
exp_0cd84bb7,trp_46f6a107,usr_7d0ce609,food,Laundry,450.18,INR,24.40,MYR,2026-09-30,2026-10-01T14:08:00+05:30,,,manual,0,active,2026-06-18T10:00:00+05:30,2026-08-18T10:00:00+05:30
exp_86421369,trp_4c256d1e,usr_693c20b9,accommodation,Coffee and snacks,1691.26,THB,1691.26,THB,2026-08-01,2026-06-06T20:23:00+05:30,cty_0d062a51,,manual,1,active,2026-04-17T10:00:00+05:30,2026-08-18T10:00:00+05:30
exp_2b8e5790,trp_c7b6e5c7,usr_e7722766,accommodation,Boat ride,8654.78,INR,137.19,SGD,2026-08-01,2026-06-10T09:47:00+05:30,cty_d4f5e3a5,,nl_text,1,active,2026-05-31T10:00:00+05:30,2026-08-18T10:00:00+05:30
exp_673e4e21,trp_d44e94e7,usr_e4f15778,food,Two nights,524.74,INR,828.65,NPR,2026-08-01,2026-06-15T10:34:00+05:30,cty_17b8ef2f,,manual,1,active,2026-04-10T10:00:00+05:30,2026-08-18T10:00:00+05:30
exp_28e30aa9,trp_c403d6fa,usr_ce9ee3ae,accommodation,Laundry,9594.38,INR,99.46,CHF,2026-08-01,2026-06-24T18:17:00+05:30,cty_34bbfdfe,,manual,0,active,2026-03-26T10:00:00+05:30,2026-08-18T10:00:00+05:30
exp_7f5a1646,trp_fdbf106b,usr_7a1346e6,activities,Souvenirs,1087.27,INR,1087.27,INR,2026-08-01,2026-05-06T09:41:00+05:30,cty_caf3c1ee,,manual,1,active,2026-06-01T10:00:00+05:30,2026-08-18T10:00:00+05:30
exp_f3a9dbed,trp_9158f558,usr_ea479c41,accommodation,Guide tip,9278.62,INR,9278.62,INR,2026-08-01,2026-07-30T10:04:00+05:30,cty_b6ccbb3b,,nl_text,0,active,2026-04-17T10:00:00+05:30,2026-08-18T10:00:00+05:30
exp_9aa45b33,trp_96471330,usr_243cefe8,transport,Coffee and snacks,1805.95,INR,1805.95,INR,2026-11-17,2026-11-27T12:24:00+05:30,cty_0b7f5985,rcp_da84d327,ocr,1,active,2026-06-26T10:00:00+05:30,2026-08-18T10:00:00+05:30
exp_196cd021,trp_2472305e,usr_b3f2baa1,accommodation,Boat ride,5840.29,INR,1101.08,MVR,2026-11-17,2026-11-25T12:33:00+05:30,cty_d4f5e3a5,,manual,1,active,2026-06-12T10:00:00+05:30,2026-08-18T10:00:00+05:30
exp_8e011266,trp_4b9e6595,usr_f271c461,food,Dinner,1473.99,INR,284531.44,IDR,2026-08-19,2026-08-17T13:11:00+05:30,cty_aa759717,,manual,1,active,2026-05-07T10:00:00+05:30,2026-08-18T10:00:00+05:30
exp_ca1add7e,trp_d647222e,usr_ce11983a,activities,Two nights,663.34,INR,663.34,INR,2026-08-07,2026-08-08T13:33:00+05:30,cty_7f673457,,import,1,active,2026-05-13T10:00:00+05:30,2026-08-18T10:00:00+05:30
exp_8bcbf8bf,trp_c31653d2,usr_ab49979e,activities,Two nights,682.12,INR,682.12,INR,2026-08-25,2026-08-28T12:06:00+05:30,cty_a97c33ad,,manual,0,active,2026-07-16T10:00:00+05:30,2026-08-18T10:00:00+05:30
exp_5dbe73a4,trp_1ceb9811,usr_fa851b11,accommodation,Auto to the fort,4541.19,INR,4541.19,INR,2026-10-18,2026-10-16T11:02:00+05:30,cty_cfec17b6,,import,0,active,2026-06-01T10:00:00+05:30,2026-08-18T10:00:00+05:30
exp_a6033020,trp_73c65d38,usr_41431693,food,Guide tip,12.00,AED,435.29,NPR,2026-08-01,2026-05-20T09:15:00+05:30,cty_1ced6ede,,nl_text,1,active,2026-06-27T10:00:00+05:30,2026-08-18T10:00:00+05:30
exp_859909c5,trp_520c7693,usr_77e91c3a,transport,Museum tickets,1194.99,INR,1194.99,INR,2026-08-07,2026-08-10T09:05:00+05:30,cty_cfec17b6,,nl_text,1,active,2026-08-16T10:00:00+05:30,2026-08-18T10:00:00+05:30
exp_647d1a8e,trp_ebd8ca83,usr_c010ce3c,activities,Guide tip,1334.80,INR,1334.80,INR,2026-10-06,2026-10-09T10:18:00+05:30,,,manual,1,active,2026-08-16T10:00:00+05:30,2026-08-18T10:00:00+05:30
exp_0bdd798a,trp_4171ee4e,usr_7af1e427,activities,Boat ride,378.42,INR,378.42,INR,2026-08-01,2026-05-25T18:09:00+05:30,cty_0d062a51,rcp_901c787b,ocr,0,active,2026-05-08T10:00:00+05:30,2026-08-18T10:00:00+05:30
exp_405d1894,trp_86a8180b,usr_a25f0129,activities,Museum tickets,253.67,MVR,253.67,INR,2026-11-11,2026-11-11T07:21:00+05:30,cty_9aa02925,,nl_text,1,active,2026-03-31T10:00:00+05:30,2026-08-18T10:00:00+05:30
exp_9bbed05a,trp_b32d3e05,usr_247f37bf,accommodation,Two nights,5590.68,INR,5590.68,INR,2026-08-01,2026-07-14T08:23:00+05:30,,,manual,1,active,2026-03-22T10:00:00+05:30,2026-08-18T10:00:00+05:30
exp_949895fc,trp_e19281ce,usr_ea41e115,food,Guide tip,1097.79,INR,1097.79,INR,2026-08-13,2026-08-14T09:51:00+05:30,cty_32e8e65c,,import,1,active,2026-07-06T10:00:00+05:30,2026-08-18T10:00:00+05:30
exp_15cfe116,trp_64030cdd,usr_5307f01f,accommodation,Dinner,5520.48,INR,5520.48,INR,2026-08-01,2026-07-18T13:13:00+05:30,cty_c43cfa94,,nl_text,0,active,2026-05-09T10:00:00+05:30,2026-08-18T10:00:00+05:30
exp_b90a7651,trp_0629deb2,usr_0e9166f0,activities,Guide tip,981.99,INR,981.99,INR,2026-09-24,2026-09-27T15:49:00+05:30,cty_5d572c8a,,import,0,active,2026-07-12T10:00:00+05:30,2026-08-18T10:00:00+05:30
exp_38c64f14,trp_a396cd51,usr_4d8f3b3a,activities,Airport taxi,1721.36,INR,1721.36,INR,2026-10-24,2026-10-25T09:36:00+05:30,cty_67ee7f6f,,nl_text,1,active,2026-04-13T10:00:00+05:30,2026-08-18T10:00:00+05:30
exp_bbd939d0,trp_9a841c7e,usr_7f6d27fe,food,Boat ride,10.32,SGD,10.32,SGD,2026-08-01,2026-05-23T08:00:00+05:30,cty_ab50efee,rcp_f34309d1,ocr,0,active,2026-04-06T10:00:00+05:30,2026-08-18T10:00:00+05:30
exp_6961d535,trp_4be0ba46,usr_1501196b,shopping,Dinner,3179.94,INR,3199.40,BTN,2026-09-24,2026-09-22T16:42:00+05:30,cty_cfec17b6,,manual,0,active,2026-06-02T10:00:00+05:30,2026-08-18T10:00:00+05:30
exp_b2125fa9,trp_11c9d5a3,usr_77e91c3a,activities,Boat ride,963.90,INR,963.90,INR,2026-11-11,2026-11-12T20:28:00+05:30,cty_10cbee86,,nl_text,0,active,2026-08-15T10:00:00+05:30,2026-08-18T10:00:00+05:30
exp_61e8fdfd,trp_77488f6d,usr_fcd9bdf6,food,Museum tickets,828.77,INR,828.77,INR,2026-08-01,2026-07-08T08:05:00+05:30,cty_c07454f1,,manual,0,active,2026-05-09T10:00:00+05:30,2026-08-18T10:00:00+05:30
exp_8b039496,trp_bcc3e676,usr_76c235d5,shopping,Auto to the fort,3395.55,INR,3395.55,INR,2026-09-06,2026-09-06T12:22:00+05:30,cty_cfec17b6,,manual,1,active,2026-05-02T10:00:00+05:30,2026-08-18T10:00:00+05:30
exp_b3cd4837,trp_a0a40e8a,usr_63d6db20,food,Boat ride,1200.16,INR,1200.16,INR,2026-09-24,2026-09-27T09:02:00+05:30,cty_0d9ab6ff,,nl_text,1,active,2026-04-05T10:00:00+05:30,2026-08-18T10:00:00+05:30
exp_43c5a12b,trp_fc58b9bd,usr_1c8154b9,food,Dinner,1344.53,INR,1344.53,INR,2026-08-01,2026-06-25T17:32:00+05:30,cty_10cbee86,rcp_1f343bc5,ocr,0,active,2026-05-02T10:00:00+05:30,2026-08-18T10:00:00+05:30
exp_78a9dd7d,trp_fda57035,usr_72796feb,shopping,Laundry,135349.88,IDR,135349.88,INR,2026-08-01,2026-07-20T18:12:00+05:30,cty_36afaa5c,,manual,0,active,2026-06-17T10:00:00+05:30,2026-08-18T10:00:00+05:30
exp_eebc441e,trp_831241e0,usr_58d2b52f,accommodation,Laundry,4993.59,INR,4993.59,INR,2026-09-30,2026-10-02T07:18:00+05:30,cty_f29656ff,,nl_text,0,active,2026-06-20T10:00:00+05:30,2026-08-18T10:00:00+05:30
exp_ff50646e,trp_09e8a8fb,usr_c582abb2,activities,Two nights,1368.57,INR,1368.57,INR,2026-10-30,2026-11-02T15:54:00+05:30,cty_aa759717,,manual,1,active,2026-07-11T10:00:00+05:30,2026-08-18T10:00:00+05:30
exp_ce466a0c,trp_cc0bc071,usr_c582abb2,transport,Auto to the fort,2191.10,INR,2191.10,INR,2026-08-01,2026-05-16T16:58:00+05:30,cty_32e8e65c,rcp_c60917d2,ocr,1,active,2026-05-29T10:00:00+05:30,2026-08-18T10:00:00+05:30
exp_f788ea5a,trp_4b2dcdb7,usr_9d604e2e,accommodation,Guide tip,6886.71,INR,6886.71,INR,2026-08-01,2026-07-10T19:04:00+05:30,cty_c43cfa94,,nl_text,0,active,2026-07-19T10:00:00+05:30,2026-08-18T10:00:00+05:30
exp_9e010b21,trp_c0c1da94,usr_2aa556d6,activities,Dinner,1304.76,INR,1304.76,INR,2026-10-12,2026-10-11T21:53:00+05:30,cty_95e7c8ca,,nl_text,0,active,2026-05-26T10:00:00+05:30,2026-08-18T10:00:00+05:30
exp_58279d6f,trp_75b9d7b8,usr_ae35e63d,transport,Dinner,1036.63,INR,1036.63,INR,2026-10-30,2026-10-29T18:47:00+05:30,cty_caf3c1ee,,nl_text,0,active,2026-06-04T10:00:00+05:30,2026-08-18T10:00:00+05:30
exp_3b4edc16,trp_f61c2fce,usr_e7b2dd09,food,Auto to the fort,525.39,INR,525.39,INR,2026-08-01,2026-07-31T13:22:00+05:30,cty_5d572c8a,,nl_text,0,active,2026-07-04T10:00:00+05:30,2026-08-18T10:00:00+05:30
exp_f00510fb,trp_5a52c165,usr_76046cf3,food,Guide tip,63.73,MYR,63.73,INR,2026-08-13,2026-08-14T18:23:00+05:30,cty_c9f34ba7,,nl_text,1,active,2026-05-09T10:00:00+05:30,2026-08-18T10:00:00+05:30
exp_dd9d7ee1,trp_0512bf41,usr_21b63d3b,food,Auto to the fort,471.82,INR,471.82,INR,2026-08-31,2026-09-01T20:35:00+05:30,cty_cf1c6ac5,,manual,1,active,2026-07-14T10:00:00+05:30,2026-08-18T10:00:00+05:30
exp_a9d42a4e,trp_8e052cdf,usr_74ed32ff,food,Laundry,691.50,INR,691.50,INR,2026-08-01,2026-05-14T11:57:00+05:30,cty_c43cfa94,rcp_2a927510,ocr,0,active,2026-07-31T10:00:00+05:30,2026-08-18T10:00:00+05:30
exp_73fb6963,trp_09f90a77,usr_6e6d6fef,food,Guide tip,953.65,INR,953.65,INR,2026-11-11,2026-11-14T20:41:00+05:30,cty_95d040d8,,import,0,active,2026-06-01T10:00:00+05:30,2026-08-18T10:00:00+05:30
exp_16351bc3,trp_82116fda,usr_07f03d4c,activities,Guide tip,1109.43,INR,1109.43,INR,2026-09-24,2026-09-26T09:06:00+05:30,cty_f29656ff,,manual,0,active,2026-05-01T10:00:00+05:30,2026-08-18T10:00:00+05:30
exp_66124821,trp_8e052cdf,usr_74ed32ff,accommodation,Guide tip,6351.33,INR,6351.33,INR,2026-08-01,2026-05-10T21:26:00+05:30,cty_c43cfa94,,import,1,active,2026-07-14T10:00:00+05:30,2026-08-18T10:00:00+05:30
exp_fb110569,trp_75c88e52,usr_0af476d1,shopping,Dinner,897.20,INR,897.20,INR,2026-08-07,2026-08-10T09:47:00+05:30,cty_34bbfdfe,,nl_text,0,active,2026-07-17T10:00:00+05:30,2026-08-18T10:00:00+05:30
exp_45c081ad,trp_3faed012,usr_6bf6f0c2,accommodation,Auto to the fort,4707.39,INR,4707.39,INR,2026-08-13,2026-08-13T14:16:00+05:30,cty_7cb0b529,,nl_text,0,active,2026-05-22T10:00:00+05:30,2026-08-18T10:00:00+05:30
exp_ec2acf8d,trp_4360e4bd,usr_76c235d5,food,Auto to the fort,578.58,INR,578.58,INR,2026-09-06,2026-09-09T13:00:00+05:30,cty_34bbfdfe,,manual,1,active,2026-06-02T10:00:00+05:30,2026-08-18T10:00:00+05:30
exp_386be83d,trp_d03225c9,usr_e4376908,activities,Museum tickets,330.84,INR,3.53,CHF,2026-11-17,2026-11-27T19:48:00+05:30,cty_f288c6a0,,nl_text,0,active,2026-03-27T10:00:00+05:30,2026-08-18T10:00:00+05:30
exp_25ac8c32,trp_1c6b709c,usr_2433031a,transport,Two nights,65.93,AED,65.93,AED,2026-08-01,2026-07-26T10:27:00+05:30,cty_95d040d8,,nl_text,0,active,2026-07-14T10:00:00+05:30,2026-08-18T10:00:00+05:30
exp_9feba263,trp_44abe323,usr_e60873aa,food,Laundry,1044.33,INR,1044.33,INR,2026-08-01,2026-05-29T15:17:00+05:30,,,manual,0,active,2026-06-28T10:00:00+05:30,2026-08-18T10:00:00+05:30
exp_290d873b,trp_503f7948,usr_60e00854,transport,Coffee and snacks,483.70,INR,483.70,INR,2026-11-11,2026-11-12T14:13:00+05:30,cty_95d040d8,,manual,1,active,2026-05-05T10:00:00+05:30,2026-08-18T10:00:00+05:30
exp_73a6fc3b,trp_97869c6a,usr_67de0711,food,Auto to the fort,2012.01,NPR,2012.01,INR,2026-09-06,2026-09-04T19:20:00+05:30,cty_c0f2d9de,,nl_text,0,active,2026-07-28T10:00:00+05:30,2026-08-18T10:00:00+05:30
exp_991a6344,trp_05fa9ee5,usr_0ecee4ac,shopping,Boat ride,1412.17,JPY,1412.17,INR,2026-09-06,2026-09-04T10:55:00+05:30,cty_51a149b7,,nl_text,1,active,2026-05-02T10:00:00+05:30,2026-08-18T10:00:00+05:30
exp_b64e48e2,trp_acaf45e7,usr_991a1e29,transport,Two nights,637.38,INR,637.38,INR,2026-08-01,2026-07-14T21:05:00+05:30,cty_a97c33ad,,manual,0,active,2026-05-18T10:00:00+05:30,2026-08-18T10:00:00+05:30
exp_8e29596b,trp_ed8dc5fe,usr_efe9a3aa,activities,Souvenirs,1931.32,INR,1931.32,INR,2026-09-24,2026-09-27T12:26:00+05:30,cty_5d572c8a,rcp_10950b4c,ocr,0,active,2026-05-08T10:00:00+05:30,2026-08-18T10:00:00+05:30
exp_2a9994a3,trp_d8f6113f,usr_a3f4f2d9,accommodation,Dinner,7037.96,INR,306.39,AED,2026-08-01,2026-05-29T10:37:00+05:30,cty_f8b75f8e,,manual,1,active,2026-06-05T10:00:00+05:30,2026-08-18T10:00:00+05:30
exp_3b0fbfa7,trp_47cb5f68,usr_b2323a23,transport,Museum tickets,112.86,MYR,112.86,INR,2026-11-17,2026-11-30T15:09:00+05:30,cty_c9f34ba7,,manual,0,active,2026-06-30T10:00:00+05:30,2026-08-18T10:00:00+05:30
exp_061650b8,trp_962e90a6,usr_ab2353de,transport,Coffee and snacks,1224.51,INR,1224.51,INR,2026-08-31,2026-09-01T15:14:00+05:30,cty_bbb31d67,,manual,1,active,2026-04-20T10:00:00+05:30,2026-08-18T10:00:00+05:30
exp_db93dd08,trp_4950beba,usr_520d9624,activities,Two nights,1564.42,INR,1564.42,INR,2026-08-01,2026-07-21T22:37:00+05:30,cty_a97c33ad,,manual,0,active,2026-07-26T10:00:00+05:30,2026-08-18T10:00:00+05:30
exp_56a100cf,trp_831241e0,usr_58d2b52f,accommodation,Souvenirs,5815.07,INR,5815.07,INR,2026-09-24,2026-09-27T16:52:00+05:30,cty_f29656ff,,manual,0,active,2026-04-01T10:00:00+05:30,2026-08-18T10:00:00+05:30
exp_88208c19,trp_7a17c8a1,usr_b8c5bfe0,shopping,Souvenirs,3379.83,INR,3379.83,INR,2026-11-17,2026-11-24T13:43:00+05:30,cty_c07454f1,,nl_text,0,active,2026-08-03T10:00:00+05:30,2026-08-18T10:00:00+05:30
exp_a2205eab,trp_9bebde0c,usr_fe056e56,food,Souvenirs,459.79,INR,459.79,INR,2026-08-01,2026-06-21T13:15:00+05:30,cty_5d572c8a,,manual,1,active,2026-06-23T10:00:00+05:30,2026-08-18T10:00:00+05:30
exp_89928896,trp_42b0f9e2,usr_428c2df2,accommodation,Museum tickets,9817.21,INR,9817.21,INR,2026-08-01,2026-08-04T18:54:00+05:30,cty_cfec17b6,,nl_text,1,active,2026-07-04T10:00:00+05:30,2026-08-18T10:00:00+05:30
exp_5774fa9b,trp_eda7ae24,usr_a386ca28,accommodation,Guide tip,6697.16,INR,6697.16,INR,2026-11-11,2026-11-10T07:47:00+05:30,cty_b6ccbb3b,,manual,0,active,2026-08-15T10:00:00+05:30,2026-08-18T10:00:00+05:30
exp_c39965d8,trp_034ee3ea,usr_991a1e29,activities,Dinner,59.02,MYR,59.02,INR,2026-08-01,2026-08-02T17:53:00+05:30,cty_c9f34ba7,,nl_text,0,active,2026-05-25T10:00:00+05:30,2026-08-18T10:00:00+05:30
exp_cf57bceb,trp_1c384989,usr_52de2228,activities,Museum tickets,1762.18,INR,1762.18,INR,2026-08-19,2026-08-19T14:48:00+05:30,cty_0d062a51,,manual,1,active,2026-07-22T10:00:00+05:30,2026-08-18T10:00:00+05:30
exp_27736468,trp_0c86284d,usr_82545d82,food,Museum tickets,10.84,QAR,10.84,INR,2026-08-01,2026-06-02T10:14:00+05:30,cty_6320eea9,,nl_text,0,active,2026-05-07T10:00:00+05:30,2026-08-18T10:00:00+05:30
exp_6cce63da,trp_a0b8b8af,usr_8e89346c,shopping,Auto to the fort,7593.96,LKR,7593.96,INR,2026-11-17,2026-11-19T18:01:00+05:30,cty_009c9fd2,,manual,0,active,2026-04-05T10:00:00+05:30,2026-08-18T10:00:00+05:30
exp_575b9d5f,trp_058d5aea,usr_e3e0cd9d,accommodation,Coffee and snacks,8237.22,INR,8237.22,INR,2026-08-01,2026-08-04T13:15:00+05:30,cty_ab50efee,rcp_71faa65d,ocr,0,active,2026-04-21T10:00:00+05:30,2026-08-18T10:00:00+05:30
exp_2d87c74c,trp_74917bfb,usr_d56927f7,activities,Coffee and snacks,667.39,INR,667.39,INR,2026-08-01,2026-07-15T19:53:00+05:30,cty_10cbee86,,import,0,active,2026-04-27T10:00:00+05:30,2026-08-18T10:00:00+05:30
exp_09cb1af9,trp_2f330bc2,usr_51983e08,accommodation,Coffee and snacks,3706.26,INR,3706.26,INR,2026-11-17,2026-11-23T20:44:00+05:30,cty_43d0a650,,manual,1,active,2026-05-19T10:00:00+05:30,2026-08-18T10:00:00+05:30
exp_a4423efb,trp_e8b8c651,usr_9c898903,accommodation,Guide tip,6479.53,INR,6479.53,INR,2026-11-17,2026-12-05T07:12:00+05:30,cty_9327d518,,import,0,active,2026-05-27T10:00:00+05:30,2026-08-18T10:00:00+05:30
exp_964587bb,trp_de13b938,usr_96740172,misc,Museum tickets,641.89,INR,641.89,INR,2026-10-18,2026-10-20T22:22:00+05:30,cty_621f4a84,,manual,1,active,2026-05-31T10:00:00+05:30,2026-08-18T10:00:00+05:30
exp_c3bf7308,trp_53739538,usr_60cacdee,food,Dinner,4.72,CHF,4.72,INR,2026-08-01,2026-05-11T11:33:00+05:30,cty_0b7f5985,,manual,0,active,2026-07-20T10:00:00+05:30,2026-08-18T10:00:00+05:30
exp_9cac4fb8,trp_b8ab5705,usr_c7dcdd3d,accommodation,Airport taxi,8237.65,INR,8237.65,INR,2026-08-01,2026-05-24T08:36:00+05:30,cty_f8b75f8e,,manual,1,active,2026-04-02T10:00:00+05:30,2026-08-18T10:00:00+05:30
exp_b7355f09,trp_49772eb7,usr_b4a877b0,fees,Two nights,33.76,QAR,33.76,INR,2026-08-01,2026-07-19T21:17:00+05:30,cty_6320eea9,,manual,0,active,2026-06-27T10:00:00+05:30,2026-08-18T10:00:00+05:30
exp_ce3e70b7,trp_8080637f,usr_aacb82b1,transport,Souvenirs,1906.90,INR,82.04,QAR,2026-08-01,2026-05-21T15:04:00+05:30,cty_c97e6cd5,,manual,0,active,2026-05-08T10:00:00+05:30,2026-08-18T10:00:00+05:30
exp_d7283dc1,trp_c4b22e96,usr_5f1e6e1c,food,Souvenirs,2564.39,JPY,2564.39,INR,2026-08-13,2026-08-11T17:18:00+05:30,cty_51a149b7,,manual,0,active,2026-06-14T10:00:00+05:30,2026-08-18T10:00:00+05:30
exp_f0314bcb,trp_9e0e3864,usr_bc9d20fa,food,Souvenirs,351.79,INR,351.79,INR,2026-08-01,2026-06-29T16:55:00+05:30,cty_a97c33ad,,manual,0,active,2026-03-30T10:00:00+05:30,2026-08-18T10:00:00+05:30
exp_f8e72a2b,trp_6d961db4,usr_fd8f7b49,food,Dinner,1032.32,INR,1032.32,INR,2026-08-01,2026-07-21T07:49:00+05:30,cty_7f673457,,nl_text,1,active,2026-04-18T10:00:00+05:30,2026-08-18T10:00:00+05:30
exp_4e3dc856,trp_e086bae2,usr_fecd2601,transport,Boat ride,1503.53,JPY,1503.53,INR,2026-08-01,2026-06-20T13:51:00+05:30,cty_51a149b7,,nl_text,0,active,2026-04-21T10:00:00+05:30,2026-08-18T10:00:00+05:30
exp_bdc33655,trp_7156f558,usr_2433031a,accommodation,Dinner,227.52,AED,227.52,AED,2026-11-17,2026-11-25T09:53:00+05:30,cty_c0f2d9de,,manual,1,active,2026-05-15T10:00:00+05:30,2026-08-18T10:00:00+05:30
exp_086d7794,trp_76c2a4af,usr_68f38693,food,Laundry,19.81,MYR,19.81,INR,2026-11-17,2026-12-02T07:41:00+05:30,cty_c9f34ba7,,manual,0,active,2026-04-12T10:00:00+05:30,2026-08-18T10:00:00+05:30
exp_77460116,trp_fd4e6af3,usr_52de2228,accommodation,Airport taxi,329859.42,IDR,329859.42,IDR,2026-11-17,2026-11-27T10:22:00+05:30,cty_0d9ab6ff,rcp_b63826be,ocr,0,active,2026-06-22T10:00:00+05:30,2026-08-18T10:00:00+05:30
exp_98265aa0,trp_929cc01b,usr_6e20f92e,accommodation,Museum tickets,627.58,MVR,627.58,INR,2026-11-11,2026-11-09T21:43:00+05:30,cty_9aa02925,,manual,0,active,2026-04-19T10:00:00+05:30,2026-08-18T10:00:00+05:30
exp_ac108efe,trp_f45d3ef9,usr_c4dc3602,shopping,Boat ride,1722.04,INR,1722.04,INR,2026-08-01,2026-06-28T22:42:00+05:30,cty_d35a9652,,manual,1,active,2026-03-28T10:00:00+05:30,2026-08-18T10:00:00+05:30
exp_fdadd267,trp_72f16fa8,usr_df77fb8e,transport,Souvenirs,1144.19,INR,1144.19,INR,2026-11-17,2026-11-23T07:09:00+05:30,cty_f288c6a0,,nl_text,0,active,2026-07-07T10:00:00+05:30,2026-08-18T10:00:00+05:30
exp_a5117efa,trp_9af6e7d4,usr_e7b2dd09,accommodation,Coffee and snacks,9695.06,INR,9695.06,INR,2026-08-01,2026-06-11T09:22:00+05:30,cty_f288c6a0,,manual,1,active,2026-07-18T10:00:00+05:30,2026-08-18T10:00:00+05:30
exp_3c528a42,trp_af330315,usr_f50e2299,activities,Auto to the fort,1163.73,INR,1163.73,INR,2026-08-01,2026-08-04T22:25:00+05:30,cty_ab50efee,,nl_text,0,active,2026-07-19T10:00:00+05:30,2026-08-18T10:00:00+05:30
exp_57e5bc64,trp_c60c3b5a,usr_c46032f3,accommodation,Souvenirs,8516.02,INR,8516.02,INR,2026-08-19,2026-08-21T08:29:00+05:30,cty_d401ef6b,,manual,1,active,2026-06-01T10:00:00+05:30,2026-08-18T10:00:00+05:30
exp_73a2108e,trp_5f84d260,usr_5307f01f,transport,Boat ride,1924.11,INR,1924.11,INR,2026-10-18,2026-10-18T21:08:00+05:30,cty_ccb4fb74,,manual,0,active,2026-08-06T10:00:00+05:30,2026-08-18T10:00:00+05:30
exp_63a65c98,trp_edc2177c,usr_05e40dfc,accommodation,Coffee and snacks,7769.43,INR,7769.43,INR,2026-08-01,2026-06-25T11:02:00+05:30,cty_0d062a51,,manual,1,active,2026-07-11T10:00:00+05:30,2026-08-18T10:00:00+05:30
exp_b634281a,trp_ce0a9b4e,usr_7e89b5af,shopping,Auto to the fort,871.74,INR,871.74,INR,2026-11-17,2026-11-25T17:27:00+05:30,cty_c97e6cd5,,manual,1,active,2026-06-03T10:00:00+05:30,2026-08-18T10:00:00+05:30
exp_b7764356,trp_fefb6d73,usr_4b9412c5,accommodation,Airport taxi,7659.35,INR,7659.35,INR,2026-08-07,2026-08-10T12:53:00+05:30,cty_0d9ab6ff,,manual,1,active,2026-07-28T10:00:00+05:30,2026-08-18T10:00:00+05:30
exp_5a9dc61b,trp_57a36f81,usr_aaf1c470,accommodation,Laundry,5206.54,INR,945.64,MVR,2026-08-01,2026-06-30T12:16:00+05:30,cty_32e8e65c,rcp_b9c4ef5f,ocr,1,active,2026-06-29T10:00:00+05:30,2026-08-18T10:00:00+05:30
exp_f99558eb,trp_5bb207b2,usr_b96ef58c,food,Auto to the fort,701.08,INR,701.08,INR,2026-10-30,2026-11-01T07:57:00+05:30,cty_d4f5e3a5,,manual,1,active,2026-06-25T10:00:00+05:30,2026-08-18T10:00:00+05:30
exp_a12ae3cc,trp_9e0e3864,usr_bc9d20fa,transport,Souvenirs,482.46,INR,482.46,INR,2026-08-01,2026-06-27T18:46:00+05:30,cty_a97c33ad,,manual,1,active,2026-07-25T10:00:00+05:30,2026-08-18T10:00:00+05:30
exp_d502ed2d,trp_ab774ec9,usr_693c20b9,accommodation,Guide tip,2646.00,THB,2646.00,THB,2026-08-01,2026-07-16T07:42:00+05:30,cty_67ee7f6f,,manual,0,active,2026-04-15T10:00:00+05:30,2026-08-18T10:00:00+05:30
exp_127d633c,trp_cef915ff,usr_7796e5e8,food,Dinner,937.39,INR,937.39,INR,2026-08-01,2026-05-22T22:12:00+05:30,cty_7be8559f,,manual,1,active,2026-07-02T10:00:00+05:30,2026-08-18T10:00:00+05:30
exp_2d5814d7,trp_ae6b4527,usr_98212b28,food,Souvenirs,533.89,INR,533.89,INR,2026-08-01,2026-06-07T18:29:00+05:30,cty_d35a9652,rcp_ed949b5a,ocr,0,active,2026-04-09T10:00:00+05:30,2026-08-18T10:00:00+05:30
exp_611cfa7e,trp_cdcc78b4,usr_7157baa6,transport,Coffee and snacks,1710.78,INR,1710.78,INR,2026-08-01,2026-05-26T15:16:00+05:30,cty_0b92e2e7,,manual,1,active,2026-04-02T10:00:00+05:30,2026-08-18T10:00:00+05:30
exp_5f50d5cb,trp_e0e73f4f,usr_62a77a41,accommodation,Souvenirs,7359.13,INR,7359.13,INR,2026-08-01,2026-06-11T15:20:00+05:30,cty_7f673457,,manual,1,active,2026-06-17T10:00:00+05:30,2026-08-18T10:00:00+05:30
exp_53a828a5,trp_d8d828d7,usr_36c3dbed,activities,Museum tickets,53.28,QAR,12.82,CHF,2026-08-13,2026-08-13T19:44:00+05:30,cty_6320eea9,,manual,1,active,2026-07-03T10:00:00+05:30,2026-08-18T10:00:00+05:30
exp_e24a7279,trp_15632e85,usr_bc67142c,transport,Airport taxi,388.26,MVR,388.26,INR,2026-09-12,2026-09-14T07:08:00+05:30,cty_9aa02925,,manual,1,active,2026-04-10T10:00:00+05:30,2026-08-18T10:00:00+05:30
exp_01fcf60a,trp_22fefa8b,usr_29fdaeb0,food,Auto to the fort,1591.71,INR,1591.71,INR,2026-08-25,2026-08-28T19:44:00+05:30,cty_590d4b7b,,nl_text,0,active,2026-05-13T10:00:00+05:30,2026-08-18T10:00:00+05:30
exp_17df4621,trp_aad6a7fa,usr_3b70ae01,transport,Boat ride,459.66,INR,459.66,INR,2026-08-13,2026-08-11T14:14:00+05:30,cty_076e8e86,,nl_text,0,active,2026-07-14T10:00:00+05:30,2026-08-18T10:00:00+05:30
exp_e8863310,trp_7d8e2e3c,usr_44604a9d,food,Airport taxi,1458.07,INR,1458.07,INR,2026-08-01,2026-07-27T08:37:00+05:30,cty_17b8ef2f,,manual,0,active,2026-08-14T10:00:00+05:30,2026-08-18T10:00:00+05:30
exp_3e8e5be4,trp_0c4edd73,usr_a6eaecde,food,Dinner,668.33,INR,668.33,INR,2026-11-17,2026-11-29T12:53:00+05:30,cty_541018a9,,manual,0,active,2026-04-14T10:00:00+05:30,2026-08-18T10:00:00+05:30
exp_eb1fa624,trp_7a17c8a1,usr_b8c5bfe0,accommodation,Auto to the fort,9547.52,INR,9547.52,INR,2026-11-17,2026-11-22T10:30:00+05:30,cty_c07454f1,,nl_text,0,active,2026-08-03T10:00:00+05:30,2026-08-18T10:00:00+05:30
exp_1b8b6a54,trp_24b6d605,usr_f4863900,activities,Dinner,66.61,MVR,66.61,MVR,2026-10-24,2026-10-22T07:28:00+05:30,,,manual,1,active,2026-04-14T10:00:00+05:30,2026-08-18T10:00:00+05:30
exp_ec40ea0f,trp_f61c2fce,usr_e7b2dd09,food,Auto to the fort,500.89,INR,500.89,INR,2026-08-01,2026-07-30T10:59:00+05:30,cty_5d572c8a,,manual,1,active,2026-04-09T10:00:00+05:30,2026-08-18T10:00:00+05:30
exp_6997fb79,trp_c7b6e5c7,usr_e7722766,food,Airport taxi,420.93,INR,6.67,SGD,2026-08-01,2026-06-07T12:18:00+05:30,cty_d4f5e3a5,,manual,1,active,2026-07-19T10:00:00+05:30,2026-08-18T10:00:00+05:30
exp_0c3b0088,trp_25a53353,usr_24e54a31,activities,Guide tip,520.07,THB,520.07,INR,2026-08-01,2026-07-16T20:57:00+05:30,cty_a5f16904,,manual,1,active,2026-06-10T10:00:00+05:30,2026-08-18T10:00:00+05:30
exp_2a409f32,trp_2d23dd64,usr_7e340c2a,transport,Laundry,809.01,INR,809.01,INR,2026-08-01,2026-05-10T16:06:00+05:30,cty_cfec17b6,,manual,0,active,2026-04-29T10:00:00+05:30,2026-08-18T10:00:00+05:30
exp_9266772b,trp_ebd8ca83,usr_c010ce3c,food,Boat ride,558.39,INR,558.39,INR,2026-10-06,2026-10-07T16:15:00+05:30,cty_8fc1539e,,manual,1,active,2026-04-12T10:00:00+05:30,2026-08-18T10:00:00+05:30
exp_8e004546,trp_503f7948,usr_60e00854,transport,Museum tickets,3163.08,NPR,3163.08,INR,2026-11-11,2026-11-10T21:44:00+05:30,cty_95d040d8,,manual,0,active,2026-03-27T10:00:00+05:30,2026-08-18T10:00:00+05:30
exp_f267de66,trp_fbce8226,usr_6a108f4e,activities,Airport taxi,501.93,INR,501.93,INR,2026-08-01,2026-06-06T14:27:00+05:30,cty_5698a7ab,,manual,0,active,2026-07-05T10:00:00+05:30,2026-08-18T10:00:00+05:30
exp_5ad96017,trp_3e263e75,usr_866a8f33,food,Airport taxi,2200.29,NPR,2200.29,INR,2026-10-18,2026-10-20T22:22:00+05:30,cty_c0f2d9de,,nl_text,0,active,2026-06-22T10:00:00+05:30,2026-08-18T10:00:00+05:30
exp_cc5d9740,trp_4b2dcdb7,usr_9d604e2e,food,Airport taxi,1204.30,INR,1204.30,INR,2026-08-01,2026-07-10T20:21:00+05:30,cty_c43cfa94,,manual,0,active,2026-04-15T10:00:00+05:30,2026-08-18T10:00:00+05:30
exp_a4417c5e,trp_d128a566,usr_e1d938d9,accommodation,Museum tickets,3088.20,INR,3088.20,INR,2026-10-24,2026-10-26T21:51:00+05:30,cty_43d0a650,,manual,0,active,2026-05-07T10:00:00+05:30,2026-08-18T10:00:00+05:30
exp_8aadeaa1,trp_79899032,usr_40c95b13,shopping,Auto to the fort,6047.65,LKR,6047.65,INR,2026-08-01,2026-06-16T14:42:00+05:30,cty_009c9fd2,,manual,0,active,2026-04-10T10:00:00+05:30,2026-08-18T10:00:00+05:30
exp_00a6b29d,trp_31e8bc24,usr_ca24d130,food,Museum tickets,1521.78,INR,1521.78,INR,2026-08-01,2026-06-23T19:25:00+05:30,cty_ab50efee,,manual,0,active,2026-07-25T10:00:00+05:30,2026-08-18T10:00:00+05:30
exp_5b8cd4a7,trp_32a84989,usr_0ae483ef,transport,Museum tickets,665.93,INR,665.93,INR,2026-08-01,2026-06-18T13:30:00+05:30,cty_c07454f1,,manual,1,active,2026-05-08T10:00:00+05:30,2026-08-18T10:00:00+05:30
exp_d8cf15bd,trp_95ffc5b8,usr_2b7e8931,food,Boat ride,1499.68,INR,1499.68,INR,2026-11-05,2026-11-07T16:30:00+05:30,cty_0b92e2e7,,manual,1,active,2026-07-17T10:00:00+05:30,2026-08-18T10:00:00+05:30
exp_9969ba4a,trp_57a36f81,usr_aaf1c470,activities,Guide tip,109.25,MVR,109.25,MVR,2026-08-01,2026-07-01T21:03:00+05:30,cty_32e8e65c,,import,1,active,2026-04-02T10:00:00+05:30,2026-08-18T10:00:00+05:30
exp_a8200090,trp_39d6963e,usr_72d88a70,transport,Two nights,6023.83,LKR,6023.83,INR,2026-08-01,2026-05-15T22:54:00+05:30,cty_a50bc5dd,,manual,0,active,2026-07-02T10:00:00+05:30,2026-08-18T10:00:00+05:30
exp_cbb27cbf,trp_8080637f,usr_42dc4da4,activities,Two nights,1827.86,INR,78.64,QAR,2026-08-01,2026-05-20T14:43:00+05:30,cty_c97e6cd5,rcp_b831b956,ocr,1,active,2026-06-30T10:00:00+05:30,2026-08-18T10:00:00+05:30
exp_775b4444,trp_ce030396,usr_580a5fe8,accommodation,Dinner,8955.80,INR,8955.80,INR,2026-09-30,2026-09-28T07:06:00+05:30,cty_0d062a51,,nl_text,1,active,2026-07-20T10:00:00+05:30,2026-08-18T10:00:00+05:30
exp_73360aa4,trp_3dee7b31,usr_72796feb,accommodation,Auto to the fort,1226.46,MVR,1226.46,INR,2026-11-17,2026-11-30T18:56:00+05:30,cty_9aa02925,,manual,1,active,2026-04-23T10:00:00+05:30,2026-08-18T10:00:00+05:30
exp_11f94a5a,trp_fc64f16e,usr_57798fdb,food,Dinner,533.24,INR,533.24,INR,2026-08-01,2026-05-21T15:55:00+05:30,cty_828a7777,,manual,1,active,2026-06-07T10:00:00+05:30,2026-08-18T10:00:00+05:30
exp_62ee0700,trp_db7b894e,usr_a5077371,transport,Two nights,1262.97,INR,1262.97,INR,2026-08-07,2026-08-05T09:47:00+05:30,,,manual,1,active,2026-04-05T10:00:00+05:30,2026-08-18T10:00:00+05:30
exp_9d2c781b,trp_ab774ec9,usr_693c20b9,food,Dinner,1109.42,INR,458.49,THB,2026-08-01,2026-07-11T08:57:00+05:30,cty_67ee7f6f,rcp_86e21a9c,ocr,1,active,2026-08-04T10:00:00+05:30,2026-08-18T10:00:00+05:30
exp_0f832bd8,trp_be19b00c,usr_c25e06d9,accommodation,Dinner,3263.41,INR,3263.41,INR,2026-11-05,2026-11-08T11:25:00+05:30,cty_b6ccbb3b,,manual,1,active,2026-05-10T10:00:00+05:30,2026-08-18T10:00:00+05:30
exp_a599f1d1,trp_1765a1ad,usr_8cace6bd,shopping,Souvenirs,2116.61,NPR,2116.61,INR,2026-08-19,2026-08-21T16:41:00+05:30,cty_c0f2d9de,,manual,0,active,2026-08-09T10:00:00+05:30,2026-08-18T10:00:00+05:30
exp_500390cc,trp_77576097,usr_3e25dcc6,food,Souvenirs,1504.62,INR,5467.59,LKR,2026-11-17,2026-12-07T10:03:00+05:30,cty_17b8ef2f,,nl_text,0,active,2026-03-24T10:00:00+05:30,2026-08-18T10:00:00+05:30
exp_d6dabce9,trp_d10b37ba,usr_51247360,activities,Coffee and snacks,1599.14,INR,1599.14,INR,2026-10-06,2026-10-08T11:16:00+05:30,cty_cfec17b6,,manual,0,active,2026-07-02T10:00:00+05:30,2026-08-18T10:00:00+05:30
exp_b10409ad,trp_04666cc6,usr_8317ab30,activities,Coffee and snacks,1566.00,BTN,1566.00,INR,2026-08-01,2026-05-13T16:23:00+05:30,cty_79cbc59b,,nl_text,0,active,2026-04-25T10:00:00+05:30,2026-08-18T10:00:00+05:30
exp_8022a8dd,trp_f861423a,usr_e528f9b0,transport,Auto to the fort,1634.90,INR,1634.90,INR,2026-08-01,2026-06-16T16:52:00+05:30,cty_7f673457,rcp_1d81fcd5,ocr,1,active,2026-05-06T10:00:00+05:30,2026-08-18T10:00:00+05:30
exp_910d304f,trp_ab02433c,usr_ca0410cb,transport,Guide tip,2259.99,INR,2259.99,INR,2026-11-17,2026-11-20T13:12:00+05:30,,,manual,1,active,2026-08-13T10:00:00+05:30,2026-08-18T10:00:00+05:30
exp_167d22b9,trp_ad48f44b,usr_dc032205,food,Guide tip,557.28,INR,557.28,INR,2026-08-13,2026-08-12T13:11:00+05:30,cty_b6ccbb3b,rcp_62a5ecee,ocr,0,active,2026-07-29T10:00:00+05:30,2026-08-18T10:00:00+05:30
exp_543cf63a,trp_f2bf08e7,usr_7e684451,accommodation,Dinner,6153.43,INR,6153.43,INR,2026-11-17,2026-11-15T15:49:00+05:30,cty_ab50efee,,manual,1,active,2026-03-25T10:00:00+05:30,2026-08-18T10:00:00+05:30
exp_49bc500e,trp_7f99f942,usr_65b43f7e,transport,Two nights,1011.77,INR,1011.77,INR,2026-10-24,2026-10-24T10:32:00+05:30,cty_0d9ab6ff,,nl_text,1,active,2026-07-01T10:00:00+05:30,2026-08-18T10:00:00+05:30
exp_3aade701,trp_e900e96a,usr_e6dcafe4,transport,Laundry,817.74,NPR,817.74,INR,2026-08-01,2026-06-10T21:48:00+05:30,cty_95d040d8,,manual,0,active,2026-08-02T10:00:00+05:30,2026-08-18T10:00:00+05:30
exp_9b1fb123,trp_3faed012,usr_d504f21d,fees,Laundry,621.79,INR,621.79,INR,2026-08-13,2026-08-12T09:29:00+05:30,,,manual,1,active,2026-06-07T10:00:00+05:30,2026-08-18T10:00:00+05:30
exp_60e064ef,trp_fc58b9bd,usr_1c8154b9,misc,Boat ride,725.22,INR,725.22,INR,2026-08-01,2026-06-25T22:32:00+05:30,cty_10cbee86,,manual,0,active,2026-05-03T10:00:00+05:30,2026-08-18T10:00:00+05:30
exp_d20834b4,trp_7a22e52a,usr_aefdae86,transport,Two nights,1336.09,INR,1336.09,INR,2026-11-17,2026-11-24T14:40:00+05:30,cty_541018a9,,manual,0,active,2026-06-03T10:00:00+05:30,2026-08-18T10:00:00+05:30
exp_0282914a,trp_7fe2e631,usr_f3d35bfe,activities,Museum tickets,54.53,AED,54.53,INR,2026-08-01,2026-06-26T22:45:00+05:30,cty_1ced6ede,,manual,1,active,2026-04-13T10:00:00+05:30,2026-08-18T10:00:00+05:30
exp_c73a05d7,trp_77576097,usr_01d12bc2,accommodation,Two nights,4844.96,INR,17605.96,LKR,2026-11-17,2026-12-04T22:34:00+05:30,cty_17b8ef2f,,manual,1,active,2026-05-22T10:00:00+05:30,2026-08-18T10:00:00+05:30
exp_70b677b2,trp_c1603110,usr_abeaa148,shopping,Laundry,3293.52,INR,52.21,SGD,2026-08-01,2026-05-08T11:50:00+05:30,,,nl_text,0,active,2026-07-18T10:00:00+05:30,2026-08-18T10:00:00+05:30
exp_d2106cdd,trp_1898ff3a,usr_9afd8eab,food,Guide tip,1336.15,NPR,1336.15,INR,2026-11-17,2026-12-04T20:11:00+05:30,,,nl_text,1,active,2026-06-27T10:00:00+05:30,2026-08-18T10:00:00+05:30
exp_f69d2546,trp_9f0fac81,usr_672d3dd6,activities,Souvenirs,3829.90,LKR,3829.90,LKR,2026-08-01,2026-05-26T19:45:00+05:30,cty_c0f2d9de,,manual,0,active,2026-04-12T10:00:00+05:30,2026-08-18T10:00:00+05:30
exp_66bda4b9,trp_81b0e4f1,usr_e2490a9e,food,Boat ride,1572.89,INR,1572.89,INR,2026-08-13,2026-08-14T20:09:00+05:30,cty_7f673457,,manual,0,active,2026-04-11T10:00:00+05:30,2026-08-18T10:00:00+05:30
exp_271238e8,trp_e6cd4e0f,usr_949a215d,accommodation,Guide tip,4223.74,INR,4223.74,INR,2026-08-01,2026-06-30T21:56:00+05:30,cty_0d062a51,,manual,0,active,2026-06-19T10:00:00+05:30,2026-08-18T10:00:00+05:30
exp_a88b8e78,trp_baeb9644,usr_0000ca76,activities,Boat ride,1462.56,INR,1462.56,INR,2026-09-30,2026-10-03T14:08:00+05:30,cty_34bbfdfe,,manual,0,active,2026-04-07T10:00:00+05:30,2026-08-18T10:00:00+05:30
exp_926531d9,trp_89ad1eee,usr_db93de1b,transport,Auto to the fort,2333.73,INR,3685.34,NPR,2026-08-01,2026-05-22T22:47:00+05:30,cty_7fc82336,,manual,1,active,2026-06-28T10:00:00+05:30,2026-08-18T10:00:00+05:30
exp_103a0359,trp_39d6963e,usr_72d88a70,accommodation,Museum tickets,24124.85,LKR,24124.85,INR,2026-08-01,2026-05-15T20:26:00+05:30,cty_a50bc5dd,,manual,0,active,2026-08-17T10:00:00+05:30,2026-08-18T10:00:00+05:30
exp_f9a9b925,trp_3173cbf9,usr_7101a5b5,food,Auto to the fort,1061.94,INR,1061.94,INR,2026-08-01,2026-07-13T13:48:00+05:30,cty_0b7f5985,,manual,1,active,2026-07-11T10:00:00+05:30,2026-08-18T10:00:00+05:30
exp_629765e0,trp_f6a466fb,usr_90a46b92,food,Boat ride,1470.28,LKR,1470.28,INR,2026-08-01,2026-07-01T13:36:00+05:30,cty_009c9fd2,,manual,1,active,2026-07-04T10:00:00+05:30,2026-08-18T10:00:00+05:30
exp_a8b1d4e0,trp_7013467c,usr_5bbebfef,food,Guide tip,290.95,MVR,290.95,INR,2026-11-17,2026-11-21T18:16:00+05:30,cty_9aa02925,,nl_text,0,active,2026-06-09T10:00:00+05:30,2026-08-18T10:00:00+05:30
exp_41de5ee9,trp_d6b492f9,usr_0389057b,accommodation,Boat ride,2510.78,INR,2510.78,INR,2026-08-01,2026-05-31T09:33:00+05:30,cty_1ced6ede,,manual,0,active,2026-04-05T10:00:00+05:30,2026-08-18T10:00:00+05:30
exp_ad975363,trp_aaec0d9c,usr_0e9166f0,accommodation,Souvenirs,8333.76,INR,8333.76,INR,2026-08-01,2026-06-16T09:47:00+05:30,cty_34bbfdfe,,manual,0,active,2026-06-09T10:00:00+05:30,2026-08-18T10:00:00+05:30
exp_ec950329,trp_67af61b6,usr_0cae1422,food,Souvenirs,1176.13,INR,1176.13,INR,2026-08-31,2026-08-30T14:55:00+05:30,cty_ccb4fb74,,manual,0,active,2026-05-07T10:00:00+05:30,2026-08-18T10:00:00+05:30
exp_ce164f0c,trp_79d0c6ca,usr_25e8a118,activities,Laundry,411.06,THB,10.24,CHF,2026-10-30,2026-10-30T19:22:00+05:30,cty_a5f16904,,manual,0,active,2026-05-24T10:00:00+05:30,2026-08-18T10:00:00+05:30
exp_57f04ae2,trp_2ee981f7,usr_0389057b,transport,Guide tip,1530.28,INR,1530.28,INR,2026-08-01,2026-07-29T13:47:00+05:30,cty_a97c33ad,,manual,0,active,2026-03-23T10:00:00+05:30,2026-08-18T10:00:00+05:30
exp_dd439dba,trp_23669283,usr_240785d4,accommodation,Two nights,1659.60,INR,1659.60,INR,2026-08-01,2026-07-05T11:54:00+05:30,cty_f288c6a0,,manual,0,active,2026-06-18T10:00:00+05:30,2026-08-18T10:00:00+05:30
exp_320ccabf,trp_86a8180b,usr_a25f0129,transport,Boat ride,2004.99,INR,2004.99,INR,2026-11-11,2026-11-09T20:52:00+05:30,cty_9aa02925,,manual,0,active,2026-05-01T10:00:00+05:30,2026-08-18T10:00:00+05:30
exp_aa0e971e,trp_c4b22e96,usr_5f1e6e1c,food,Auto to the fort,655.99,INR,655.99,INR,2026-08-13,2026-08-12T20:17:00+05:30,cty_51a149b7,,import,0,active,2026-07-14T10:00:00+05:30,2026-08-18T10:00:00+05:30
exp_4c290b5d,trp_0f181044,usr_6303c026,food,Airport taxi,395.99,INR,17.29,QAR,2026-09-06,2026-09-08T19:13:00+05:30,cty_f288c6a0,,manual,0,active,2026-08-14T10:00:00+05:30,2026-08-18T10:00:00+05:30
exp_69f9dc29,trp_e59e0b3d,usr_701b0010,accommodation,Museum tickets,13530.79,JPY,13530.79,INR,2026-10-06,2026-10-04T08:35:00+05:30,cty_51a149b7,,manual,1,active,2026-04-17T10:00:00+05:30,2026-08-18T10:00:00+05:30
exp_f4853a46,trp_2ee78a2e,usr_20594684,fees,Museum tickets,762.85,INR,762.85,INR,2026-08-01,2026-06-01T15:05:00+05:30,cty_32e8e65c,,manual,0,active,2026-07-14T10:00:00+05:30,2026-08-18T10:00:00+05:30
exp_056801d9,trp_06e06151,usr_3a36b154,accommodation,Boat ride,2074.74,INR,2074.74,INR,2026-11-05,2026-11-08T12:42:00+05:30,cty_5d572c8a,,nl_text,0,active,2026-04-12T10:00:00+05:30,2026-08-18T10:00:00+05:30
exp_6a83eb9b,trp_e617ca9d,usr_72dfb712,transport,Dinner,646.67,INR,646.67,INR,2026-09-24,2026-09-23T13:53:00+05:30,cty_d4f5e3a5,,import,0,active,2026-03-23T10:00:00+05:30,2026-08-18T10:00:00+05:30
exp_1eaabe77,trp_e51fe665,usr_107ab982,activities,Auto to the fort,228657.83,IDR,228657.83,IDR,2026-08-01,2026-05-20T09:33:00+05:30,cty_905fd8a1,,manual,0,active,2026-06-13T10:00:00+05:30,2026-08-18T10:00:00+05:30
exp_09379bfe,trp_d647222e,usr_42a441dc,food,Two nights,1490.27,INR,1490.27,INR,2026-08-07,2026-08-06T18:31:00+05:30,cty_7f673457,,nl_text,1,active,2026-04-25T10:00:00+05:30,2026-08-18T10:00:00+05:30
exp_2af7b5e8,trp_e1f3d0e8,usr_ce09de03,shopping,Souvenirs,73.44,QAR,17.60,CHF,2026-08-31,2026-09-02T21:07:00+05:30,cty_6320eea9,,nl_text,0,active,2026-05-18T10:00:00+05:30,2026-08-18T10:00:00+05:30
exp_a950e5fc,trp_e6cd4e0f,usr_ce9ee3ae,accommodation,Coffee and snacks,2962.29,INR,2962.29,INR,2026-08-01,2026-06-28T18:56:00+05:30,cty_0d062a51,,manual,1,active,2026-07-04T10:00:00+05:30,2026-08-18T10:00:00+05:30
exp_1453ee02,trp_db8edb3f,usr_bc4b67f6,accommodation,Auto to the fort,6154.52,INR,99.63,SGD,2026-09-18,2026-09-19T18:07:00+05:30,cty_f29656ff,,manual,0,active,2026-07-19T10:00:00+05:30,2026-08-18T10:00:00+05:30
exp_e6d914f1,trp_6c80cfa7,usr_de458aa5,food,Boat ride,1567.13,INR,1567.13,INR,2026-08-01,2026-06-11T12:36:00+05:30,cty_0d9ab6ff,,manual,1,active,2026-04-12T10:00:00+05:30,2026-08-18T10:00:00+05:30
exp_53e61064,trp_1ceb9811,usr_2881e5be,activities,Museum tickets,1039.09,INR,1039.09,INR,2026-10-18,2026-10-18T08:28:00+05:30,cty_cfec17b6,,manual,1,active,2026-05-08T10:00:00+05:30,2026-08-18T10:00:00+05:30
exp_7bd2ab60,trp_bd664180,usr_a8caec17,transport,Coffee and snacks,1105.49,INR,1105.49,INR,2026-10-18,2026-10-16T08:49:00+05:30,cty_d35a9652,,manual,1,active,2026-03-22T10:00:00+05:30,2026-08-18T10:00:00+05:30
exp_75e2ae62,trp_d8f6113f,usr_a3f4f2d9,transport,Guide tip,2058.98,INR,89.64,AED,2026-08-01,2026-05-31T11:58:00+05:30,cty_f8b75f8e,,manual,1,active,2026-05-26T10:00:00+05:30,2026-08-18T10:00:00+05:30
exp_87a9b1a9,trp_7945b3eb,usr_810e7b81,food,Laundry,673.39,INR,673.39,INR,2026-09-18,2026-09-16T08:29:00+05:30,cty_7cb0b529,,manual,0,active,2026-06-25T10:00:00+05:30,2026-08-18T10:00:00+05:30
exp_5161c083,trp_9d4a5a9e,usr_7b318031,transport,Airport taxi,490.90,BTN,490.90,INR,2026-10-30,2026-11-02T18:50:00+05:30,,,manual,0,active,2026-03-28T10:00:00+05:30,2026-08-18T10:00:00+05:30
exp_b2562492,trp_6d961db4,usr_fd8f7b49,food,Coffee and snacks,1206.38,INR,1206.38,INR,2026-08-01,2026-07-21T18:03:00+05:30,cty_7f673457,,manual,0,active,2026-07-10T10:00:00+05:30,2026-08-18T10:00:00+05:30
exp_742c8d52,trp_37763b22,usr_34f98272,food,Guide tip,845.21,INR,845.21,INR,2026-10-30,2026-11-02T18:22:00+05:30,,,manual,0,active,2026-06-19T10:00:00+05:30,2026-08-18T10:00:00+05:30
exp_01cbc014,trp_0cf04e06,usr_9cb9eedc,accommodation,Dinner,8937.88,INR,8937.88,INR,2026-10-24,2026-10-26T14:47:00+05:30,cty_67ee7f6f,,import,0,active,2026-07-11T10:00:00+05:30,2026-08-18T10:00:00+05:30
exp_3dbdc230,trp_ab02433c,usr_bc67142c,transport,Laundry,1225.21,INR,1225.21,INR,2026-11-17,2026-11-20T22:16:00+05:30,cty_7f673457,,manual,1,active,2026-04-21T10:00:00+05:30,2026-08-18T10:00:00+05:30
exp_d4218319,trp_d17c30b0,usr_af17aeaa,accommodation,Auto to the fort,3548.62,INR,3548.62,INR,2026-08-01,2026-05-27T20:03:00+05:30,cty_43d0a650,,manual,0,active,2026-05-20T10:00:00+05:30,2026-08-18T10:00:00+05:30
exp_74e59361,trp_1898ff3a,usr_9afd8eab,transport,Guide tip,1871.37,NPR,1871.37,INR,2026-11-17,2026-12-06T07:03:00+05:30,cty_95d040d8,,manual,0,active,2026-05-22T10:00:00+05:30,2026-08-18T10:00:00+05:30
exp_b87e21a8,trp_6dccaaae,usr_b829ab46,shopping,Boat ride,363193.03,IDR,363193.03,INR,2026-10-18,2026-10-21T14:15:00+05:30,cty_36afaa5c,,manual,1,active,2026-06-16T10:00:00+05:30,2026-08-18T10:00:00+05:30
exp_714ed279,trp_e51fe665,usr_107ab982,misc,Coffee and snacks,11.01,SGD,132657.85,IDR,2026-08-01,2026-05-24T11:01:00+05:30,cty_905fd8a1,,manual,0,active,2026-08-16T10:00:00+05:30,2026-08-18T10:00:00+05:30
exp_1db929aa,trp_d4204375,usr_e10845c8,transport,Two nights,469.71,INR,469.71,INR,2026-08-07,2026-08-07T09:24:00+05:30,cty_7be8559f,,manual,0,active,2026-03-31T10:00:00+05:30,2026-08-18T10:00:00+05:30
exp_e1eaf076,trp_ab774ec9,usr_74e3ecb1,accommodation,Museum tickets,9757.89,INR,4032.65,THB,2026-08-01,2026-07-15T09:45:00+05:30,cty_67ee7f6f,,manual,0,active,2026-04-30T10:00:00+05:30,2026-08-18T10:00:00+05:30
exp_5f4ce356,trp_9e0e3864,usr_bc9d20fa,activities,Coffee and snacks,1601.61,INR,1601.61,INR,2026-08-01,2026-06-29T16:18:00+05:30,cty_a97c33ad,,import,1,active,2026-04-20T10:00:00+05:30,2026-08-18T10:00:00+05:30
exp_5ab943f3,trp_0c4edd73,usr_a6eaecde,activities,Boat ride,467.77,INR,467.77,INR,2026-11-17,2026-12-01T07:32:00+05:30,cty_541018a9,,manual,0,active,2026-05-20T10:00:00+05:30,2026-08-18T10:00:00+05:30
exp_6a8d65e3,trp_ab6c0ec2,usr_36c3dbed,food,Museum tickets,895.06,INR,895.06,INR,2026-08-13,2026-08-12T14:09:00+05:30,cty_32e8e65c,,nl_text,1,active,2026-07-03T10:00:00+05:30,2026-08-18T10:00:00+05:30
exp_abf6cea9,trp_7a17c8a1,usr_b8c5bfe0,activities,Laundry,709.14,INR,709.14,INR,2026-11-17,2026-11-23T12:19:00+05:30,cty_c07454f1,,nl_text,0,active,2026-05-31T10:00:00+05:30,2026-08-18T10:00:00+05:30
exp_14e26d72,trp_91d592b2,usr_8d937b9e,food,Guide tip,1077.79,INR,1077.79,INR,2026-11-17,2026-12-01T18:03:00+05:30,cty_10cbee86,,manual,0,active,2026-04-17T10:00:00+05:30,2026-08-18T10:00:00+05:30
exp_c9312aee,trp_a0b8b8af,usr_8e89346c,accommodation,Boat ride,32838.64,LKR,32838.64,INR,2026-11-17,2026-11-19T07:55:00+05:30,cty_009c9fd2,,manual,0,active,2026-04-08T10:00:00+05:30,2026-08-18T10:00:00+05:30
exp_436498db,trp_c523a05c,usr_fc3617c0,activities,Two nights,858.08,INR,858.08,INR,2026-09-30,2026-10-03T18:58:00+05:30,,,nl_text,0,active,2026-07-18T10:00:00+05:30,2026-08-18T10:00:00+05:30
exp_c18c6909,trp_3addadca,usr_ce09de03,shopping,Boat ride,1240.55,INR,12.86,CHF,2026-08-01,2026-07-30T11:01:00+05:30,cty_0d9ab6ff,,manual,0,active,2026-05-10T10:00:00+05:30,2026-08-18T10:00:00+05:30
exp_0cb0dec3,trp_026533d5,usr_ddfa0cd0,food,Two nights,20.72,AED,1665.20,LKR,2026-08-31,2026-08-31T16:32:00+05:30,cty_1ced6ede,,import,0,active,2026-07-14T10:00:00+05:30,2026-08-18T10:00:00+05:30
exp_66823d2f,trp_92aba9c1,usr_dce3bc90,shopping,Souvenirs,2851.73,INR,2851.73,INR,2026-11-17,2026-11-30T21:01:00+05:30,cty_caf3c1ee,,manual,1,active,2026-04-17T10:00:00+05:30,2026-08-18T10:00:00+05:30
exp_6e8b585e,trp_25e25e9c,usr_0389057b,accommodation,Coffee and snacks,325.40,QAR,325.40,INR,2026-11-17,2026-11-30T19:34:00+05:30,cty_6320eea9,,nl_text,0,active,2026-04-16T10:00:00+05:30,2026-08-18T10:00:00+05:30
exp_e0e28a1f,trp_e8bed4a6,usr_32f091df,food,Airport taxi,476.04,INR,476.04,INR,2026-08-01,2026-05-20T12:23:00+05:30,cty_7cb0b529,,nl_text,0,active,2026-05-25T10:00:00+05:30,2026-08-18T10:00:00+05:30
exp_79292d72,trp_dbe8a03a,usr_62b3f8b8,accommodation,Laundry,2822.83,INR,2822.83,INR,2026-11-17,2026-11-23T16:03:00+05:30,cty_34bbfdfe,,manual,1,active,2026-05-16T10:00:00+05:30,2026-08-18T10:00:00+05:30
exp_c632ba1c,trp_6b3bd54e,usr_0551c67a,shopping,Museum tickets,3235.51,INR,3235.51,INR,2026-09-06,2026-09-07T16:37:00+05:30,cty_009c9fd2,,nl_text,1,active,2026-05-22T10:00:00+05:30,2026-08-18T10:00:00+05:30
exp_56eb2dfc,trp_cb526c8f,usr_538f6e20,activities,Guide tip,1755.46,INR,1755.46,INR,2026-11-17,2026-12-09T07:12:00+05:30,cty_c97e6cd5,,manual,0,active,2026-06-05T10:00:00+05:30,2026-08-18T10:00:00+05:30
exp_bac2bdb2,trp_94e301b8,usr_0382185a,transport,Dinner,2171.42,INR,2171.42,INR,2026-08-01,2026-06-11T07:12:00+05:30,cty_cf1c6ac5,,manual,1,active,2026-03-27T10:00:00+05:30,2026-08-18T10:00:00+05:30
exp_6d5557a5,trp_154f5086,usr_8e56e75b,accommodation,Dinner,423.71,AED,423.71,AED,2026-08-31,2026-09-02T17:55:00+05:30,cty_ab50efee,,manual,1,active,2026-05-07T10:00:00+05:30,2026-08-18T10:00:00+05:30
exp_58ab8372,trp_5bb207b2,usr_b96ef58c,food,Auto to the fort,1559.36,INR,1559.36,INR,2026-11-05,2026-11-04T21:49:00+05:30,cty_d4f5e3a5,rcp_10342383,ocr,0,active,2026-03-23T10:00:00+05:30,2026-08-18T10:00:00+05:30
exp_69a236c4,trp_d22f372f,usr_cc3e5793,transport,Museum tickets,729.40,INR,729.40,INR,2026-09-24,2026-09-22T11:59:00+05:30,cty_9327d518,,manual,1,active,2026-06-29T10:00:00+05:30,2026-08-18T10:00:00+05:30
exp_eaabc93a,trp_b61bda4b,usr_7f6e49de,accommodation,Museum tickets,5036.02,INR,5036.02,INR,2026-09-12,2026-09-15T17:31:00+05:30,cty_ab50efee,,manual,0,active,2026-06-04T10:00:00+05:30,2026-08-18T10:00:00+05:30
exp_f6c93a51,trp_41efeeee,usr_9cb9eedc,food,Airport taxi,434.19,INR,434.19,INR,2026-08-01,2026-05-18T09:04:00+05:30,cty_f288c6a0,,nl_text,0,active,2026-06-23T10:00:00+05:30,2026-08-18T10:00:00+05:30
exp_6b4f842c,trp_087633e3,usr_4cbf6de6,activities,Coffee and snacks,1003.38,INR,1003.38,INR,2026-11-17,2026-12-13T12:13:00+05:30,cty_5698a7ab,,manual,0,active,2026-07-21T10:00:00+05:30,2026-08-18T10:00:00+05:30
exp_9154a412,trp_bab07b17,usr_b6d5d98c,accommodation,Museum tickets,221.08,QAR,221.08,INR,2026-08-01,2026-06-26T19:29:00+05:30,cty_6320eea9,,manual,0,active,2026-05-10T10:00:00+05:30,2026-08-18T10:00:00+05:30
exp_040b3d47,trp_39a1ce04,usr_488b3ced,food,Two nights,1423.41,INR,1423.41,INR,2026-08-01,2026-05-12T12:30:00+05:30,cty_0b92e2e7,,manual,1,active,2026-05-09T10:00:00+05:30,2026-08-18T10:00:00+05:30
exp_646a36bc,trp_4507663e,usr_05e40dfc,transport,Coffee and snacks,882.51,INR,882.51,INR,2026-08-01,2026-06-04T18:22:00+05:30,cty_10cbee86,,manual,0,active,2026-05-21T10:00:00+05:30,2026-08-18T10:00:00+05:30
exp_ccc29fef,trp_3eae7fcb,usr_ca6dc019,transport,Souvenirs,6279.71,LKR,6279.71,INR,2026-08-01,2026-06-12T11:18:00+05:30,cty_a50bc5dd,,manual,0,active,2026-05-09T10:00:00+05:30,2026-08-18T10:00:00+05:30
exp_ad0b7384,trp_dbe8a03a,usr_62b3f8b8,food,Laundry,603.30,INR,603.30,INR,2026-11-17,2026-11-23T17:53:00+05:30,cty_34bbfdfe,,manual,0,active,2026-07-30T10:00:00+05:30,2026-08-18T10:00:00+05:30
exp_d8f11860,trp_32ae8bfe,usr_63d19d4c,food,Museum tickets,1547.09,INR,1547.09,INR,2026-08-01,2026-05-21T22:01:00+05:30,cty_f29656ff,,nl_text,0,active,2026-04-26T10:00:00+05:30,2026-08-18T10:00:00+05:30
exp_b0fe933f,trp_aa766de3,usr_4e0c977f,shopping,Souvenirs,74.75,QAR,331844.25,IDR,2026-08-01,2026-05-13T15:55:00+05:30,cty_6320eea9,,manual,1,active,2026-07-04T10:00:00+05:30,2026-08-18T10:00:00+05:30
exp_66a71a0b,trp_0cf04e06,usr_9cb9eedc,accommodation,Airport taxi,8220.35,INR,8220.35,INR,2026-10-18,2026-10-20T13:19:00+05:30,cty_67ee7f6f,,manual,0,active,2026-04-24T10:00:00+05:30,2026-08-18T10:00:00+05:30
exp_543a5d45,trp_25a980cf,usr_2da5bb04,food,Auto to the fort,1539.08,INR,2798.96,JPY,2026-09-12,2026-09-15T11:38:00+05:30,,,import,0,active,2026-07-15T10:00:00+05:30,2026-08-18T10:00:00+05:30
exp_e2f67338,trp_3e798eae,usr_c4b23b72,shopping,Museum tickets,6227.14,LKR,6227.14,INR,2026-08-01,2026-06-06T22:22:00+05:30,cty_009c9fd2,,manual,0,active,2026-04-04T10:00:00+05:30,2026-08-18T10:00:00+05:30
