split_id,expense_id,user_id,split_type,share_value,amount,currency,settlement_status,settled_at,updated_at
spl_baa5b74e,exp_ffbdcf1f,usr_8180c222,equal,1,295.42,NPR,settled,2026-08-02T10:00:00+05:30,2026-08-18T10:00:00+05:30
spl_bb81e506,exp_ffbdcf1f,usr_3d1b88d6,equal,1,295.42,NPR,outstanding,,2026-08-18T10:00:00+05:30
spl_da91373e,exp_ffbdcf1f,usr_d8ec0000,equal,1,295.43,NPR,outstanding,,2026-08-18T10:00:00+05:30
spl_b2a6f19d,exp_ffbdcf1f,usr_ea479c41,equal,1,295.43,NPR,outstanding,,2026-08-18T10:00:00+05:30
spl_8b6e1b46,exp_525acb1f,usr_bc4b67f6,equal,1,1280.02,INR,outstanding,,2026-08-18T10:00:00+05:30
spl_9f405e81,exp_525acb1f,usr_2fda18fd,equal,1,1280.03,INR,outstanding,,2026-08-18T10:00:00+05:30
spl_628add2e,exp_525acb1f,usr_580a5fe8,equal,1,1280.03,INR,written_off,,2026-08-18T10:00:00+05:30
spl_36a130e4,exp_76ef05be,usr_949a215d,equal,1,276.38,INR,settled,2026-08-14T10:00:00+05:30,2026-08-18T10:00:00+05:30
spl_d38cd1c5,exp_76ef05be,usr_72dfb712,equal,1,276.39,INR,outstanding,,2026-08-18T10:00:00+05:30
spl_32dc9c12,exp_76ef05be,usr_ce9ee3ae,equal,1,276.39,INR,outstanding,,2026-08-18T10:00:00+05:30
spl_c27518ab,exp_745c6ebe,usr_3e25dcc6,percentage,1.1006,1061.45,INR,outstanding,,2026-08-18T10:00:00+05:30
spl_fd666d58,exp_d50a7c63,usr_f60ade8b,equal,1,3653.95,INR,outstanding,,2026-08-18T10:00:00+05:30
spl_8246b175,exp_08508d24,usr_fedbd227,equal,1,1173.10,INR,outstanding,,2026-08-18T10:00:00+05:30
spl_20e6e7b5,exp_7bd4b6ef,usr_b50df034,shares,1.0162,2068.11,INR,outstanding,,2026-08-18T10:00:00+05:30
spl_3e43e5e0,exp_c53e3822,usr_34f98272,equal,1,626.72,INR,written_off,,2026-08-18T10:00:00+05:30
spl_85aef730,exp_9b159f33,usr_8e272905,equal,1,381.50,INR,outstanding,,2026-08-18T10:00:00+05:30
spl_12641fff,exp_9b159f33,usr_df77fb8e,equal,1,381.50,INR,outstanding,,2026-08-18T10:00:00+05:30
spl_0ded3d21,exp_9b159f33,usr_6c3fae7b,equal,1,381.50,INR,outstanding,,2026-08-18T10:00:00+05:30
spl_198b8f4d,exp_2d3a5b6c,usr_7f9533ad,equal,1,3666.80,INR,outstanding,,2026-08-18T10:00:00+05:30
spl_d38c9205,exp_2d3a5b6c,usr_79248234,equal,1,3666.80,INR,settled,2026-07-26T10:00:00+05:30,2026-08-18T10:00:00+05:30
spl_852d382e,exp_51355d99,usr_544eff67,equal,1,4841.05,INR,settled,2026-07-01T10:00:00+05:30,2026-08-18T10:00:00+05:30
spl_7355e228,exp_51355d99,usr_ba8453d8,equal,1,4841.06,INR,settled,2026-07-02T10:00:00+05:30,2026-08-18T10:00:00+05:30
spl_f0f78e6c,exp_f829d39c,usr_0deee6d9,equal,1,3.16,CHF,outstanding,,2026-08-18T10:00:00+05:30
spl_112697df,exp_f829d39c,usr_7f26d855,equal,1,3.16,CHF,settled,2026-08-17T10:00:00+05:30,2026-08-18T10:00:00+05:30
spl_1f2cfd6c,exp_f829d39c,usr_0f63f4f1,equal,1,3.17,CHF,settled,2026-08-15T10:00:00+05:30,2026-08-18T10:00:00+05:30
spl_4e3ba005,exp_f829d39c,usr_7d446287,equal,1,3.17,CHF,settled,2026-06-24T10:00:00+05:30,2026-08-18T10:00:00+05:30
spl_63a87954,exp_0e463941,usr_949a215d,custom,2.3699,2055.45,INR,settled,2026-06-24T10:00:00+05:30,2026-08-18T10:00:00+05:30
spl_839bf2da,exp_0e463941,usr_72dfb712,custom,2.1097,1829.80,INR,outstanding,,2026-08-18T10:00:00+05:30
spl_d04a5aa2,exp_0e463941,usr_ce9ee3ae,custom,2.4597,2133.42,INR,settled,2026-06-27T10:00:00+05:30,2026-08-18T10:00:00+05:30
spl_3116c86f,exp_25b92fe5,usr_b5327682,equal,1,571.81,INR,settled,2026-08-09T10:00:00+05:30,2026-08-18T10:00:00+05:30
spl_799f69c6,exp_25b92fe5,usr_bc9d20fa,equal,1,571.81,INR,settled,2026-07-19T10:00:00+05:30,2026-08-18T10:00:00+05:30
spl_a638655e,exp_25b92fe5,usr_0f11ccce,equal,1,571.81,INR,settled,2026-08-16T10:00:00+05:30,2026-08-18T10:00:00+05:30
spl_96301bdf,exp_25b92fe5,usr_d3cf0a5d,equal,1,571.81,INR,outstanding,,2026-08-18T10:00:00+05:30
spl_f9fc7421,exp_8ce2d6b7,usr_b2323a23,custom,2.2803,104.44,MYR,written_off,,2026-08-18T10:00:00+05:30
spl_bd583167,exp_e24be9cf,usr_c61e810b,percentage,0.9969,667.94,INR,outstanding,,2026-08-18T10:00:00+05:30
spl_8056081b,exp_e24be9cf,usr_b0226153,percentage,0.797,534.00,INR,outstanding,,2026-08-18T10:00:00+05:30
spl_a7516325,exp_e24be9cf,usr_db37359e,percentage,1.7968,1203.94,INR,outstanding,,2026-08-18T10:00:00+05:30
spl_9f1a50e8,exp_722b2887,usr_aacb82b1,equal,1,15.97,QAR,settled,2026-07-13T10:00:00+05:30,2026-08-18T10:00:00+05:30
spl_0c831d2b,exp_722b2887,usr_9ae9cbcb,equal,1,15.97,QAR,settled,2026-06-28T10:00:00+05:30,2026-08-18T10:00:00+05:30
spl_14f5594a,exp_640d6f3f,usr_21b63d3b,equal,1,18.40,AED,outstanding,,2026-08-18T10:00:00+05:30
spl_8b40fec7,exp_640d6f3f,usr_5307f01f,equal,1,18.41,AED,outstanding,,2026-08-18T10:00:00+05:30
spl_7d3c1524,exp_640d6f3f,usr_2182a4d3,equal,1,18.41,AED,outstanding,,2026-08-18T10:00:00+05:30
spl_1d062121,exp_640d6f3f,usr_7b03ee88,equal,1,18.41,AED,outstanding,,2026-08-18T10:00:00+05:30
spl_0628549d,exp_6f3d7472,usr_d1c73fb8,equal,1,330.23,INR,settled,2026-07-23T10:00:00+05:30,2026-08-18T10:00:00+05:30
spl_dbdea003,exp_6f3d7472,usr_87b11a4d,equal,1,330.23,INR,settled,2026-07-01T10:00:00+05:30,2026-08-18T10:00:00+05:30
spl_9eb5ef45,exp_6f3d7472,usr_ee57ec9a,equal,1,330.23,INR,outstanding,,2026-08-18T10:00:00+05:30
spl_6423019e,exp_240f1e62,usr_fedbd227,equal,1,1396.49,INR,settled,2026-07-20T10:00:00+05:30,2026-08-18T10:00:00+05:30
spl_79d3c2f0,exp_d4d386b1,usr_5b31e64c,custom,2.1241,1437.15,INR,outstanding,,2026-08-18T10:00:00+05:30
spl_8a5f23e8,exp_55221027,usr_fa7951d2,custom,0.8553,256.70,INR,outstanding,,2026-08-18T10:00:00+05:30
spl_3baa8cee,exp_55221027,usr_ea479c41,custom,1.9577,587.59,INR,outstanding,,2026-08-18T10:00:00+05:30
spl_6f9d8437,exp_55221027,usr_2fcc58dc,custom,0.963,289.03,INR,settled,2026-07-18T10:00:00+05:30,2026-08-18T10:00:00+05:30
spl_19f63587,exp_507ed558,usr_c659e4bf,equal,1,75.08,QAR,outstanding,,2026-08-18T10:00:00+05:30
spl_d5f3da35,exp_f100517c,usr_6be041f5,custom,0.7857,2420.83,INR,outstanding,,2026-08-18T10:00:00+05:30
spl_b167a156,exp_8c99086f,usr_64eaee79,equal,1,424.59,INR,settled,2026-07-18T10:00:00+05:30,2026-08-18T10:00:00+05:30
spl_8e8e5be8,exp_8c99086f,usr_54e0dc44,equal,1,424.59,INR,outstanding,,2026-08-18T10:00:00+05:30
spl_1b02383a,exp_8c99086f,usr_9c3deed5,equal,1,424.60,INR,settled,2026-07-17T10:00:00+05:30,2026-08-18T10:00:00+05:30
spl_22f23432,exp_8c99086f,usr_525b1d3c,equal,1,424.60,INR,outstanding,,2026-08-18T10:00:00+05:30
spl_9c9d3be9,exp_c12b8438,usr_8add6423,shares,1.0864,369.87,INR,outstanding,,2026-08-18T10:00:00+05:30
spl_c0a90d72,exp_c12b8438,usr_2808d36a,shares,0.8671,295.21,INR,settled,2026-08-14T10:00:00+05:30,2026-08-18T10:00:00+05:30
spl_1824de1a,exp_c12b8438,usr_d504f21d,shares,2.1575,734.48,INR,settled,2026-08-16T10:00:00+05:30,2026-08-18T10:00:00+05:30
spl_945baa02,exp_c12b8438,usr_6bf6f0c2,shares,1.436,488.89,INR,settled,2026-07-24T10:00:00+05:30,2026-08-18T10:00:00+05:30
spl_8d95d679,exp_451575f3,usr_ddfa0cd0,custom,2.3599,210.65,AED,outstanding,,2026-08-18T10:00:00+05:30
spl_9c6a8c54,exp_430f3f3b,usr_3093604a,shares,2.4297,553.15,INR,settled,2026-07-22T10:00:00+05:30,2026-08-18T10:00:00+05:30
spl_bd51d675,exp_430f3f3b,usr_3c3ae758,shares,1.2056,274.46,INR,outstanding,,2026-08-18T10:00:00+05:30
spl_e037f19f,exp_722a5c22,usr_bedf358a,equal,1,89.77,AED,settled,2026-06-20T10:00:00+05:30,2026-08-18T10:00:00+05:30
spl_fb09024f,exp_722a5c22,usr_e6dcafe4,equal,1,89.76,AED,outstanding,,2026-08-18T10:00:00+05:30
spl_be02c88b,exp_722a5c22,usr_712600f0,equal,1,89.76,AED,outstanding,,2026-08-18T10:00:00+05:30
spl_d712a933,exp_3f99f141,usr_8a0aaa50,equal,1,555.52,LKR,outstanding,,2026-08-18T10:00:00+05:30
spl_a28ed372,exp_3f99f141,usr_cb3be250,equal,1,555.51,LKR,outstanding,,2026-08-18T10:00:00+05:30
spl_5d7d2f5b,exp_3f99f141,usr_3190040f,equal,1,555.51,LKR,outstanding,,2026-08-18T10:00:00+05:30
spl_720c1387,exp_afe2c916,usr_d8cab59f,equal,1,89291.16,IDR,outstanding,,2026-08-18T10:00:00+05:30
spl_210ddd74,exp_afe2c916,usr_96a8d3c5,equal,1,89291.16,IDR,outstanding,,2026-08-18T10:00:00+05:30
spl_fe8859d7,exp_afe2c916,usr_9db3efff,equal,1,89291.17,IDR,outstanding,,2026-08-18T10:00:00+05:30
spl_ba4430f6,exp_afe2c916,usr_3c2f4109,equal,1,89291.17,IDR,settled,2026-06-27T10:00:00+05:30,2026-08-18T10:00:00+05:30
spl_d48618ab,exp_290dfc19,usr_40c95b13,equal,1,3197.42,LKR,outstanding,,2026-08-18T10:00:00+05:30
spl_c84d12a0,exp_982ea18e,usr_9de6bd6d,equal,1,7545.02,INR,outstanding,,2026-08-18T10:00:00+05:30
spl_b08552bb,exp_46419733,usr_f9060fbb,equal,1,566.07,INR,outstanding,,2026-08-18T10:00:00+05:30
spl_130a4e04,exp_76b35450,usr_3b70ae01,custom,2.2356,1070.66,INR,outstanding,,2026-08-18T10:00:00+05:30
spl_ba05339c,exp_3b59b275,usr_52de2228,equal,1,3704.45,INR,outstanding,,2026-08-18T10:00:00+05:30
spl_4bd30e1e,exp_3b59b275,usr_98ca8444,equal,1,3704.46,INR,outstanding,,2026-08-18T10:00:00+05:30
spl_888831da,exp_1d521315,usr_701b0010,custom,0.7174,260.87,INR,outstanding,,2026-08-18T10:00:00+05:30
spl_c14323d5,exp_1d521315,usr_2c8b7af8,custom,0.8868,322.45,INR,outstanding,,2026-08-18T10:00:00+05:30
spl_fb04ad21,exp_1d521315,usr_f5a38687,custom,1.2142,441.51,INR,settled,2026-08-03T10:00:00+05:30,2026-08-18T10:00:00+05:30
spl_bf82b2f9,exp_b80220a0,usr_5307f01f,equal,1,389.11,INR,outstanding,,2026-08-18T10:00:00+05:30
spl_aff163bc,exp_b80220a0,usr_0e9166f0,equal,1,389.12,INR,settled,2026-07-11T10:00:00+05:30,2026-08-18T10:00:00+05:30
spl_92b70fe6,exp_b80220a0,usr_4a53ac63,equal,1,389.12,INR,settled,2026-07-14T10:00:00+05:30,2026-08-18T10:00:00+05:30
spl_d17205ce,exp_7bda23d0,usr_13d8f6bd,equal,1,337.73,INR,outstanding,,2026-08-18T10:00:00+05:30
spl_68c34cb0,exp_7bda23d0,usr_ee5c9717,equal,1,337.73,INR,outstanding,,2026-08-18T10:00:00+05:30
spl_7637a7d7,exp_7bda23d0,usr_57890fbe,equal,1,337.74,INR,outstanding,,2026-08-18T10:00:00+05:30
spl_e43c277c,exp_7bda23d0,usr_7e89b5af,equal,1,337.74,INR,outstanding,,2026-08-18T10:00:00+05:30
spl_14de6da3,exp_da314407,usr_02b3a36d,percentage,1.9904,9.83,AED,outstanding,,2026-08-18T10:00:00+05:30
spl_4d49021c,exp_da314407,usr_14c738e0,percentage,0.9782,4.83,AED,settled,2026-07-14T10:00:00+05:30,2026-08-18T10:00:00+05:30
spl_433a5a17,exp_da314407,usr_ee57ec9a,percentage,1.7899,8.84,AED,outstanding,,2026-08-18T10:00:00+05:30
spl_4a845f20,exp_da314407,usr_49544c26,percentage,2.2015,10.87,AED,outstanding,,2026-08-18T10:00:00+05:30
spl_0a931a2d,exp_0df20e54,usr_b021d103,custom,0.637,3139.25,INR,settled,2026-07-08T10:00:00+05:30,2026-08-18T10:00:00+05:30
spl_032fb954,exp_0df20e54,usr_f94cda41,custom,1.2473,6146.82,INR,settled,2026-07-05T10:00:00+05:30,2026-08-18T10:00:00+05:30
spl_be5d6a00,exp_77bab56e,usr_2109396c,equal,1,1434.63,INR,outstanding,,2026-08-18T10:00:00+05:30
spl_f6bdb155,exp_77bab56e,usr_aef2d4f6,equal,1,1434.63,INR,outstanding,,2026-08-18T10:00:00+05:30
spl_de0248c5,exp_cd9859f2,usr_a25f0129,custom,1.6086,1084.91,MVR,outstanding,,2026-08-18T10:00:00+05:30
spl_3de82a5e,exp_fc087232,usr_60e00854,shares,2.3537,1065.24,NPR,outstanding,,2026-08-18T10:00:00+05:30
spl_f984848a,exp_5c44c05e,usr_41431693,equal,1,60.91,AED,outstanding,,2026-08-18T10:00:00+05:30
spl_10750370,exp_24932142,usr_88af6903,equal,1,679.31,INR,settled,2026-07-16T10:00:00+05:30,2026-08-18T10:00:00+05:30
spl_34c17eb2,exp_84c6e9fc,usr_5b31e64c,percentage,1.9998,1083.95,INR,settled,2026-07-12T10:00:00+05:30,2026-08-18T10:00:00+05:30
spl_3a759a75,exp_cc7b812a,usr_4bf78f59,shares,1.0541,76.16,INR,outstanding,,2026-08-18T10:00:00+05:30
spl_190f2622,exp_cc7b812a,usr_5b790166,shares,1.9216,138.82,INR,settled,2026-08-06T10:00:00+05:30,2026-08-18T10:00:00+05:30
spl_2acba771,exp_cc7b812a,usr_6653b49e,shares,2.0818,150.39,INR,outstanding,,2026-08-18T10:00:00+05:30
spl_56ed04f6,exp_cc7b812a,usr_cb3be250,shares,2.3508,169.83,INR,settled,2026-07-26T10:00:00+05:30,2026-08-18T10:00:00+05:30
spl_99ab36e7,exp_480e2821,usr_ba25cb52,custom,2.3124,1283.63,INR,settled,2026-07-16T10:00:00+05:30,2026-08-18T10:00:00+05:30
spl_99cc31d3,exp_9135e5a3,usr_2da5bb04,percentage,1.796,11841.49,JPY,settled,2026-08-06T10:00:00+05:30,2026-08-18T10:00:00+05:30
spl_cd3569e2,exp_d42a8e3f,usr_9c28ee85,equal,1,1617.42,INR,outstanding,,2026-08-18T10:00:00+05:30
spl_720e2dda,exp_8af870c1,usr_e0853a17,equal,1,3933.47,INR,outstanding,,2026-08-18T10:00:00+05:30
spl_36d95a76,exp_4ffa8faa,usr_ae35e63d,equal,1,1059.11,INR,settled,2026-07-17T10:00:00+05:30,2026-08-18T10:00:00+05:30
spl_5d41f1a8,exp_4ffa8faa,usr_701b0010,equal,1,1059.11,INR,outstanding,,2026-08-18T10:00:00+05:30
spl_65cd199a,exp_3ee1cdc2,usr_5f22c672,equal,1,331.88,INR,settled,2026-08-14T10:00:00+05:30,2026-08-18T10:00:00+05:30
spl_98ce86b2,exp_3ee1cdc2,usr_5d8450f0,equal,1,331.88,INR,outstanding,,2026-08-18T10:00:00+05:30
spl_beb32820,exp_d91da0f1,usr_81005fa8,equal,1,231688.70,IDR,settled,2026-07-06T10:00:00+05:30,2026-08-18T10:00:00+05:30
spl_ac771f3a,exp_36c806a8,usr_efe9a3aa,equal,1,2030.99,INR,outstanding,,2026-08-18T10:00:00+05:30
spl_a100e74b,exp_36c806a8,usr_a7185e16,equal,1,2030.99,INR,outstanding,,2026-08-18T10:00:00+05:30
spl_d3c48ed2,exp_36c806a8,usr_12f95c97,equal,1,2030.99,INR,settled,2026-07-06T10:00:00+05:30,2026-08-18T10:00:00+05:30
spl_e5cdb15e,exp_1cb8ed76,usr_8180c222,equal,1,496.80,NPR,settled,2026-07-23T10:00:00+05:30,2026-08-18T10:00:00+05:30
spl_595f57a9,exp_1cb8ed76,usr_3d1b88d6,equal,1,496.81,NPR,outstanding,,2026-08-18T10:00:00+05:30
spl_31f4241d,exp_1cb8ed76,usr_d8ec0000,equal,1,496.81,NPR,settled,2026-07-19T10:00:00+05:30,2026-08-18T10:00:00+05:30
spl_a423b66f,exp_1cb8ed76,usr_ea479c41,equal,1,496.81,NPR,outstanding,,2026-08-18T10:00:00+05:30
spl_706fd53a,exp_c181520d,usr_a3f4f2d9,equal,1,1779.11,INR,outstanding,,2026-08-18T10:00:00+05:30
spl_ad111746,exp_879c6ee9,usr_8fe264b1,equal,1,628.24,INR,outstanding,,2026-08-18T10:00:00+05:30
spl_f71f2a08,exp_ea19accd,usr_2dfc4f4b,percentage,0.9149,228.45,INR,settled,2026-07-25T10:00:00+05:30,2026-08-18T10:00:00+05:30
spl_fd72d38f,exp_ea19accd,usr_d245dd5d,percentage,0.6057,151.23,INR,outstanding,,2026-08-18T10:00:00+05:30
spl_56ed566e,exp_ea19accd,usr_67ff2106,percentage,1.1602,289.70,INR,settled,2026-07-12T10:00:00+05:30,2026-08-18T10:00:00+05:30
spl_2e24cf6a,exp_ea19accd,usr_7101a5b5,percentage,0.998,249.20,INR,settled,2026-07-30T10:00:00+05:30,2026-08-18T10:00:00+05:30
spl_5a687f33,exp_6cfef00b,usr_13fe39d3,equal,1,2050.06,INR,outstanding,,2026-08-18T10:00:00+05:30
spl_25f363ff,exp_e0db69ac,usr_8f32fd7a,equal,1,17465.23,LKR,settled,2026-08-13T10:00:00+05:30,2026-08-18T10:00:00+05:30
spl_b19e95cb,exp_08f9f19c,usr_e0853a17,equal,1,1721.21,INR,settled,2026-08-14T10:00:00+05:30,2026-08-18T10:00:00+05:30
spl_a256d84e,exp_08f9f19c,usr_428c2df2,equal,1,1721.22,INR,settled,2026-08-06T10:00:00+05:30,2026-08-18T10:00:00+05:30
spl_f7f2d02b,exp_b4c43c14,usr_fedbd227,equal,1,3073.71,INR,outstanding,,2026-08-18T10:00:00+05:30
spl_20699a50,exp_d457ba54,usr_58d2b52f,equal,1,879.79,INR,outstanding,,2026-08-18T10:00:00+05:30
spl_80967288,exp_f6447879,usr_40c95b13,custom,1.5834,3585.85,INR,outstanding,,2026-08-18T10:00:00+05:30
spl_a2aefd10,exp_377f0df1,usr_0b8f3bdc,percentage,1.9687,3267.19,INR,settled,2026-08-11T10:00:00+05:30,2026-08-18T10:00:00+05:30
spl_aa5c54f9,exp_377f0df1,usr_58d2b52f,percentage,2.3673,3928.77,INR,outstanding,,2026-08-18T10:00:00+05:30
spl_1df7b7b3,exp_2492d53d,usr_25c3664e,shares,2.1708,118.45,INR,settled,2026-07-20T10:00:00+05:30,2026-08-18T10:00:00+05:30
spl_fbc030dc,exp_2492d53d,usr_2bd5e70b,shares,1.0267,56.03,INR,outstanding,,2026-08-18T10:00:00+05:30
spl_a6d35e73,exp_2492d53d,usr_268fdb85,shares,2.4309,132.65,INR,settled,2026-07-12T10:00:00+05:30,2026-08-18T10:00:00+05:30
spl_08195476,exp_2492d53d,usr_a8caec17,shares,2.2288,121.62,INR,outstanding,,2026-08-18T10:00:00+05:30
spl_a091af1e,exp_1f9a54ab,usr_1b4fe68e,custom,1.959,1623.35,LKR,outstanding,,2026-08-18T10:00:00+05:30
spl_3333dff9,exp_54b7c6e9,usr_268fdb85,equal,1,214.07,INR,outstanding,,2026-08-18T10:00:00+05:30
spl_c7053475,exp_54b7c6e9,usr_1805266d,equal,1,214.06,INR,outstanding,,2026-08-18T10:00:00+05:30
spl_2d3117b2,exp_54b7c6e9,usr_6479c45c,equal,1,214.06,INR,outstanding,,2026-08-18T10:00:00+05:30
spl_942fcc46,exp_fa8162fe,usr_4d8f3b3a,percentage,1.5383,1305.96,INR,settled,2026-08-10T10:00:00+05:30,2026-08-18T10:00:00+05:30
spl_7ae2592f,exp_3c153220,usr_bc67142c,equal,1,111.56,INR,outstanding,,2026-08-18T10:00:00+05:30
spl_71bda844,exp_3c153220,usr_ca0410cb,equal,1,111.56,INR,settled,2026-07-12T10:00:00+05:30,2026-08-18T10:00:00+05:30
spl_930f7973,exp_3c153220,usr_00591571,equal,1,111.57,INR,settled,2026-07-20T10:00:00+05:30,2026-08-18T10:00:00+05:30
spl_014d4e33,exp_3c153220,usr_356f993d,equal,1,111.57,INR,settled,2026-06-29T10:00:00+05:30,2026-08-18T10:00:00+05:30
spl_9e4be463,exp_c590cc40,usr_58d2b52f,custom,2.3282,420.02,MVR,outstanding,,2026-08-18T10:00:00+05:30
spl_9cc99263,exp_d1ae4bab,usr_36c3dbed,equal,1,2887.19,INR,settled,2026-06-28T10:00:00+05:30,2026-08-18T10:00:00+05:30
spl_98fb7ac5,exp_a0c691cb,usr_240785d4,equal,1,1123.04,INR,outstanding,,2026-08-18T10:00:00+05:30
spl_346f4684,exp_c6b8aa0d,usr_fae4d064,equal,1,57.48,MYR,settled,2026-06-22T10:00:00+05:30,2026-08-18T10:00:00+05:30
spl_1f93b505,exp_f50d2d7b,usr_b86dd891,equal,1,331.07,INR,outstanding,,2026-08-18T10:00:00+05:30
spl_cf50eecd,exp_f50d2d7b,usr_dabbaf95,equal,1,331.06,INR,settled,2026-08-04T10:00:00+05:30,2026-08-18T10:00:00+05:30
spl_bacc0d6f,exp_f50d2d7b,usr_2a348485,equal,1,331.06,INR,settled,2026-08-01T10:00:00+05:30,2026-08-18T10:00:00+05:30
spl_b5a1e6ba,exp_c83c45d7,usr_0389057b,shares,2.3188,237.19,AED,outstanding,,2026-08-18T10:00:00+05:30
spl_5d737c96,exp_68cac692,usr_57995796,equal,1,745.81,INR,outstanding,,2026-08-18T10:00:00+05:30
spl_a098c32c,exp_385b5acb,usr_40edb5af,equal,1,17.69,AED,outstanding,,2026-08-18T10:00:00+05:30
spl_97e62b27,exp_385b5acb,usr_5f22c672,equal,1,17.70,AED,outstanding,,2026-08-18T10:00:00+05:30
spl_8f84e293,exp_007fcb14,usr_b452b228,equal,1,667.08,MVR,outstanding,,2026-08-18T10:00:00+05:30
spl_4010a24b,exp_33df4df3,usr_7101a5b5,equal,1,572.84,INR,settled,2026-06-23T10:00:00+05:30,2026-08-18T10:00:00+05:30
spl_24b9b0a1,exp_33df4df3,usr_4012e3f7,equal,1,572.83,INR,outstanding,,2026-08-18T10:00:00+05:30
spl_8f7245d3,exp_33df4df3,usr_1f2ffeef,equal,1,572.83,INR,outstanding,,2026-08-18T10:00:00+05:30
spl_f6d1987c,exp_33df4df3,usr_ea479c41,equal,1,572.83,INR,outstanding,,2026-08-18T10:00:00+05:30
spl_28b0e4ed,exp_e3e3a426,usr_44ef2e9c,equal,1,1567.38,INR,outstanding,,2026-08-18T10:00:00+05:30
spl_d0be46eb,exp_a68bb491,usr_e27e3b52,percentage,1.6246,8365.66,INR,settled,2026-07-18T10:00:00+05:30,2026-08-18T10:00:00+05:30
spl_9137786f,exp_ff05508d,usr_2e562f89,shares,0.8388,294.59,INR,outstanding,,2026-08-18T10:00:00+05:30
spl_a93f0914,exp_ff05508d,usr_0af476d1,shares,0.7593,266.64,INR,settled,2026-06-21T10:00:00+05:30,2026-08-18T10:00:00+05:30
spl_90a0534b,exp_d2b8dc04,usr_fc544c58,custom,0.7267,421.03,INR,settled,2026-07-13T10:00:00+05:30,2026-08-18T10:00:00+05:30
spl_e8b9cd18,exp_ab36ae27,usr_94e62241,equal,1,5036.89,INR,outstanding,,2026-08-18T10:00:00+05:30
spl_605bebd9,exp_dbccdbd9,usr_67de0711,equal,1,15717.66,NPR,outstanding,,2026-08-18T10:00:00+05:30
spl_e15d251e,exp_2aab153a,usr_ae35e63d,equal,1,2519.51,INR,outstanding,,2026-08-18T10:00:00+05:30
spl_81f2a0ee,exp_2aab153a,usr_895960e2,equal,1,2519.51,INR,settled,2026-07-01T10:00:00+05:30,2026-08-18T10:00:00+05:30
spl_0ae9c449,exp_02c40ea7,usr_25e8a118,shares,0.9174,1895.66,THB,settled,2026-07-13T10:00:00+05:30,2026-08-18T10:00:00+05:30
spl_9a2920e9,exp_e5c68c75,usr_3393c7a2,shares,0.8431,57.25,MVR,settled,2026-08-03T10:00:00+05:30,2026-08-18T10:00:00+05:30
spl_7ceffaad,exp_e5c68c75,usr_268fdb85,shares,1.2327,83.71,MVR,settled,2026-06-20T10:00:00+05:30,2026-08-18T10:00:00+05:30
spl_454af313,exp_e5c68c75,usr_b50df034,shares,1.0526,71.48,MVR,outstanding,,2026-08-18T10:00:00+05:30
spl_20e756d3,exp_e5c68c75,usr_72796feb,shares,1.0132,68.81,MVR,settled,2026-06-28T10:00:00+05:30,2026-08-18T10:00:00+05:30
spl_fd433ac8,exp_f1969bd6,usr_b3f2baa1,equal,1,328.06,MVR,outstanding,,2026-08-18T10:00:00+05:30
spl_7163e151,exp_46fe5025,usr_bff7bdb8,equal,1,688.85,INR,settled,2026-07-22T10:00:00+05:30,2026-08-18T10:00:00+05:30
spl_9ea1baa0,exp_40011499,usr_638c6951,custom,0.5249,45.46,INR,settled,2026-07-01T10:00:00+05:30,2026-08-18T10:00:00+05:30
spl_ac86c1ed,exp_40011499,usr_9c3deed5,custom,0.8545,73.99,INR,settled,2026-08-11T10:00:00+05:30,2026-08-18T10:00:00+05:30
spl_e01c1a79,exp_40011499,usr_88af6903,custom,1.4284,123.70,INR,settled,2026-07-28T10:00:00+05:30,2026-08-18T10:00:00+05:30
spl_7e549390,exp_40011499,usr_a0b28bd2,custom,0.9291,80.45,INR,outstanding,,2026-08-18T10:00:00+05:30
spl_fcd566c5,exp_93f82951,usr_d20b2a69,custom,1.0203,105.88,THB,settled,2026-06-30T10:00:00+05:30,2026-08-18T10:00:00+05:30
spl_68ba1355,exp_93f82951,usr_40edb5af,custom,1.0876,112.86,THB,outstanding,,2026-08-18T10:00:00+05:30
spl_f22492be,exp_93f82951,usr_dace411a,custom,1.2777,132.59,THB,outstanding,,2026-08-18T10:00:00+05:30
spl_4a0505be,exp_93f82951,usr_e459a18c,custom,2.085,216.37,THB,outstanding,,2026-08-18T10:00:00+05:30
spl_a343558d,exp_7a8e9d55,usr_bbd1ced8,custom,1.6348,5.86,CHF,settled,2026-07-19T10:00:00+05:30,2026-08-18T10:00:00+05:30
spl_3f3c56f2,exp_7a8e9d55,usr_9d604e2e,custom,1.4794,5.31,CHF,outstanding,,2026-08-18T10:00:00+05:30
spl_b564be3e,exp_7a8e9d55,usr_23811da7,custom,0.5505,1.97,CHF,settled,2026-07-27T10:00:00+05:30,2026-08-18T10:00:00+05:30
spl_6937ef1f,exp_7a8e9d55,usr_22a9ab26,custom,0.9952,3.57,CHF,outstanding,,2026-08-18T10:00:00+05:30
spl_2f16c7a0,exp_b0bda062,usr_b86dd891,equal,1,1931.85,INR,outstanding,,2026-08-18T10:00:00+05:30
spl_592fe68d,exp_b0bda062,usr_dabbaf95,equal,1,1931.86,INR,settled,2026-07-03T10:00:00+05:30,2026-08-18T10:00:00+05:30
spl_96778d23,exp_b0bda062,usr_2a348485,equal,1,1931.86,INR,outstanding,,2026-08-18T10:00:00+05:30
spl_cff4ecf6,exp_52d96793,usr_7576a6e0,custom,1.7155,798.62,INR,settled,2026-07-13T10:00:00+05:30,2026-08-18T10:00:00+05:30
spl_eb053f79,exp_52d96793,usr_107ab982,custom,1.6443,765.48,INR,outstanding,,2026-08-18T10:00:00+05:30
spl_bc2a5b70,exp_52d96793,usr_956481cd,custom,0.5407,251.70,INR,outstanding,,2026-08-18T10:00:00+05:30
spl_183313ef,exp_52d96793,usr_842437da,custom,0.5799,269.97,INR,settled,2026-07-17T10:00:00+05:30,2026-08-18T10:00:00+05:30
spl_21db4120,exp_1cab167e,usr_db9c91fe,equal,1,341.61,INR,outstanding,,2026-08-18T10:00:00+05:30
spl_9b5deef9,exp_d2ff87e5,usr_65b43f7e,equal,1,235.64,THB,settled,2026-06-30T10:00:00+05:30,2026-08-18T10:00:00+05:30
spl_0ac330ed,exp_d2ff87e5,usr_ede8042e,equal,1,235.65,THB,outstanding,,2026-08-18T10:00:00+05:30
spl_9baf8385,exp_d2ff87e5,usr_3e25dcc6,equal,1,235.65,THB,outstanding,,2026-08-18T10:00:00+05:30
spl_25db6194,exp_d5aa1726,usr_7f6e49de,equal,1,411.97,INR,outstanding,,2026-08-18T10:00:00+05:30
spl_0a312747,exp_52707218,usr_98a69060,equal,1,601.88,INR,settled,2026-07-16T10:00:00+05:30,2026-08-18T10:00:00+05:30
spl_2e5ebdb4,exp_f0ed9517,usr_840ca16a,equal,1,562.30,INR,settled,2026-07-19T10:00:00+05:30,2026-08-18T10:00:00+05:30
spl_195fbdae,exp_f0ed9517,usr_c6f0707f,equal,1,562.30,INR,outstanding,,2026-08-18T10:00:00+05:30
spl_d260b7f6,exp_f0ed9517,usr_949a215d,equal,1,562.30,INR,outstanding,,2026-08-18T10:00:00+05:30
spl_67897f85,exp_f0ed9517,usr_f94b1e02,equal,1,562.30,INR,settled,2026-07-02T10:00:00+05:30,2026-08-18T10:00:00+05:30
spl_fc0e9bd2,exp_982c7349,usr_6d4dd52b,custom,1.3376,351.70,INR,outstanding,,2026-08-18T10:00:00+05:30
spl_744bf811,exp_982c7349,usr_f8162b43,custom,2.2,578.46,INR,outstanding,,2026-08-18T10:00:00+05:30
spl_0b2d1762,exp_982c7349,usr_373b76a9,custom,0.9746,256.27,INR,settled,2026-07-30T10:00:00+05:30,2026-08-18T10:00:00+05:30
spl_e15b8841,exp_52d5c601,usr_ce38459a,percentage,2.4983,475.08,INR,outstanding,,2026-08-18T10:00:00+05:30
spl_f3369c3c,exp_3f4a963e,usr_98a69060,percentage,1.8181,879.66,INR,outstanding,,2026-08-18T10:00:00+05:30
spl_9f160637,exp_0cc0243d,usr_bbd1ced8,equal,1,1053.31,MVR,outstanding,,2026-08-18T10:00:00+05:30
spl_50a5e786,exp_f94d795c,usr_ab2353de,equal,1,682.78,INR,outstanding,,2026-08-18T10:00:00+05:30
spl_44359ad5,exp_f94d795c,usr_e7080930,equal,1,682.79,INR,settled,2026-07-23T10:00:00+05:30,2026-08-18T10:00:00+05:30
spl_aed36072,exp_62cf86c2,usr_acb4c4ba,equal,1,3465.63,INR,written_off,,2026-08-18T10:00:00+05:30
spl_c175ae2f,exp_2fbbf606,usr_e572b881,equal,1,213.86,THB,outstanding,,2026-08-18T10:00:00+05:30
spl_81e0fdb6,exp_fb74c431,usr_b96ef58c,custom,0.913,1347.60,INR,outstanding,,2026-08-18T10:00:00+05:30
spl_a176b643,exp_fb74c431,usr_d312cbff,custom,1.6419,2423.46,INR,settled,2026-07-05T10:00:00+05:30,2026-08-18T10:00:00+05:30
spl_1005ff26,exp_fb74c431,usr_228f37bd,custom,1.7111,2525.59,INR,outstanding,,2026-08-18T10:00:00+05:30
spl_13b4be8f,exp_fb74c431,usr_991a1e29,custom,0.9039,1334.19,INR,outstanding,,2026-08-18T10:00:00+05:30
spl_05bc3b5d,exp_f16e1d8d,usr_c4dc3602,custom,1.1726,3449.20,INR,settled,2026-08-04T10:00:00+05:30,2026-08-18T10:00:00+05:30
spl_69c2f915,exp_93ca4a61,usr_abfc225a,equal,1,620.62,INR,outstanding,,2026-08-18T10:00:00+05:30
spl_f865c267,exp_93ca4a61,usr_fc3617c0,equal,1,620.63,INR,outstanding,,2026-08-18T10:00:00+05:30
spl_7230f3f2,exp_93ca4a61,usr_9976417a,equal,1,620.63,INR,outstanding,,2026-08-18T10:00:00+05:30
spl_5a9c14c7,exp_93ca4a61,usr_e1ee0c13,equal,1,620.63,INR,outstanding,,2026-08-18T10:00:00+05:30
spl_4e55b1b3,exp_4e3094d9,usr_8e84ba7a,percentage,1.6275,2917.66,INR,settled,2026-07-29T10:00:00+05:30,2026-08-18T10:00:00+05:30
spl_c8512bd1,exp_4e3094d9,usr_7faf6134,percentage,0.97,1739.00,INR,outstanding,,2026-08-18T10:00:00+05:30
spl_86c44730,exp_4e3094d9,usr_53cbafa7,percentage,0.8487,1521.48,INR,outstanding,,2026-08-18T10:00:00+05:30
spl_e6c8939d,exp_880b34b6,usr_651a4d17,equal,1,771.21,INR,outstanding,,2026-08-18T10:00:00+05:30
spl_f539326d,exp_4bc63000,usr_bff7bdb8,equal,1,1218.29,INR,outstanding,,2026-08-18T10:00:00+05:30
spl_078c3af4,exp_02d2e677,usr_72796feb,equal,1,889.97,THB,settled,2026-08-13T10:00:00+05:30,2026-08-18T10:00:00+05:30
spl_ba523398,exp_02d2e677,usr_e6863416,equal,1,889.97,THB,settled,2026-07-30T10:00:00+05:30,2026-08-18T10:00:00+05:30
spl_f9d9d5d1,exp_02d2e677,usr_2162d6ff,equal,1,889.97,THB,settled,2026-07-16T10:00:00+05:30,2026-08-18T10:00:00+05:30
spl_2f9c24f5,exp_02d2e677,usr_ce2e54f4,equal,1,889.97,THB,outstanding,,2026-08-18T10:00:00+05:30
spl_59901af9,exp_c1a7ccec,usr_62b3f8b8,custom,0.5353,493.40,INR,settled,2026-07-20T10:00:00+05:30,2026-08-18T10:00:00+05:30
spl_4530526e,exp_10b9f4a5,usr_a5077371,equal,1,782.52,INR,settled,2026-08-13T10:00:00+05:30,2026-08-18T10:00:00+05:30
spl_3fc5bca2,exp_10b9f4a5,usr_fc8fd348,equal,1,782.53,INR,settled,2026-08-12T10:00:00+05:30,2026-08-18T10:00:00+05:30
spl_06cce063,exp_76659f48,usr_34d33978,shares,0.8779,9199.53,INR,settled,2026-08-10T10:00:00+05:30,2026-08-18T10:00:00+05:30
spl_7e62f7b5,exp_d8c7a257,usr_3c3ae758,custom,1.8253,101.27,MYR,settled,2026-08-08T10:00:00+05:30,2026-08-18T10:00:00+05:30
spl_c014b299,exp_d8c7a257,usr_de458aa5,custom,1.72,95.43,MYR,outstanding,,2026-08-18T10:00:00+05:30
spl_f289863f,exp_d8c7a257,usr_2e849b83,custom,0.9923,55.05,MYR,outstanding,,2026-08-18T10:00:00+05:30
spl_6e70beca,exp_d8c7a257,usr_b829ab46,custom,1.5525,86.14,MYR,outstanding,,2026-08-18T10:00:00+05:30
spl_f6cc57ef,exp_c0fd63c2,usr_95492664,equal,1,6861.15,LKR,settled,2026-08-06T10:00:00+05:30,2026-08-18T10:00:00+05:30
spl_1e8e9cd9,exp_96c89db5,usr_0000ca76,equal,1,1333.64,INR,outstanding,,2026-08-18T10:00:00+05:30
spl_2616e69d,exp_0c079f49,usr_6edece59,custom,1.0477,249.47,INR,settled,2026-07-16T10:00:00+05:30,2026-08-18T10:00:00+05:30
spl_c1c756df,exp_0c079f49,usr_95bee04e,custom,2.0712,493.14,INR,outstanding,,2026-08-18T10:00:00+05:30
spl_75a03c10,exp_0c079f49,usr_ae3758b7,custom,0.8815,209.89,INR,settled,2026-07-31T10:00:00+05:30,2026-08-18T10:00:00+05:30
spl_193e8332,exp_c495f977,usr_bbd1ced8,equal,1,2.76,CHF,outstanding,,2026-08-18T10:00:00+05:30
spl_d30420c6,exp_c495f977,usr_9d604e2e,equal,1,2.76,CHF,settled,2026-07-14T10:00:00+05:30,2026-08-18T10:00:00+05:30
spl_89ce7079,exp_c495f977,usr_23811da7,equal,1,2.77,CHF,outstanding,,2026-08-18T10:00:00+05:30
spl_8ca91b93,exp_c495f977,usr_22a9ab26,equal,1,2.77,CHF,outstanding,,2026-08-18T10:00:00+05:30
spl_a2886dde,exp_26e9277e,usr_7576a6e0,custom,1.1106,258.34,INR,outstanding,,2026-08-18T10:00:00+05:30
spl_21dffbc1,exp_26e9277e,usr_107ab982,custom,1.3169,306.32,INR,settled,2026-07-04T10:00:00+05:30,2026-08-18T10:00:00+05:30
spl_1703dcbb,exp_26e9277e,usr_956481cd,custom,2.0265,471.40,INR,outstanding,,2026-08-18T10:00:00+05:30
spl_75c36ea3,exp_26e9277e,usr_842437da,custom,2.0391,474.31,INR,outstanding,,2026-08-18T10:00:00+05:30
spl_63471ab1,exp_2e51da00,usr_c81e60fe,equal,1,121.91,INR,outstanding,,2026-08-18T10:00:00+05:30
spl_dcbef7ea,exp_2e51da00,usr_95bee04e,equal,1,121.92,INR,outstanding,,2026-08-18T10:00:00+05:30
spl_4be12ff2,exp_76da753a,usr_7796e5e8,shares,2.3587,1916.79,INR,outstanding,,2026-08-18T10:00:00+05:30
spl_208f2179,exp_9695a2e9,usr_b2323a23,custom,0.8264,371.34,INR,outstanding,,2026-08-18T10:00:00+05:30
spl_88019c9c,exp_4cf039e8,usr_29b0484e,equal,1,569.06,INR,written_off,,2026-08-18T10:00:00+05:30
spl_d7508127,exp_4cf039e8,usr_8e89346c,equal,1,569.05,INR,outstanding,,2026-08-18T10:00:00+05:30
spl_93d84a8e,exp_4cf039e8,usr_9d32306d,equal,1,569.05,INR,outstanding,,2026-08-18T10:00:00+05:30
spl_2d00f30c,exp_12b62b24,usr_dc032205,equal,1,177.27,INR,settled,2026-08-13T10:00:00+05:30,2026-08-18T10:00:00+05:30
spl_481a3fe3,exp_12b62b24,usr_a9008871,equal,1,177.27,INR,outstanding,,2026-08-18T10:00:00+05:30
spl_7e68a409,exp_12b62b24,usr_81ed406f,equal,1,177.27,INR,settled,2026-08-09T10:00:00+05:30,2026-08-18T10:00:00+05:30
spl_97bbeea9,exp_12b62b24,usr_a93726c0,equal,1,177.27,INR,outstanding,,2026-08-18T10:00:00+05:30
spl_a150b3a8,exp_34eb2724,usr_8e84ba7a,equal,1,2227.16,INR,outstanding,,2026-08-18T10:00:00+05:30
spl_2ba0ea8d,exp_34eb2724,usr_5f1e6e1c,equal,1,2227.16,INR,outstanding,,2026-08-18T10:00:00+05:30
spl_5632f71f,exp_34eb2724,usr_fedbd227,equal,1,2227.17,INR,outstanding,,2026-08-18T10:00:00+05:30
spl_64e16a05,exp_34eb2724,usr_65b43f7e,equal,1,2227.17,INR,settled,2026-07-17T10:00:00+05:30,2026-08-18T10:00:00+05:30
spl_7838bc4d,exp_d85d72d9,usr_0000ca76,equal,1,2077.10,INR,outstanding,,2026-08-18T10:00:00+05:30
spl_28e8b687,exp_ef68538d,usr_3349b18a,custom,2.3418,463.14,INR,settled,2026-08-11T10:00:00+05:30,2026-08-18T10:00:00+05:30
spl_faa0ddc7,exp_ef68538d,usr_b27d9336,custom,1.3598,268.93,INR,settled,2026-07-09T10:00:00+05:30,2026-08-18T10:00:00+05:30
spl_55933346,exp_ef68538d,usr_55a04c8d,custom,0.8411,166.35,INR,settled,2026-06-23T10:00:00+05:30,2026-08-18T10:00:00+05:30
spl_dd6b20b4,exp_d45c5bbb,usr_3b2b4279,percentage,2.3218,2047.06,INR,settled,2026-07-22T10:00:00+05:30,2026-08-18T10:00:00+05:30
spl_2104888e,exp_2737666c,usr_e94f06ca,equal,1,369.15,INR,outstanding,,2026-08-18T10:00:00+05:30
spl_e0ffbe89,exp_e2a104d1,usr_60cacdee,custom,0.5366,17.33,CHF,outstanding,,2026-08-18T10:00:00+05:30
spl_b04807b5,exp_e2a104d1,usr_b86dd891,custom,1.6381,52.91,CHF,settled,2026-06-20T10:00:00+05:30,2026-08-18T10:00:00+05:30
spl_ae1595d6,exp_e2a104d1,usr_0551c67a,custom,0.7538,24.35,CHF,outstanding,,2026-08-18T10:00:00+05:30
spl_e18cc212,exp_00c69458,usr_fedbd227,equal,1,1272.30,INR,settled,2026-08-16T10:00:00+05:30,2026-08-18T10:00:00+05:30
spl_7c7da829,exp_29653249,usr_42dc4da4,equal,1,5.63,QAR,outstanding,,2026-08-18T10:00:00+05:30
spl_016c355b,exp_29653249,usr_aacb82b1,equal,1,5.63,QAR,outstanding,,2026-08-18T10:00:00+05:30
spl_2fc80555,exp_29653249,usr_9ae9cbcb,equal,1,5.64,QAR,settled,2026-06-20T10:00:00+05:30,2026-08-18T10:00:00+05:30
spl_9f7230ce,exp_29653249,usr_893bfbd9,equal,1,5.64,QAR,settled,2026-08-05T10:00:00+05:30,2026-08-18T10:00:00+05:30
spl_becbcd90,exp_d35d57e7,usr_693c20b9,shares,1.0886,61.19,AED,outstanding,,2026-08-18T10:00:00+05:30
spl_bad5e6f8,exp_d35d57e7,usr_d89a1dce,shares,1.1981,67.35,AED,settled,2026-08-06T10:00:00+05:30,2026-08-18T10:00:00+05:30
spl_a66ebdc6,exp_d35d57e7,usr_0e9166f0,shares,0.7268,40.86,AED,settled,2026-07-21T10:00:00+05:30,2026-08-18T10:00:00+05:30
spl_42e52475,exp_d35d57e7,usr_be1c9458,shares,1.9547,109.88,AED,settled,2026-07-01T10:00:00+05:30,2026-08-18T10:00:00+05:30
spl_4a93a2d6,exp_df3569eb,usr_74e3ecb1,custom,2.0031,159.36,THB,outstanding,,2026-08-18T10:00:00+05:30
spl_1c7ba807,exp_df3569eb,usr_693c20b9,custom,0.7383,58.73,THB,outstanding,,2026-08-18T10:00:00+05:30
spl_42544474,exp_df3569eb,usr_77e91c3a,custom,1.0184,81.02,THB,settled,2026-08-08T10:00:00+05:30,2026-08-18T10:00:00+05:30
spl_3a58effb,exp_5577498f,usr_2433031a,equal,1,2671.81,NPR,outstanding,,2026-08-18T10:00:00+05:30
spl_3d470c72,exp_a0649723,usr_651a4d17,shares,0.7066,755.38,INR,outstanding,,2026-08-18T10:00:00+05:30
spl_55d73299,exp_a0649723,usr_62a77a41,shares,1.1009,1177.00,INR,outstanding,,2026-08-18T10:00:00+05:30
spl_7a209b26,exp_b9c62692,usr_ce09de03,custom,2.0225,13.35,CHF,outstanding,,2026-08-18T10:00:00+05:30
spl_3d5f1c06,exp_b9c62692,usr_3f4f4c52,custom,2.1794,14.38,CHF,settled,2026-06-26T10:00:00+05:30,2026-08-18T10:00:00+05:30
spl_37b0efa9,exp_b9c62692,usr_47d7ab5a,custom,1.5809,10.43,CHF,outstanding,,2026-08-18T10:00:00+05:30
spl_08cbe427,exp_b9c62692,usr_7df097f0,custom,1.9692,13.00,CHF,outstanding,,2026-08-18T10:00:00+05:30
spl_55dfbde9,exp_f9f7602f,usr_e94f06ca,custom,1.3735,194.48,AED,outstanding,,2026-08-18T10:00:00+05:30
spl_b7334198,exp_70531984,usr_209a82fa,equal,1,593.83,INR,outstanding,,2026-08-18T10:00:00+05:30
spl_44ab4516,exp_6d27f985,usr_7fa0a9c6,shares,2.1811,84775.56,IDR,settled,2026-07-17T10:00:00+05:30,2026-08-18T10:00:00+05:30
spl_fea5974e,exp_6d27f985,usr_749f5098,shares,0.6588,25607.62,IDR,outstanding,,2026-08-18T10:00:00+05:30
spl_4e280cb8,exp_6d27f985,usr_79248234,shares,1.2498,48577.09,IDR,outstanding,,2026-08-18T10:00:00+05:30
spl_cbd286a4,exp_6d27f985,usr_7edfea3c,shares,1.3791,53602.61,IDR,written_off,,2026-08-18T10:00:00+05:30
spl_a57de7fb,exp_89b61348,usr_96740172,custom,1.9427,528.99,INR,outstanding,,2026-08-18T10:00:00+05:30
spl_8d163ffa,exp_89b61348,usr_ab2353de,custom,1.2138,330.51,INR,outstanding,,2026-08-18T10:00:00+05:30
spl_b1b67f14,exp_8b941154,usr_54e4f5fd,equal,1,701.00,INR,outstanding,,2026-08-18T10:00:00+05:30
spl_ac02a5b9,exp_7e09648a,usr_0dc99bd5,custom,2.0408,1566.02,INR,outstanding,,2026-08-18T10:00:00+05:30
spl_70c86d72,exp_0e6b337b,usr_aef2d4f6,percentage,2.0484,90.07,INR,outstanding,,2026-08-18T10:00:00+05:30
spl_34ada696,exp_0e6b337b,usr_12f95c97,percentage,1.2332,54.22,INR,outstanding,,2026-08-18T10:00:00+05:30
spl_07cf0f16,exp_0e6b337b,usr_9694b4a3,percentage,1.6247,71.44,INR,settled,2026-07-08T10:00:00+05:30,2026-08-18T10:00:00+05:30
spl_87b2d761,exp_0e6b337b,usr_78bee927,percentage,1.2726,55.96,INR,outstanding,,2026-08-18T10:00:00+05:30
spl_28d842a7,exp_d7b9d0ea,usr_fedbd227,equal,1,650.86,INR,outstanding,,2026-08-18T10:00:00+05:30
spl_f7248a58,exp_30a79f1c,usr_3f50fbcb,equal,1,3573.87,INR,settled,2026-08-05T10:00:00+05:30,2026-08-18T10:00:00+05:30
spl_3b10cf21,exp_30a79f1c,usr_0e5a0620,equal,1,3573.88,INR,outstanding,,2026-08-18T10:00:00+05:30
spl_229e4ffb,exp_563aad3f,usr_6c3fae7b,equal,1,132.88,SGD,outstanding,,2026-08-18T10:00:00+05:30
spl_3dec3fb1,exp_b3b5ce8f,usr_525b1d3c,equal,1,6087.53,INR,outstanding,,2026-08-18T10:00:00+05:30
spl_63598679,exp_88bffdd5,usr_7796e5e8,shares,1.1054,766.96,INR,outstanding,,2026-08-18T10:00:00+05:30
spl_6b26af31,exp_e6d1c9f0,usr_6c3fae7b,equal,1,149.42,SGD,settled,2026-07-19T10:00:00+05:30,2026-08-18T10:00:00+05:30
spl_4108b9fa,exp_38b8033f,usr_65303113,equal,1,4240.20,LKR,outstanding,,2026-08-18T10:00:00+05:30
spl_d7ce3bba,exp_38b8033f,usr_7b03ee88,equal,1,4240.21,LKR,outstanding,,2026-08-18T10:00:00+05:30
spl_d6a17321,exp_38b8033f,usr_72d88a70,equal,1,4240.21,LKR,settled,2026-08-15T10:00:00+05:30,2026-08-18T10:00:00+05:30
spl_404d0090,exp_0b242c61,usr_1cec1f14,equal,1,416.30,INR,settled,2026-07-23T10:00:00+05:30,2026-08-18T10:00:00+05:30
spl_f96ee0a4,exp_0b242c61,usr_2a2841d1,equal,1,416.31,INR,outstanding,,2026-08-18T10:00:00+05:30
spl_4b9ee690,exp_499aa6e9,usr_2433031a,custom,1.4256,625.86,NPR,settled,2026-07-20T10:00:00+05:30,2026-08-18T10:00:00+05:30
spl_0b71ae81,exp_499aa6e9,usr_508f15f0,custom,1.3078,574.17,NPR,settled,2026-07-16T10:00:00+05:30,2026-08-18T10:00:00+05:30
spl_ef95ae23,exp_6f2259c3,usr_2182a4d3,equal,1,7.69,AED,outstanding,,2026-08-18T10:00:00+05:30
spl_5f37b174,exp_6f2259c3,usr_7b03ee88,equal,1,7.69,AED,settled,2026-08-03T10:00:00+05:30,2026-08-18T10:00:00+05:30
spl_131c38a1,exp_6f2259c3,usr_5307f01f,equal,1,7.70,AED,outstanding,,2026-08-18T10:00:00+05:30
spl_3757abee,exp_6f2259c3,usr_95d28a5d,equal,1,7.70,AED,settled,2026-07-10T10:00:00+05:30,2026-08-18T10:00:00+05:30
spl_15299321,exp_d8c34bf4,usr_2da5bb04,custom,0.7425,295.26,INR,outstanding,,2026-08-18T10:00:00+05:30
spl_5924bcf8,exp_d8c34bf4,usr_2b053270,custom,2.3811,946.88,INR,settled,2026-07-01T10:00:00+05:30,2026-08-18T10:00:00+05:30
spl_9ade85e0,exp_d3f0d325,usr_7fa0a9c6,equal,1,1155.78,INR,outstanding,,2026-08-18T10:00:00+05:30
spl_15319901,exp_d3f0d325,usr_7f9533ad,equal,1,1155.79,INR,settled,2026-08-17T10:00:00+05:30,2026-08-18T10:00:00+05:30
spl_bc5612e1,exp_7185fa44,usr_c582abb2,custom,2.461,3312.06,INR,outstanding,,2026-08-18T10:00:00+05:30
spl_8ce0994c,exp_6a12ec88,usr_3f50fbcb,equal,1,2565.32,INR,settled,2026-07-04T10:00:00+05:30,2026-08-18T10:00:00+05:30
spl_fdad0e48,exp_6a12ec88,usr_0e5a0620,equal,1,2565.32,INR,outstanding,,2026-08-18T10:00:00+05:30
spl_24cb7fd8,exp_b3670fe7,usr_b3f2baa1,custom,2.2172,1282.59,INR,outstanding,,2026-08-18T10:00:00+05:30
spl_6bdff2c7,exp_b3670fe7,usr_7157baa6,custom,2.3013,1331.22,INR,settled,2026-06-26T10:00:00+05:30,2026-08-18T10:00:00+05:30
spl_d93fa259,exp_0d31893f,usr_94e62241,equal,1,285.02,INR,settled,2026-07-11T10:00:00+05:30,2026-08-18T10:00:00+05:30
spl_3f249bdc,exp_5ea60be6,usr_0382185a,equal,1,744.00,INR,outstanding,,2026-08-18T10:00:00+05:30
spl_a04fee5b,exp_07490859,usr_55b114d5,custom,2.1497,112.21,INR,settled,2026-07-27T10:00:00+05:30,2026-08-18T10:00:00+05:30
spl_7d090b9a,exp_07490859,usr_13f77754,custom,1.0043,52.42,INR,settled,2026-07-01T10:00:00+05:30,2026-08-18T10:00:00+05:30
spl_e7996844,exp_07490859,usr_157e58e7,custom,2.3262,121.42,INR,outstanding,,2026-08-18T10:00:00+05:30
spl_30f509c5,exp_b737fe44,usr_2c93ab7f,equal,1,729.64,INR,settled,2026-08-09T10:00:00+05:30,2026-08-18T10:00:00+05:30
spl_3cfc19df,exp_6dd89290,usr_2b7e8931,equal,1,1518.43,INR,outstanding,,2026-08-18T10:00:00+05:30
spl_d4bce536,exp_618c0431,usr_6b052f91,equal,1,219.71,INR,outstanding,,2026-08-18T10:00:00+05:30
spl_078810a5,exp_618c0431,usr_d1506bce,equal,1,219.72,INR,outstanding,,2026-08-18T10:00:00+05:30
spl_98c1d931,exp_9ef8fa95,usr_2433031a,shares,0.7773,33.74,AED,settled,2026-06-23T10:00:00+05:30,2026-08-18T10:00:00+05:30
spl_e6b15283,exp_9ef8fa95,usr_508f15f0,shares,1.4931,64.80,AED,outstanding,,2026-08-18T10:00:00+05:30
spl_a753fc9e,exp_99832ba7,usr_b5327682,shares,1.0537,1386.02,INR,outstanding,,2026-08-18T10:00:00+05:30
spl_838788a3,exp_99832ba7,usr_bc9d20fa,shares,0.8909,1171.83,INR,outstanding,,2026-08-18T10:00:00+05:30
spl_918f7cc8,exp_99832ba7,usr_0f11ccce,shares,0.8392,1103.78,INR,settled,2026-07-26T10:00:00+05:30,2026-08-18T10:00:00+05:30
spl_e782f4ce,exp_99832ba7,usr_d3cf0a5d,shares,0.7644,1005.40,INR,settled,2026-07-24T10:00:00+05:30,2026-08-18T10:00:00+05:30
spl_e7a0abaf,exp_d767b6d5,usr_b4a877b0,custom,1.7856,403.82,QAR,settled,2026-07-06T10:00:00+05:30,2026-08-18T10:00:00+05:30
spl_d9e3c87f,exp_6da59312,usr_9cb9eedc,percentage,0.8505,1298.68,INR,settled,2026-07-27T10:00:00+05:30,2026-08-18T10:00:00+05:30
spl_0d7a41c4,exp_5ee3d993,usr_07f03d4c,percentage,1.279,917.67,INR,outstanding,,2026-08-18T10:00:00+05:30
spl_70c607f5,exp_a14a3574,usr_ce09de03,equal,1,37.50,QAR,outstanding,,2026-08-18T10:00:00+05:30
spl_5c5e437f,exp_a14a3574,usr_3f4f4c52,equal,1,37.51,QAR,settled,2026-06-21T10:00:00+05:30,2026-08-18T10:00:00+05:30
spl_f2ce42ef,exp_a14a3574,usr_47d7ab5a,equal,1,37.51,QAR,outstanding,,2026-08-18T10:00:00+05:30
spl_5e482a08,exp_a14a3574,usr_7df097f0,equal,1,37.51,QAR,settled,2026-07-05T10:00:00+05:30,2026-08-18T10:00:00+05:30
spl_90a68b74,exp_1324c00f,usr_f52d271a,equal,1,221.93,INR,outstanding,,2026-08-18T10:00:00+05:30
spl_5c2987f7,exp_1324c00f,usr_05fc06c6,equal,1,221.94,INR,settled,2026-07-27T10:00:00+05:30,2026-08-18T10:00:00+05:30
spl_acdeec88,exp_9f7e4cee,usr_196ca537,shares,2.2881,32.54,CHF,settled,2026-06-27T10:00:00+05:30,2026-08-18T10:00:00+05:30
spl_e83dd28b,exp_977bd929,usr_a25f0129,equal,1,156.31,MVR,outstanding,,2026-08-18T10:00:00+05:30
spl_bd6202ee,exp_0c2b8dcb,usr_96b84c82,percentage,2.2241,7959.53,INR,settled,2026-07-08T10:00:00+05:30,2026-08-18T10:00:00+05:30
spl_a6281d3b,exp_c34c969e,usr_05d0be25,custom,1.0871,2137.97,INR,outstanding,,2026-08-18T10:00:00+05:30
spl_c0e11ef3,exp_1e685635,usr_f50e2299,shares,1.2477,1400.50,LKR,settled,2026-07-18T10:00:00+05:30,2026-08-18T10:00:00+05:30
spl_8d8a1197,exp_1540e23e,usr_91afdeed,custom,1.6931,370.01,INR,outstanding,,2026-08-18T10:00:00+05:30
spl_cbf4ca76,exp_1540e23e,usr_bf89afd1,custom,1.7815,389.33,INR,outstanding,,2026-08-18T10:00:00+05:30
spl_e38a0f12,exp_1540e23e,usr_671138ff,custom,0.8067,176.28,INR,outstanding,,2026-08-18T10:00:00+05:30
spl_273399ce,exp_fed77e4b,usr_61710d50,equal,1,576.74,INR,outstanding,,2026-08-18T10:00:00+05:30
spl_b72a5660,exp_fed77e4b,usr_d17a8cab,equal,1,576.75,INR,settled,2026-08-14T10:00:00+05:30,2026-08-18T10:00:00+05:30
spl_f55d7677,exp_ba75854f,usr_5b0e5805,equal,1,16.15,MYR,outstanding,,2026-08-18T10:00:00+05:30
spl_6b28f5ba,exp_ba75854f,usr_8f32fd7a,equal,1,16.15,MYR,settled,2026-06-21T10:00:00+05:30,2026-08-18T10:00:00+05:30
spl_bebb36a7,exp_ba75854f,usr_a0588479,equal,1,16.15,MYR,settled,2026-06-27T10:00:00+05:30,2026-08-18T10:00:00+05:30
spl_61bff0ca,exp_ba75854f,usr_d848a275,equal,1,16.15,MYR,outstanding,,2026-08-18T10:00:00+05:30
spl_fc806044,exp_56087951,usr_1c8154b9,equal,1,9722.59,INR,outstanding,,2026-08-18T10:00:00+05:30
spl_fcf2b748,exp_f63fbf01,usr_e2490a9e,equal,1,554.20,INR,settled,2026-08-13T10:00:00+05:30,2026-08-18T10:00:00+05:30
spl_9271c53a,exp_f63fbf01,usr_6c3fae7b,equal,1,554.20,INR,outstanding,,2026-08-18T10:00:00+05:30
spl_846aea6f,exp_e8f034c6,usr_ea269383,percentage,2.3161,480.13,INR,settled,2026-07-22T10:00:00+05:30,2026-08-18T10:00:00+05:30
spl_4abb745d,exp_e8f034c6,usr_dc032205,percentage,2.0322,421.27,INR,settled,2026-07-04T10:00:00+05:30,2026-08-18T10:00:00+05:30
spl_30004c8c,exp_78c72f8f,usr_a7185e16,equal,1,839.05,INR,outstanding,,2026-08-18T10:00:00+05:30
spl_da61bd84,exp_a04cb3e8,usr_1217680f,equal,1,668.02,INR,outstanding,,2026-08-18T10:00:00+05:30
spl_725c9d37,exp_a04cb3e8,usr_4012e3f7,equal,1,668.03,INR,settled,2026-07-12T10:00:00+05:30,2026-08-18T10:00:00+05:30
spl_51ee0cae,exp_4b1a9f13,usr_c24f45f3,equal,1,12.73,SGD,outstanding,,2026-08-18T10:00:00+05:30
spl_bc8ffdd5,exp_265e883e,usr_72796feb,custom,2.4429,107736.50,IDR,outstanding,,2026-08-18T10:00:00+05:30
spl_79dc9d50,exp_0d56f001,usr_aef2d4f6,equal,1,3206.90,INR,settled,2026-07-07T10:00:00+05:30,2026-08-18T10:00:00+05:30
spl_c2903239,exp_0d56f001,usr_ce2e54f4,equal,1,3206.90,INR,written_off,,2026-08-18T10:00:00+05:30
spl_4cc346e5,exp_d9f18a82,usr_66a4a013,equal,1,232.03,INR,outstanding,,2026-08-18T10:00:00+05:30
spl_06f1dcc0,exp_d9f18a82,usr_5307f01f,equal,1,232.03,INR,outstanding,,2026-08-18T10:00:00+05:30
spl_206ca356,exp_d9f18a82,usr_c25e06d9,equal,1,232.04,INR,outstanding,,2026-08-18T10:00:00+05:30
spl_2c4198eb,exp_d9f18a82,usr_7edfea3c,equal,1,232.04,INR,outstanding,,2026-08-18T10:00:00+05:30
spl_e3fe3e22,exp_c6e70e96,usr_2b7e8931,percentage,2.4286,8327.59,INR,settled,2026-07-23T10:00:00+05:30,2026-08-18T10:00:00+05:30
spl_a0f2e5cc,exp_a57daf27,usr_e2490a9e,equal,1,1446.21,INR,outstanding,,2026-08-18T10:00:00+05:30
spl_6c2cce33,exp_1e2a06c1,usr_e8f563b9,shares,1.3323,1361.01,INR,settled,2026-07-18T10:00:00+05:30,2026-08-18T10:00:00+05:30
spl_ce3af8b7,exp_65be3433,usr_fae4d064,equal,1,5498.04,INR,settled,2026-07-07T10:00:00+05:30,2026-08-18T10:00:00+05:30
spl_8debb44f,exp_dec4b27b,usr_2433031a,equal,1,1586.21,NPR,outstanding,,2026-08-18T10:00:00+05:30
spl_fadf3b07,exp_dec4b27b,usr_508f15f0,equal,1,1586.21,NPR,outstanding,,2026-08-18T10:00:00+05:30
spl_f343e836,exp_d1d40e23,usr_0deee6d9,equal,1,3.63,CHF,outstanding,,2026-08-18T10:00:00+05:30
spl_eda033a6,exp_d1d40e23,usr_7f26d855,equal,1,3.63,CHF,outstanding,,2026-08-18T10:00:00+05:30
spl_ae74e903,exp_d1d40e23,usr_0f63f4f1,equal,1,3.64,CHF,outstanding,,2026-08-18T10:00:00+05:30
spl_bad4f99b,exp_d1d40e23,usr_7d446287,equal,1,3.64,CHF,settled,2026-06-22T10:00:00+05:30,2026-08-18T10:00:00+05:30
spl_a28e4276,exp_a8d7fa9e,usr_88af6903,shares,0.8891,279.14,INR,outstanding,,2026-08-18T10:00:00+05:30
spl_617b6c42,exp_86ed0cb9,usr_107ab982,equal,1,28.87,SGD,outstanding,,2026-08-18T10:00:00+05:30
spl_e65b078b,exp_e7872af3,usr_2433031a,percentage,1.2033,7943.61,NPR,outstanding,,2026-08-18T10:00:00+05:30
spl_222bc7eb,exp_e7872af3,usr_508f15f0,percentage,1.0801,7130.12,NPR,settled,2026-08-02T10:00:00+05:30,2026-08-18T10:00:00+05:30
spl_09442b82,exp_a3498a2c,usr_81dbf021,shares,0.6792,577.50,THB,outstanding,,2026-08-18T10:00:00+05:30
spl_329eb031,exp_a3498a2c,usr_65b43f7e,shares,2.051,1743.84,THB,settled,2026-07-06T10:00:00+05:30,2026-08-18T10:00:00+05:30
spl_130a0000,exp_a3498a2c,usr_e2ca58e8,shares,0.6881,585.07,THB,settled,2026-08-05T10:00:00+05:30,2026-08-18T10:00:00+05:30
spl_198ce254,exp_9a05c93d,usr_356f993d,equal,1,1987.56,INR,settled,2026-06-29T10:00:00+05:30,2026-08-18T10:00:00+05:30
spl_95ebf54c,exp_9a05c93d,usr_bc67142c,equal,1,1987.56,INR,settled,2026-08-17T10:00:00+05:30,2026-08-18T10:00:00+05:30
spl_ee25a1ae,exp_9a05c93d,usr_ca0410cb,equal,1,1987.57,INR,outstanding,,2026-08-18T10:00:00+05:30
spl_adc5ca7a,exp_9a05c93d,usr_00591571,equal,1,1987.57,INR,outstanding,,2026-08-18T10:00:00+05:30
spl_c439c32f,exp_7045516a,usr_32a5a217,equal,1,454.51,INR,settled,2026-08-06T10:00:00+05:30,2026-08-18T10:00:00+05:30
spl_dd2156d4,exp_d8855d88,usr_40c95b13,custom,1.5929,873.18,INR,settled,2026-07-19T10:00:00+05:30,2026-08-18T10:00:00+05:30
spl_e860f0a9,exp_a155cc68,usr_0deee6d9,custom,1.5773,255.51,INR,outstanding,,2026-08-18T10:00:00+05:30
spl_0fcd5053,exp_a155cc68,usr_7f26d855,custom,0.8379,135.73,INR,outstanding,,2026-08-18T10:00:00+05:30
spl_4bb6d5f0,exp_a155cc68,usr_0f63f4f1,custom,1.9017,308.05,INR,settled,2026-08-01T10:00:00+05:30,2026-08-18T10:00:00+05:30
spl_7411092f,exp_a155cc68,usr_7d446287,custom,2.0422,330.81,INR,settled,2026-07-29T10:00:00+05:30,2026-08-18T10:00:00+05:30
spl_82719a6a,exp_38c0046b,usr_0567fe37,percentage,1.4756,3928.65,INR,settled,2026-07-28T10:00:00+05:30,2026-08-18T10:00:00+05:30
spl_da0499c6,exp_38c0046b,usr_2136e1fa,percentage,0.9879,2630.21,INR,outstanding,,2026-08-18T10:00:00+05:30
spl_1c11576e,exp_6d334b4b,usr_f855344d,shares,2.4525,660.78,INR,outstanding,,2026-08-18T10:00:00+05:30
spl_a4595b4a,exp_ed7ddc49,usr_ca24d130,equal,1,1980.24,INR,settled,2026-07-14T10:00:00+05:30,2026-08-18T10:00:00+05:30
spl_68638def,exp_a9636107,usr_76c235d5,equal,1,1894.82,INR,outstanding,,2026-08-18T10:00:00+05:30
spl_87a14dfe,exp_57e93fd1,usr_b5327682,equal,1,214.70,INR,settled,2026-08-11T10:00:00+05:30,2026-08-18T10:00:00+05:30
spl_76542190,exp_57e93fd1,usr_bc9d20fa,equal,1,214.70,INR,settled,2026-06-25T10:00:00+05:30,2026-08-18T10:00:00+05:30
spl_862ec828,exp_57e93fd1,usr_0f11ccce,equal,1,214.71,INR,settled,2026-07-22T10:00:00+05:30,2026-08-18T10:00:00+05:30
spl_6d7dc9da,exp_57e93fd1,usr_d3cf0a5d,equal,1,214.71,INR,outstanding,,2026-08-18T10:00:00+05:30
spl_aa429332,exp_b04187d0,usr_aef2d4f6,shares,1.4323,437.86,INR,settled,2026-07-13T10:00:00+05:30,2026-08-18T10:00:00+05:30
spl_89c0f8d4,exp_b04187d0,usr_ce2e54f4,shares,0.8921,272.73,INR,outstanding,,2026-08-18T10:00:00+05:30
spl_0efd75b0,exp_3f83c5ff,usr_fcd9bdf6,equal,1,161.78,THB,outstanding,,2026-08-18T10:00:00+05:30
spl_45883e60,exp_3f83c5ff,usr_840ca16a,equal,1,161.79,THB,outstanding,,2026-08-18T10:00:00+05:30
spl_d35c7e11,exp_97ef0edc,usr_0382185a,equal,1,1132.83,INR,outstanding,,2026-08-18T10:00:00+05:30
spl_b95bb58f,exp_85d0fe5c,usr_0b0894aa,equal,1,208.98,INR,outstanding,,2026-08-18T10:00:00+05:30
spl_9d672ae6,exp_85d0fe5c,usr_5a747250,equal,1,208.98,INR,outstanding,,2026-08-18T10:00:00+05:30
spl_a9652951,exp_85d0fe5c,usr_56e18e71,equal,1,208.98,INR,settled,2026-06-28T10:00:00+05:30,2026-08-18T10:00:00+05:30
spl_ffecf39a,exp_85d0fe5c,usr_9473419d,equal,1,208.98,INR,outstanding,,2026-08-18T10:00:00+05:30
spl_697c5cc2,exp_d03f4c59,usr_a386ca28,percentage,2.181,2507.33,INR,outstanding,,2026-08-18T10:00:00+05:30
spl_649d0bd3,exp_44834481,usr_3f4f4c52,equal,1,1448.81,INR,outstanding,,2026-08-18T10:00:00+05:30
spl_875d5703,exp_258c84b9,usr_e3e0cd9d,equal,1,9764.19,INR,outstanding,,2026-08-18T10:00:00+05:30
spl_4712d275,exp_45487a96,usr_dace411a,percentage,1.3988,40.57,THB,settled,2026-07-15T10:00:00+05:30,2026-08-18T10:00:00+05:30
spl_f4032ff1,exp_45487a96,usr_40edb5af,percentage,0.8748,25.37,THB,outstanding,,2026-08-18T10:00:00+05:30
spl_c98d5a1f,exp_45487a96,usr_9694b4a3,percentage,2.4413,70.80,THB,outstanding,,2026-08-18T10:00:00+05:30
spl_e9984de9,exp_aa313c8d,usr_44ec53b5,equal,1,113.70,INR,outstanding,,2026-08-18T10:00:00+05:30
spl_d0197a28,exp_aa313c8d,usr_fcd9bdf6,equal,1,113.70,INR,settled,2026-06-24T10:00:00+05:30,2026-08-18T10:00:00+05:30
spl_be5e686c,exp_aa313c8d,usr_62b3f8b8,equal,1,113.70,INR,outstanding,,2026-08-18T10:00:00+05:30
spl_e517b393,exp_65ec0569,usr_29fdaeb0,shares,1.5703,69.63,QAR,outstanding,,2026-08-18T10:00:00+05:30
spl_21bbc0f4,exp_1c6e1a4f,usr_e076a69d,equal,1,3303.69,INR,outstanding,,2026-08-18T10:00:00+05:30
spl_25776f6f,exp_a11e062a,usr_05306731,equal,1,589.30,INR,outstanding,,2026-08-18T10:00:00+05:30
spl_dc333788,exp_a11e062a,usr_e2966606,equal,1,589.31,INR,settled,2026-07-25T10:00:00+05:30,2026-08-18T10:00:00+05:30
spl_0d17070d,exp_1c754bb4,usr_af17aeaa,custom,2.1957,626.22,INR,settled,2026-08-01T10:00:00+05:30,2026-08-18T10:00:00+05:30
spl_8e32095a,exp_1c754bb4,usr_1501196b,custom,2.0314,579.34,INR,outstanding,,2026-08-18T10:00:00+05:30
spl_8b8b54cd,exp_3e50395e,usr_0a31df91,custom,0.8599,715.72,INR,outstanding,,2026-08-18T10:00:00+05:30
spl_440c3cc1,exp_3e50395e,usr_f7512c22,custom,1.6413,1366.08,INR,settled,2026-08-07T10:00:00+05:30,2026-08-18T10:00:00+05:30
spl_07e011a0,exp_ef3b45bf,usr_df582802,equal,1,14.57,MVR,settled,2026-07-16T10:00:00+05:30,2026-08-18T10:00:00+05:30
spl_98e68708,exp_ef3b45bf,usr_6e20f92e,equal,1,14.58,MVR,outstanding,,2026-08-18T10:00:00+05:30
spl_dae50b17,exp_ef3b45bf,usr_e4980687,equal,1,14.58,MVR,outstanding,,2026-08-18T10:00:00+05:30
spl_542d4723,exp_ef3b45bf,usr_f6728ccc,equal,1,14.58,MVR,outstanding,,2026-08-18T10:00:00+05:30
spl_4c8aeae8,exp_163c71cc,usr_55b114d5,custom,1.2808,132.90,INR,outstanding,,2026-08-18T10:00:00+05:30
spl_f50ed94b,exp_163c71cc,usr_13f77754,custom,1.1151,115.70,INR,outstanding,,2026-08-18T10:00:00+05:30
spl_00e46ccb,exp_163c71cc,usr_157e58e7,custom,1.0661,110.62,INR,settled,2026-07-15T10:00:00+05:30,2026-08-18T10:00:00+05:30
spl_77592023,exp_f8c3a79c,usr_969a0636,custom,0.6786,340.58,INR,outstanding,,2026-08-18T10:00:00+05:30
spl_e5581d70,exp_f8c3a79c,usr_0e3a6945,custom,0.6804,341.47,INR,outstanding,,2026-08-18T10:00:00+05:30
spl_eb309de8,exp_9905facb,usr_b1a4b433,custom,2.1081,656.71,INR,settled,2026-08-16T10:00:00+05:30,2026-08-18T10:00:00+05:30
spl_ccc0ce61,exp_1ae25857,usr_61710d50,custom,1.079,584.45,INR,settled,2026-08-01T10:00:00+05:30,2026-08-18T10:00:00+05:30
spl_e8f44dd9,exp_1ae25857,usr_d17a8cab,custom,0.6323,342.48,INR,outstanding,,2026-08-18T10:00:00+05:30
spl_7616be31,exp_060dc691,usr_be4ecc52,shares,0.6733,1525.65,INR,outstanding,,2026-08-18T10:00:00+05:30
spl_723159c9,exp_060dc691,usr_4c4dd666,shares,2.3541,5334.18,INR,outstanding,,2026-08-18T10:00:00+05:30
spl_c7fed301,exp_fdc41896,usr_fc3617c0,equal,1,1110.18,INR,outstanding,,2026-08-18T10:00:00+05:30
spl_bd8de971,exp_df3e430a,usr_bff7bdb8,percentage,0.9553,672.94,INR,settled,2026-07-11T10:00:00+05:30,2026-08-18T10:00:00+05:30
spl_3a6b2233,exp_405bb106,usr_63531f2d,equal,1,3707.33,INR,outstanding,,2026-08-18T10:00:00+05:30
spl_5b58be97,exp_405bb106,usr_51983e08,equal,1,3707.34,INR,outstanding,,2026-08-18T10:00:00+05:30
spl_da029bd9,exp_3d585fd3,usr_6be041f5,custom,1.0577,1513.14,INR,outstanding,,2026-08-18T10:00:00+05:30
spl_1a80ec29,exp_f665c5cf,usr_4794174d,equal,1,1039.12,INR,settled,2026-07-18T10:00:00+05:30,2026-08-18T10:00:00+05:30
spl_9d5a1ab0,exp_094ded5e,usr_9a5cd9cf,custom,0.7839,1712.64,INR,outstanding,,2026-08-18T10:00:00+05:30
spl_37bca58b,exp_499ff389,usr_9cb9eedc,equal,1,5041.07,INR,settled,2026-06-30T10:00:00+05:30,2026-08-18T10:00:00+05:30
spl_256f5e29,exp_b0d9352b,usr_8cace6bd,equal,1,334.12,NPR,outstanding,,2026-08-18T10:00:00+05:30
spl_4682db28,exp_b0d9352b,usr_78bb2d82,equal,1,334.12,NPR,outstanding,,2026-08-18T10:00:00+05:30
spl_fa690a8f,exp_b0d9352b,usr_6cdfb2c8,equal,1,334.13,NPR,outstanding,,2026-08-18T10:00:00+05:30
spl_4e6ef781,exp_b0d9352b,usr_737d4dab,equal,1,334.13,NPR,outstanding,,2026-08-18T10:00:00+05:30
spl_47246e33,exp_065e33cd,usr_12f95c97,percentage,1.5848,1700.53,INR,outstanding,,2026-08-18T10:00:00+05:30
spl_a4ed012d,exp_ef898092,usr_1501196b,equal,1,279.73,INR,outstanding,,2026-08-18T10:00:00+05:30
spl_9fa70039,exp_ef898092,usr_268fdb85,equal,1,279.72,INR,outstanding,,2026-08-18T10:00:00+05:30
spl_6bbdcf7d,exp_ef898092,usr_57890fbe,equal,1,279.72,INR,outstanding,,2026-08-18T10:00:00+05:30
spl_f57fb5e1,exp_e8aed141,usr_40c95b13,equal,1,717.51,INR,settled,2026-07-22T10:00:00+05:30,2026-08-18T10:00:00+05:30
spl_5dcd0ec6,exp_eeaba946,usr_0dc99bd5,equal,1,1130.65,INR,outstanding,,2026-08-18T10:00:00+05:30
spl_f24e0d7d,exp_4a58047d,usr_424aaa79,equal,1,7481.24,INR,settled,2026-08-15T10:00:00+05:30,2026-08-18T10:00:00+05:30
spl_92030ba7,exp_9efe3641,usr_1cec1f14,custom,1.1587,611.63,INR,outstanding,,2026-08-18T10:00:00+05:30
spl_6f9fa2d8,exp_9efe3641,usr_2a2841d1,custom,2.3656,1248.70,INR,outstanding,,2026-08-18T10:00:00+05:30
spl_6b5d1ee4,exp_22ba4ef8,usr_21b63d3b,custom,1.7549,461.57,INR,settled,2026-08-13T10:00:00+05:30,2026-08-18T10:00:00+05:30
spl_7d8af2e2,exp_22ba4ef8,usr_5307f01f,custom,2.4496,644.26,INR,outstanding,,2026-08-18T10:00:00+05:30
spl_18bd9f9a,exp_22ba4ef8,usr_2182a4d3,custom,2.4043,632.37,INR,settled,2026-07-05T10:00:00+05:30,2026-08-18T10:00:00+05:30
spl_454320b6,exp_22ba4ef8,usr_7da99ef5,custom,1.6826,442.55,INR,outstanding,,2026-08-18T10:00:00+05:30
spl_b5c8126d,exp_3cf550cb,usr_e3e0cd9d,equal,1,1375.92,INR,outstanding,,2026-08-18T10:00:00+05:30
spl_73357712,exp_f3304f69,usr_045378e4,shares,0.5975,268.41,INR,settled,2026-07-09T10:00:00+05:30,2026-08-18T10:00:00+05:30
spl_5abb4233,exp_f3304f69,usr_0cae1422,shares,1.7436,783.28,INR,written_off,,2026-08-18T10:00:00+05:30
spl_a71659a6,exp_f3304f69,usr_2433031a,shares,1.2459,559.69,INR,outstanding,,2026-08-18T10:00:00+05:30
spl_989b91be,exp_a06c05b8,usr_81cc2de0,equal,1,593.66,INR,outstanding,,2026-08-18T10:00:00+05:30
spl_7b1d9012,exp_cdfc9333,usr_96740172,percentage,0.8215,620.54,INR,outstanding,,2026-08-18T10:00:00+05:30
spl_2b327577,exp_cdfc9333,usr_ab2353de,percentage,1.0435,788.27,INR,outstanding,,2026-08-18T10:00:00+05:30
spl_edb84360,exp_7c149885,usr_5b0e5805,equal,1,41.29,MYR,outstanding,,2026-08-18T10:00:00+05:30
spl_c2fedaeb,exp_7c149885,usr_8f32fd7a,equal,1,41.28,MYR,outstanding,,2026-08-18T10:00:00+05:30
spl_a3d1c8c9,exp_7c149885,usr_a0588479,equal,1,41.28,MYR,outstanding,,2026-08-18T10:00:00+05:30
spl_339ec8a1,exp_7c149885,usr_d848a275,equal,1,41.28,MYR,settled,2026-07-29T10:00:00+05:30,2026-08-18T10:00:00+05:30
spl_be0b94af,exp_7e43a1d2,usr_525b1d3c,custom,1.3091,1630.66,INR,outstanding,,2026-08-18T10:00:00+05:30
spl_ef9f55ab,exp_7e43a1d2,usr_50bced56,custom,1.8832,2345.84,INR,outstanding,,2026-08-18T10:00:00+05:30
spl_744fd3b3,exp_7e43a1d2,usr_2433031a,custom,0.9262,1153.71,INR,outstanding,,2026-08-18T10:00:00+05:30
spl_3b38b856,exp_a512cfaf,usr_17b45921,custom,1.2326,27297.39,LKR,settled,2026-07-04T10:00:00+05:30,2026-08-18T10:00:00+05:30
spl_23f86c06,exp_7efe7b98,usr_9b002a1a,percentage,1.3783,597.94,INR,outstanding,,2026-08-18T10:00:00+05:30
spl_dab72de3,exp_7efe7b98,usr_d3b4799e,percentage,2.3894,1036.61,INR,outstanding,,2026-08-18T10:00:00+05:30
spl_ce256f54,exp_c0b9264d,usr_b2323a23,equal,1,1506.79,INR,outstanding,,2026-08-18T10:00:00+05:30
spl_8a532f40,exp_d3a3b0b0,usr_4794174d,percentage,1.1614,1772.35,INR,settled,2026-07-15T10:00:00+05:30,2026-08-18T10:00:00+05:30
spl_7c0290a4,exp_851944f9,usr_1805266d,equal,1,2247.79,INR,settled,2026-07-07T10:00:00+05:30,2026-08-18T10:00:00+05:30
spl_f0b448dc,exp_c8cbe81c,usr_04abf061,equal,1,150.46,INR,settled,2026-07-21T10:00:00+05:30,2026-08-18T10:00:00+05:30
spl_9ee7ce54,exp_c8cbe81c,usr_6e6d6fef,equal,1,150.47,INR,settled,2026-08-15T10:00:00+05:30,2026-08-18T10:00:00+05:30
spl_4d8336f4,exp_c8cbe81c,usr_265423cc,equal,1,150.47,INR,outstanding,,2026-08-18T10:00:00+05:30
spl_72a28cb2,exp_c8cbe81c,usr_5bfe40e4,equal,1,150.47,INR,settled,2026-07-18T10:00:00+05:30,2026-08-18T10:00:00+05:30
spl_beb756f6,exp_efe32849,usr_13d8f6bd,equal,1,341.15,INR,settled,2026-07-16T10:00:00+05:30,2026-08-18T10:00:00+05:30
spl_65da9091,exp_efe32849,usr_ee5c9717,equal,1,341.14,INR,outstanding,,2026-08-18T10:00:00+05:30
spl_2415dfcb,exp_efe32849,usr_57890fbe,equal,1,341.14,INR,settled,2026-07-06T10:00:00+05:30,2026-08-18T10:00:00+05:30
spl_e2665cca,exp_efe32849,usr_7e89b5af,equal,1,341.14,INR,settled,2026-07-09T10:00:00+05:30,2026-08-18T10:00:00+05:30
spl_a11e09d9,exp_61108abc,usr_247f37bf,equal,1,517.85,INR,outstanding,,2026-08-18T10:00:00+05:30
spl_4ea4d344,exp_84453870,usr_62b3f8b8,custom,0.8227,1010.92,INR,settled,2026-07-22T10:00:00+05:30,2026-08-18T10:00:00+05:30
spl_3d6e0556,exp_4db5ee9b,usr_160064ff,percentage,2.2796,789.62,INR,outstanding,,2026-08-18T10:00:00+05:30
spl_ac5d2abd,exp_4db5ee9b,usr_0af476d1,percentage,2.4939,863.88,INR,settled,2026-07-07T10:00:00+05:30,2026-08-18T10:00:00+05:30
spl_4f64b605,exp_ed2cd3a9,usr_61ab0eaf,custom,1.4501,416.72,INR,outstanding,,2026-08-18T10:00:00+05:30
spl_c8da8da3,exp_15e1b451,usr_72818c78,equal,1,271.97,INR,outstanding,,2026-08-18T10:00:00+05:30
spl_c2b09e51,exp_15e1b451,usr_76ac5087,equal,1,271.98,INR,written_off,,2026-08-18T10:00:00+05:30
spl_1004474d,exp_15e1b451,usr_3c2f4109,equal,1,271.98,INR,outstanding,,2026-08-18T10:00:00+05:30
spl_2bcf79ad,exp_85fdf648,usr_d1c73fb8,equal,1,3142.67,INR,outstanding,,2026-08-18T10:00:00+05:30
spl_d6b1c88f,exp_85fdf648,usr_7edfea3c,equal,1,3142.66,INR,outstanding,,2026-08-18T10:00:00+05:30
spl_32126be7,exp_85fdf648,usr_e5bfa6cd,equal,1,3142.66,INR,settled,2026-06-22T10:00:00+05:30,2026-08-18T10:00:00+05:30
spl_7176d6aa,exp_61c3b289,usr_672d3dd6,percentage,2.0501,812.54,NPR,written_off,,2026-08-18T10:00:00+05:30
spl_0c7290ef,exp_b7b74df0,usr_8e56e75b,custom,0.6133,2062.81,INR,settled,2026-07-13T10:00:00+05:30,2026-08-18T10:00:00+05:30
spl_ca3c3901,exp_5c46100a,usr_e851fdeb,equal,1,1944.74,INR,settled,2026-06-25T10:00:00+05:30,2026-08-18T10:00:00+05:30
spl_9f7a3179,exp_5c46100a,usr_0021edc6,equal,1,1944.75,INR,settled,2026-07-30T10:00:00+05:30,2026-08-18T10:00:00+05:30
spl_19c62025,exp_90be5299,usr_ca6dc019,percentage,2.1848,622.07,INR,settled,2026-06-25T10:00:00+05:30,2026-08-18T10:00:00+05:30
spl_92210ebf,exp_90be5299,usr_0c1ce238,percentage,1.305,371.56,INR,settled,2026-07-14T10:00:00+05:30,2026-08-18T10:00:00+05:30
spl_99afd6c6,exp_63c59bbe,usr_8f81432c,custom,1.5012,383.50,INR,settled,2026-06-27T10:00:00+05:30,2026-08-18T10:00:00+05:30
spl_ec2092dc,exp_63c59bbe,usr_4f7fc3a8,custom,2.212,565.10,INR,outstanding,,2026-08-18T10:00:00+05:30
spl_6afc79f3,exp_63c59bbe,usr_b831f448,custom,0.9435,241.03,INR,settled,2026-07-25T10:00:00+05:30,2026-08-18T10:00:00+05:30
spl_5f48b215,exp_63c59bbe,usr_2209582f,custom,0.8625,220.34,INR,outstanding,,2026-08-18T10:00:00+05:30
spl_ad0456ba,exp_78704252,usr_fc544c58,equal,1,1526.28,INR,settled,2026-06-27T10:00:00+05:30,2026-08-18T10:00:00+05:30
spl_f78d36ba,exp_385b741a,usr_656b5a35,custom,0.7281,454.57,NPR,outstanding,,2026-08-18T10:00:00+05:30
spl_667611b4,exp_385b741a,usr_5307f01f,custom,0.8088,504.99,NPR,settled,2026-08-16T10:00:00+05:30,2026-08-18T10:00:00+05:30
spl_c8e64f1b,exp_385b741a,usr_5e9a11a1,custom,2.4921,1555.98,NPR,outstanding,,2026-08-18T10:00:00+05:30
spl_4f7c9d92,exp_c9b3a07e,usr_05d0be25,percentage,1.0675,231.41,MVR,outstanding,,2026-08-18T10:00:00+05:30
spl_03f63f1f,exp_c9b3a07e,usr_f13873e9,percentage,1.7184,372.49,MVR,outstanding,,2026-08-18T10:00:00+05:30
spl_363b0e02,exp_c9b3a07e,usr_58d2b52f,percentage,1.9859,430.49,MVR,outstanding,,2026-08-18T10:00:00+05:30
spl_2da25329,exp_c9b3a07e,usr_e0440f90,percentage,1.0553,228.76,MVR,outstanding,,2026-08-18T10:00:00+05:30
spl_a1c2b83b,exp_fc4087e5,usr_b8c5bfe0,percentage,1.5615,1822.35,INR,outstanding,,2026-08-18T10:00:00+05:30
spl_c5a91070,exp_af363610,usr_541840e2,shares,1.4778,2323.91,INR,outstanding,,2026-08-18T10:00:00+05:30
spl_0f256563,exp_7aa1edf3,usr_bbd1ced8,equal,1,0.97,CHF,outstanding,,2026-08-18T10:00:00+05:30
spl_e30c7ec6,exp_7aa1edf3,usr_9d604e2e,equal,1,0.97,CHF,settled,2026-07-04T10:00:00+05:30,2026-08-18T10:00:00+05:30
spl_14aaabcf,exp_7aa1edf3,usr_23811da7,equal,1,0.98,CHF,outstanding,,2026-08-18T10:00:00+05:30
spl_35f207c5,exp_7aa1edf3,usr_22a9ab26,equal,1,0.98,CHF,settled,2026-08-02T10:00:00+05:30,2026-08-18T10:00:00+05:30
spl_5fbe07aa,exp_86dac3a3,usr_f23dc3eb,shares,2.0939,524.42,LKR,settled,2026-08-16T10:00:00+05:30,2026-08-18T10:00:00+05:30
spl_51ef3db0,exp_86dac3a3,usr_5d83e59a,shares,2.3331,584.33,LKR,settled,2026-06-21T10:00:00+05:30,2026-08-18T10:00:00+05:30
spl_9e774bc7,exp_86dac3a3,usr_fae4d064,shares,0.6724,168.40,LKR,outstanding,,2026-08-18T10:00:00+05:30
spl_df8ddda9,exp_1eb15e92,usr_196ca537,custom,1.8908,14.70,CHF,settled,2026-08-07T10:00:00+05:30,2026-08-18T10:00:00+05:30
spl_b1e14dbf,exp_84352617,usr_8180c222,equal,1,594.05,NPR,settled,2026-07-05T10:00:00+05:30,2026-08-18T10:00:00+05:30
spl_24c00a4c,exp_84352617,usr_3d1b88d6,equal,1,594.04,NPR,settled,2026-07-25T10:00:00+05:30,2026-08-18T10:00:00+05:30
spl_c70190a8,exp_84352617,usr_d8ec0000,equal,1,594.04,NPR,settled,2026-07-27T10:00:00+05:30,2026-08-18T10:00:00+05:30
spl_322dc195,exp_84352617,usr_ea479c41,equal,1,594.04,NPR,outstanding,,2026-08-18T10:00:00+05:30
spl_277e5843,exp_71e9d34b,usr_07f03d4c,equal,1,1536.67,INR,outstanding,,2026-08-18T10:00:00+05:30
spl_19fa51f9,exp_b3e5890e,usr_70139660,equal,1,341.02,AED,outstanding,,2026-08-18T10:00:00+05:30
spl_c36eca29,exp_6d858d0e,usr_0b8f3bdc,equal,1,8941.17,INR,outstanding,,2026-08-18T10:00:00+05:30
spl_905529ec,exp_b8405e8e,usr_04b21637,custom,1.314,397.41,INR,outstanding,,2026-08-18T10:00:00+05:30
spl_d85e8e2b,exp_b8405e8e,usr_45175b03,custom,2.0101,607.96,INR,outstanding,,2026-08-18T10:00:00+05:30
spl_94812ea9,exp_da2a2f17,usr_cf6d7fc2,percentage,1.4026,107.39,INR,settled,2026-07-24T10:00:00+05:30,2026-08-18T10:00:00+05:30
spl_802ee694,exp_da2a2f17,usr_fbf7ac58,percentage,2.0613,157.83,INR,outstanding,,2026-08-18T10:00:00+05:30
spl_db0e4559,exp_5f38cff7,usr_22e61dad,equal,1,7205.44,INR,outstanding,,2026-08-18T10:00:00+05:30
spl_954740b0,exp_32c6d857,usr_4420259c,equal,1,197.99,INR,outstanding,,2026-08-18T10:00:00+05:30
spl_071f7e3e,exp_32c6d857,usr_cb3be250,equal,1,197.99,INR,outstanding,,2026-08-18T10:00:00+05:30
spl_61480d81,exp_32c6d857,usr_96740172,equal,1,197.99,INR,written_off,,2026-08-18T10:00:00+05:30
spl_031134af,exp_089d538f,usr_2433031a,equal,1,1209.49,NPR,outstanding,,2026-08-18T10:00:00+05:30
spl_7e359c22,exp_089d538f,usr_508f15f0,equal,1,1209.49,NPR,outstanding,,2026-08-18T10:00:00+05:30
spl_6b43aa4c,exp_bcf7e5c2,usr_ad8b46f0,custom,2.0072,656.73,INR,outstanding,,2026-08-18T10:00:00+05:30
spl_27bcc229,exp_bcf7e5c2,usr_f6728ccc,custom,1.1245,367.91,INR,outstanding,,2026-08-18T10:00:00+05:30
spl_400ef095,exp_bcf7e5c2,usr_de458aa5,custom,0.5496,179.83,INR,settled,2026-07-11T10:00:00+05:30,2026-08-18T10:00:00+05:30
spl_51841e11,exp_bcf7e5c2,usr_bedf358a,custom,1.4497,474.33,INR,settled,2026-08-03T10:00:00+05:30,2026-08-18T10:00:00+05:30
spl_91352dc2,exp_d3bda4c6,usr_72d88a70,custom,2.2537,118968.06,IDR,settled,2026-07-06T10:00:00+05:30,2026-08-18T10:00:00+05:30
spl_e3e67d1e,exp_d3bda4c6,usr_a6999f45,custom,2.2615,119384.39,IDR,settled,2026-08-17T10:00:00+05:30,2026-08-18T10:00:00+05:30
spl_4d7f6a6a,exp_9096f3dc,usr_e3e0cd9d,shares,1.3955,2208.21,INR,outstanding,,2026-08-18T10:00:00+05:30
spl_bba2a49b,exp_b45dcf09,usr_81cc2de0,equal,1,501.73,INR,outstanding,,2026-08-18T10:00:00+05:30
spl_9d93d507,exp_64c7285b,usr_65303113,percentage,1.6593,2227.85,INR,settled,2026-07-08T10:00:00+05:30,2026-08-18T10:00:00+05:30
spl_6a78ca81,exp_64c7285b,usr_a2df7150,percentage,1.6171,2171.29,INR,outstanding,,2026-08-18T10:00:00+05:30
spl_9100fb25,exp_64c7285b,usr_5b790166,percentage,1.3536,1817.41,INR,outstanding,,2026-08-18T10:00:00+05:30
spl_ea1af357,exp_47812e74,usr_8a0aaa50,percentage,2.436,14709.57,LKR,outstanding,,2026-08-18T10:00:00+05:30
spl_dbf5980b,exp_47812e74,usr_cb3be250,percentage,1.1019,6654.08,LKR,outstanding,,2026-08-18T10:00:00+05:30
spl_5cff4d60,exp_47812e74,usr_3190040f,percentage,1.696,10241.23,LKR,outstanding,,2026-08-18T10:00:00+05:30
spl_827b39ed,exp_8a03e0e7,usr_b5327682,equal,1,555.89,INR,settled,2026-07-24T10:00:00+05:30,2026-08-18T10:00:00+05:30
spl_682ef367,exp_8a03e0e7,usr_bc9d20fa,equal,1,555.90,INR,outstanding,,2026-08-18T10:00:00+05:30
spl_f0eb9bf6,exp_8a03e0e7,usr_0f11ccce,equal,1,555.90,INR,outstanding,,2026-08-18T10:00:00+05:30
spl_858b1df1,exp_8a03e0e7,usr_d3cf0a5d,equal,1,555.90,INR,outstanding,,2026-08-18T10:00:00+05:30
spl_1caf3a56,exp_45b57afb,usr_0b8f3bdc,equal,1,2345.09,INR,settled,2026-08-12T10:00:00+05:30,2026-08-18T10:00:00+05:30
spl_bf1424c9,exp_755fd9d1,usr_424fbf1a,equal,1,182.89,THB,outstanding,,2026-08-18T10:00:00+05:30
spl_438f167a,exp_755fd9d1,usr_bc4a9809,equal,1,182.89,THB,outstanding,,2026-08-18T10:00:00+05:30
spl_1b365ace,exp_682b60ba,usr_4b9412c5,equal,1,1117.31,INR,outstanding,,2026-08-18T10:00:00+05:30
spl_01f046c6,exp_670833c5,usr_07f03d4c,shares,2.2395,9948.57,NPR,settled,2026-06-30T10:00:00+05:30,2026-08-18T10:00:00+05:30
spl_86584052,exp_670833c5,usr_6e6d6fef,shares,1.2079,5365.90,NPR,settled,2026-08-04T10:00:00+05:30,2026-08-18T10:00:00+05:30
spl_991adcf8,exp_2a1e512f,usr_44604a9d,shares,2.2722,3324.43,INR,settled,2026-07-26T10:00:00+05:30,2026-08-18T10:00:00+05:30
spl_d656bedc,exp_a6783260,usr_efe9a3aa,equal,1,397.89,INR,settled,2026-08-17T10:00:00+05:30,2026-08-18T10:00:00+05:30
spl_92fa2ef7,exp_a6783260,usr_a7185e16,equal,1,397.90,INR,settled,2026-08-10T10:00:00+05:30,2026-08-18T10:00:00+05:30
spl_a00d2118,exp_a6783260,usr_12f95c97,equal,1,397.90,INR,settled,2026-07-08T10:00:00+05:30,2026-08-18T10:00:00+05:30
spl_75427577,exp_d527fa99,usr_17b45921,custom,1.9221,30651.01,LKR,outstanding,,2026-08-18T10:00:00+05:30
spl_89f8908b,exp_18256d3d,usr_228f37bd,equal,1,635.02,INR,settled,2026-07-17T10:00:00+05:30,2026-08-18T10:00:00+05:30
spl_68b647ea,exp_83434133,usr_51294c66,percentage,1.9273,275.50,INR,settled,2026-07-07T10:00:00+05:30,2026-08-18T10:00:00+05:30
spl_f0c8bdac,exp_9568fca7,usr_35982416,equal,1,274.52,INR,settled,2026-07-19T10:00:00+05:30,2026-08-18T10:00:00+05:30
spl_a577fcac,exp_9568fca7,usr_ce38459a,equal,1,274.51,INR,settled,2026-07-09T10:00:00+05:30,2026-08-18T10:00:00+05:30
spl_ef4a0915,exp_9568fca7,usr_f12ab863,equal,1,274.51,INR,outstanding,,2026-08-18T10:00:00+05:30
spl_dc03e8c3,exp_e388fb43,usr_49c29e32,custom,1.293,792.72,INR,outstanding,,2026-08-18T10:00:00+05:30
spl_be46206f,exp_9ef98570,usr_61710d50,equal,1,623.76,INR,outstanding,,2026-08-18T10:00:00+05:30
spl_e66aef7a,exp_9ef98570,usr_a7185e16,equal,1,623.75,INR,outstanding,,2026-08-18T10:00:00+05:30
spl_a00b0304,exp_9ef98570,usr_df582802,equal,1,623.75,INR,settled,2026-08-10T10:00:00+05:30,2026-08-18T10:00:00+05:30
spl_6f8ac88a,exp_8c89c0a8,usr_651a4d17,equal,1,1109.64,INR,settled,2026-08-15T10:00:00+05:30,2026-08-18T10:00:00+05:30
spl_bb828b13,exp_8c89c0a8,usr_62a77a41,equal,1,1109.65,INR,outstanding,,2026-08-18T10:00:00+05:30
spl_a4735926,exp_471cefd9,usr_b8779399,equal,1,8017.84,JPY,settled,2026-06-29T10:00:00+05:30,2026-08-18T10:00:00+05:30
spl_f95be255,exp_054c9310,usr_49c29e32,custom,1.0169,1057.37,INR,settled,2026-07-31T10:00:00+05:30,2026-08-18T10:00:00+05:30
spl_558546d7,exp_22169684,usr_e851fdeb,equal,1,748.94,INR,settled,2026-07-30T10:00:00+05:30,2026-08-18T10:00:00+05:30
spl_28828a0b,exp_22169684,usr_5f1e6e1c,equal,1,748.93,INR,outstanding,,2026-08-18T10:00:00+05:30
spl_5eeb9fdf,exp_22169684,usr_ab81846d,equal,1,748.93,INR,settled,2026-06-29T10:00:00+05:30,2026-08-18T10:00:00+05:30
spl_4ec2a4c9,exp_22169684,usr_6043ede2,equal,1,748.93,INR,settled,2026-07-02T10:00:00+05:30,2026-08-18T10:00:00+05:30
spl_d4adc265,exp_eb03a828,usr_e076a69d,percentage,1.0792,552.04,INR,settled,2026-08-04T10:00:00+05:30,2026-08-18T10:00:00+05:30
spl_8f6edd02,exp_eb03a828,usr_85c09ee4,percentage,0.7477,382.47,INR,settled,2026-07-24T10:00:00+05:30,2026-08-18T10:00:00+05:30
spl_fe9d451f,exp_a21a64dc,usr_3f50fbcb,equal,1,768.05,INR,settled,2026-06-21T10:00:00+05:30,2026-08-18T10:00:00+05:30
spl_42f098dc,exp_a21a64dc,usr_0e5a0620,equal,1,768.05,INR,outstanding,,2026-08-18T10:00:00+05:30
spl_6ff14f65,exp_a2a49d2e,usr_7576a6e0,equal,1,2362.79,INR,settled,2026-06-27T10:00:00+05:30,2026-08-18T10:00:00+05:30
spl_1a8cb916,exp_a2a49d2e,usr_72818c78,equal,1,2362.79,INR,outstanding,,2026-08-18T10:00:00+05:30
spl_1c2dc134,exp_49ba68af,usr_58d2b52f,equal,1,2279.49,INR,outstanding,,2026-08-18T10:00:00+05:30
spl_2bbf1b7c,exp_8d6aed6a,usr_b829ab46,equal,1,498453.26,IDR,outstanding,,2026-08-18T10:00:00+05:30
spl_24f59299,exp_cf8beab9,usr_13d8f6bd,equal,1,2389.82,INR,settled,2026-07-04T10:00:00+05:30,2026-08-18T10:00:00+05:30
spl_e50f983a,exp_cf8beab9,usr_ee5c9717,equal,1,2389.83,INR,settled,2026-07-14T10:00:00+05:30,2026-08-18T10:00:00+05:30
spl_a7bb2a06,exp_cf8beab9,usr_57890fbe,equal,1,2389.83,INR,outstanding,,2026-08-18T10:00:00+05:30
spl_57fb16a3,exp_cf8beab9,usr_7e89b5af,equal,1,2389.83,INR,outstanding,,2026-08-18T10:00:00+05:30
spl_3c376812,exp_c0b995d6,usr_bac1ae76,equal,1,516.17,INR,settled,2026-07-19T10:00:00+05:30,2026-08-18T10:00:00+05:30
spl_d33dcc76,exp_c0b995d6,usr_2182a4d3,equal,1,516.18,INR,settled,2026-07-16T10:00:00+05:30,2026-08-18T10:00:00+05:30
spl_e37c9541,exp_01494646,usr_22e61dad,equal,1,742.81,INR,outstanding,,2026-08-18T10:00:00+05:30
spl_4a00759c,exp_01494646,usr_424fbf1a,equal,1,742.81,INR,settled,2026-07-04T10:00:00+05:30,2026-08-18T10:00:00+05:30
spl_e7770ba5,exp_01494646,usr_ce11983a,equal,1,742.81,INR,outstanding,,2026-08-18T10:00:00+05:30
spl_9bd2bee2,exp_84872d19,usr_74e3ecb1,equal,1,129.78,INR,outstanding,,2026-08-18T10:00:00+05:30
spl_5f0cfda7,exp_84872d19,usr_b10b045a,equal,1,129.79,INR,outstanding,,2026-08-18T10:00:00+05:30
spl_c9378e9c,exp_84872d19,usr_157e58e7,equal,1,129.79,INR,written_off,,2026-08-18T10:00:00+05:30
spl_4a342ec6,exp_39647e02,usr_7796e5e8,equal,1,6710.00,INR,outstanding,,2026-08-18T10:00:00+05:30
spl_6a621478,exp_60a04803,usr_949a215d,percentage,1.0368,135.16,INR,settled,2026-07-13T10:00:00+05:30,2026-08-18T10:00:00+05:30
spl_15381409,exp_60a04803,usr_72dfb712,percentage,1.2583,164.03,INR,settled,2026-08-03T10:00:00+05:30,2026-08-18T10:00:00+05:30
spl_330e8267,exp_60a04803,usr_ce9ee3ae,percentage,0.5781,75.35,INR,outstanding,,2026-08-18T10:00:00+05:30
spl_dccc7c3b,exp_4b9f16a5,usr_3a36b154,custom,1.9369,2356.19,INR,settled,2026-06-23T10:00:00+05:30,2026-08-18T10:00:00+05:30
spl_9c022b91,exp_d7953b8f,usr_60cacdee,percentage,1.2835,598.88,INR,outstanding,,2026-08-18T10:00:00+05:30
spl_34c9e59c,exp_d7953b8f,usr_268fdb85,percentage,1.843,859.94,INR,outstanding,,2026-08-18T10:00:00+05:30
spl_7caf8bd6,exp_d7953b8f,usr_86b17c0e,percentage,2.0352,949.62,INR,settled,2026-07-24T10:00:00+05:30,2026-08-18T10:00:00+05:30
spl_b5662fff,exp_d7953b8f,usr_2162d6ff,percentage,0.6801,317.36,INR,outstanding,,2026-08-18T10:00:00+05:30
spl_e3b2aad0,exp_af604b36,usr_51247360,custom,1.6065,172.42,JPY,outstanding,,2026-08-18T10:00:00+05:30
spl_22b156c3,exp_af604b36,usr_34e42e87,custom,1.3154,141.19,JPY,settled,2026-06-21T10:00:00+05:30,2026-08-18T10:00:00+05:30
spl_f0cb757a,exp_af604b36,usr_fecd2601,custom,1.9503,209.33,JPY,outstanding,,2026-08-18T10:00:00+05:30
spl_1c0831f1,exp_af604b36,usr_ef2f6a43,custom,2.0041,215.10,JPY,outstanding,,2026-08-18T10:00:00+05:30
spl_f642a6fc,exp_2cd73b93,usr_8659fe93,equal,1,1062.90,INR,settled,2026-08-09T10:00:00+05:30,2026-08-18T10:00:00+05:30
spl_832afa0d,exp_aac8320f,usr_c582abb2,shares,1.775,865.53,INR,settled,2026-07-25T10:00:00+05:30,2026-08-18T10:00:00+05:30
spl_aa7842fc,exp_aac8320f,usr_e1cd7b02,shares,1.9608,956.13,INR,outstanding,,2026-08-18T10:00:00+05:30
spl_d0bb8b46,exp_44cdede3,usr_74ed32ff,equal,1,54.24,INR,outstanding,,2026-08-18T10:00:00+05:30
spl_3f666f99,exp_44cdede3,usr_60c3a39a,equal,1,54.24,INR,settled,2026-08-10T10:00:00+05:30,2026-08-18T10:00:00+05:30
spl_4187f2ac,exp_44cdede3,usr_a0f188fa,equal,1,54.25,INR,outstanding,,2026-08-18T10:00:00+05:30
spl_26ab3934,exp_44cdede3,usr_d0d42055,equal,1,54.25,INR,outstanding,,2026-08-18T10:00:00+05:30
spl_7c62dfc8,exp_0783d59b,usr_c60b1837,custom,1.2599,48.31,AED,outstanding,,2026-08-18T10:00:00+05:30
spl_e7a301f1,exp_eb2897ed,usr_2e562f89,percentage,0.7677,2239.91,INR,outstanding,,2026-08-18T10:00:00+05:30
spl_67cc5d86,exp_eb2897ed,usr_0af476d1,percentage,2.2863,6670.67,INR,outstanding,,2026-08-18T10:00:00+05:30
spl_2cffc292,exp_8cd1c16b,usr_a0980823,equal,1,250.52,INR,outstanding,,2026-08-18T10:00:00+05:30
spl_56aa9fc8,exp_8cd1c16b,usr_44ef2e9c,equal,1,250.52,INR,settled,2026-07-20T10:00:00+05:30,2026-08-18T10:00:00+05:30
spl_bdad268d,exp_8cd1c16b,usr_633c636b,equal,1,250.52,INR,outstanding,,2026-08-18T10:00:00+05:30
spl_28b82439,exp_7d412c48,usr_6feac3d4,equal,1,317.31,INR,outstanding,,2026-08-18T10:00:00+05:30
spl_8e4932f6,exp_7d412c48,usr_6a108f4e,equal,1,317.32,INR,outstanding,,2026-08-18T10:00:00+05:30
spl_51989658,exp_d9c476f0,usr_e21b6644,percentage,1.9028,3543.72,INR,settled,2026-07-13T10:00:00+05:30,2026-08-18T10:00:00+05:30
spl_a97cd6f1,exp_d9c476f0,usr_55b114d5,percentage,2.3252,4330.30,INR,outstanding,,2026-08-18T10:00:00+05:30
spl_862fb2f5,exp_83fd48e3,usr_b10b6018,equal,1,189.31,QAR,settled,2026-08-08T10:00:00+05:30,2026-08-18T10:00:00+05:30
spl_79ecbf97,exp_21864a5b,usr_68f38693,equal,1,12.88,MYR,settled,2026-07-21T10:00:00+05:30,2026-08-18T10:00:00+05:30
spl_b8f64a16,exp_21864a5b,usr_63d19d4c,equal,1,12.88,MYR,settled,2026-07-05T10:00:00+05:30,2026-08-18T10:00:00+05:30
spl_8d06a8f8,exp_21864a5b,usr_f48b4353,equal,1,12.88,MYR,settled,2026-08-07T10:00:00+05:30,2026-08-18T10:00:00+05:30
spl_c378024f,exp_21864a5b,usr_2136e1fa,equal,1,12.88,MYR,outstanding,,2026-08-18T10:00:00+05:30
spl_5ca87e4f,exp_0ddac291,usr_5dec704e,equal,1,227.64,INR,outstanding,,2026-08-18T10:00:00+05:30
spl_8866fdfb,exp_4906c5d8,usr_b021d103,percentage,1.6031,3559.34,INR,outstanding,,2026-08-18T10:00:00+05:30
spl_9d02c1dd,exp_4906c5d8,usr_f94cda41,percentage,2.0774,4612.49,INR,outstanding,,2026-08-18T10:00:00+05:30
spl_a6798b9b,exp_30bb1c2a,usr_e076a69d,custom,2.2855,731.56,INR,settled,2026-08-02T10:00:00+05:30,2026-08-18T10:00:00+05:30
spl_88c8d3be,exp_b5774466,usr_2fc3b9a7,shares,2.4659,274.25,INR,settled,2026-07-05T10:00:00+05:30,2026-08-18T10:00:00+05:30
spl_05b2a6bd,exp_b5774466,usr_fedbd227,shares,1.2711,141.37,INR,settled,2026-08-06T10:00:00+05:30,2026-08-18T10:00:00+05:30
spl_20a19708,exp_b5774466,usr_1501196b,shares,1.8162,201.99,INR,settled,2026-08-11T10:00:00+05:30,2026-08-18T10:00:00+05:30
spl_84de45f7,exp_571b4ac0,usr_e5b92b52,equal,1,504.84,INR,outstanding,,2026-08-18T10:00:00+05:30
spl_f479aa21,exp_571b4ac0,usr_c535ee88,equal,1,504.85,INR,outstanding,,2026-08-18T10:00:00+05:30
spl_89cf7327,exp_31ddc2c5,usr_7b4006b0,equal,1,223.55,INR,settled,2026-07-12T10:00:00+05:30,2026-08-18T10:00:00+05:30
spl_c9273d0d,exp_31ddc2c5,usr_2de68d4f,equal,1,223.56,INR,settled,2026-06-20T10:00:00+05:30,2026-08-18T10:00:00+05:30
spl_03b59460,exp_31ddc2c5,usr_df88839b,equal,1,223.56,INR,outstanding,,2026-08-18T10:00:00+05:30
spl_6d1c8c8b,exp_5c7fbb08,usr_ce38459a,equal,1,4810.38,INR,outstanding,,2026-08-18T10:00:00+05:30
spl_0ecb39fa,exp_5c7fbb08,usr_0b05ac58,equal,1,4810.39,INR,outstanding,,2026-08-18T10:00:00+05:30
spl_4de1c243,exp_5cc71d9e,usr_8e84ba7a,equal,1,1599.30,INR,outstanding,,2026-08-18T10:00:00+05:30
spl_5ce7ae98,exp_9eb97238,usr_dace411a,equal,1,16.45,MYR,outstanding,,2026-08-18T10:00:00+05:30
spl_d1b85412,exp_9eb97238,usr_46091d13,equal,1,16.46,MYR,outstanding,,2026-08-18T10:00:00+05:30
spl_e006e4b5,exp_9eb97238,usr_c749abe0,equal,1,16.46,MYR,outstanding,,2026-08-18T10:00:00+05:30
spl_d346c7d4,exp_322813d4,usr_9e33a102,equal,1,9.83,QAR,settled,2026-07-15T10:00:00+05:30,2026-08-18T10:00:00+05:30
spl_db196928,exp_322813d4,usr_893bfbd9,equal,1,9.82,QAR,settled,2026-08-13T10:00:00+05:30,2026-08-18T10:00:00+05:30
spl_ef591604,exp_322813d4,usr_9ae9cbcb,equal,1,9.82,QAR,outstanding,,2026-08-18T10:00:00+05:30
spl_7bc07ba4,exp_1ac50e13,usr_25e8a118,equal,1,1118.36,THB,settled,2026-08-17T10:00:00+05:30,2026-08-18T10:00:00+05:30
spl_94d47f58,exp_191673ef,usr_247f37bf,equal,1,5059.11,JPY,outstanding,,2026-08-18T10:00:00+05:30
spl_af26bc4f,exp_90e8c0af,usr_2da5bb04,equal,1,846.32,INR,outstanding,,2026-08-18T10:00:00+05:30
spl_a2b174c6,exp_6e75b1e1,usr_77e91c3a,equal,1,427.30,INR,outstanding,,2026-08-18T10:00:00+05:30
spl_2d9289f4,exp_19e18d17,usr_1ef037a0,percentage,2.1781,10120.57,LKR,outstanding,,2026-08-18T10:00:00+05:30
spl_47203eee,exp_19e18d17,usr_a386ca28,percentage,1.6025,7445.97,LKR,outstanding,,2026-08-18T10:00:00+05:30
spl_cd2a1fd6,exp_0c0b5147,usr_8eb4e3e7,equal,1,3059.61,INR,settled,2026-08-11T10:00:00+05:30,2026-08-18T10:00:00+05:30
spl_50bd0c2d,exp_0c0b5147,usr_42dc4da4,equal,1,3059.62,INR,outstanding,,2026-08-18T10:00:00+05:30
spl_862a4b38,exp_5fdd0e7f,usr_ce09de03,percentage,1.6956,5162.37,INR,settled,2026-08-05T10:00:00+05:30,2026-08-18T10:00:00+05:30
spl_608c432a,exp_b2d929c5,usr_78b510fb,custom,0.703,208.19,INR,settled,2026-08-07T10:00:00+05:30,2026-08-18T10:00:00+05:30
spl_07d3941b,exp_b2d929c5,usr_b8779399,custom,2.1607,639.90,INR,settled,2026-07-18T10:00:00+05:30,2026-08-18T10:00:00+05:30
spl_40fef963,exp_b2d929c5,usr_5f3244b4,custom,0.8542,252.96,INR,settled,2026-08-15T10:00:00+05:30,2026-08-18T10:00:00+05:30
spl_fca94529,exp_cc6ea29f,usr_c538bbe8,custom,2.0843,1331.09,INR,outstanding,,2026-08-18T10:00:00+05:30
spl_2b564d4a,exp_7f8817ed,usr_40c95b13,equal,1,365.97,INR,settled,2026-07-23T10:00:00+05:30,2026-08-18T10:00:00+05:30
spl_44cec660,exp_6f19f808,usr_05d0be25,custom,1.3474,223.96,AED,outstanding,,2026-08-18T10:00:00+05:30
spl_8490bc69,exp_728958fd,usr_373b76a9,equal,1,358.29,INR,outstanding,,2026-08-18T10:00:00+05:30
spl_0002f0e6,exp_728958fd,usr_21fe0c1f,equal,1,358.30,INR,outstanding,,2026-08-18T10:00:00+05:30
spl_f4b306fe,exp_db373cf8,usr_e0853a17,equal,1,1393.30,INR,settled,2026-07-04T10:00:00+05:30,2026-08-18T10:00:00+05:30
spl_ce3426f5,exp_bfdd10aa,usr_ae35e63d,equal,1,1132.96,INR,outstanding,,2026-08-18T10:00:00+05:30
spl_ceca5c95,exp_bfdd10aa,usr_701b0010,equal,1,1132.97,INR,settled,2026-06-29T10:00:00+05:30,2026-08-18T10:00:00+05:30
spl_4c882aec,exp_e2c3069c,usr_d59d0fa9,percentage,1.0878,885.47,INR,outstanding,,2026-08-18T10:00:00+05:30
spl_f05bfc90,exp_0448b563,usr_ddcb196c,percentage,0.9363,676.10,INR,outstanding,,2026-08-18T10:00:00+05:30
spl_99ea83e2,exp_653a9b98,usr_e3b9431c,shares,1.0909,48.77,AED,outstanding,,2026-08-18T10:00:00+05:30
spl_bb794dc8,exp_29a47bab,usr_0389057b,equal,1,158.73,AED,outstanding,,2026-08-18T10:00:00+05:30
spl_d79b9f18,exp_3075e05d,usr_0e9166f0,equal,1,378.54,QAR,outstanding,,2026-08-18T10:00:00+05:30
spl_e885c2b9,exp_185f296e,usr_7fa0a9c6,equal,1,449.78,INR,outstanding,,2026-08-18T10:00:00+05:30
spl_08b01054,exp_185f296e,usr_749f5098,equal,1,449.79,INR,outstanding,,2026-08-18T10:00:00+05:30
spl_f471e881,exp_ea11d73c,usr_ca24d130,custom,0.6494,1090.73,INR,outstanding,,2026-08-18T10:00:00+05:30
spl_429b3b8a,exp_fe3246ad,usr_b96ef58c,custom,1.0502,1345.34,INR,outstanding,,2026-08-18T10:00:00+05:30
spl_74a0513b,exp_fe3246ad,usr_d312cbff,custom,1.7678,2264.72,INR,outstanding,,2026-08-18T10:00:00+05:30
spl_5433c920,exp_fe3246ad,usr_228f37bd,custom,1.989,2548.03,INR,outstanding,,2026-08-18T10:00:00+05:30
spl_54cf80de,exp_fe3246ad,usr_991a1e29,custom,1.9894,2548.55,INR,settled,2026-06-24T10:00:00+05:30,2026-08-18T10:00:00+05:30
spl_367c4b2d,exp_c4303584,usr_ce09de03,equal,1,2.96,QAR,outstanding,,2026-08-18T10:00:00+05:30
spl_7e6182be,exp_c4303584,usr_3f4f4c52,equal,1,2.96,QAR,settled,2026-08-13T10:00:00+05:30,2026-08-18T10:00:00+05:30
spl_81661699,exp_c4303584,usr_47d7ab5a,equal,1,2.97,QAR,outstanding,,2026-08-18T10:00:00+05:30
spl_4127b6bd,exp_c4303584,usr_7df097f0,equal,1,2.97,QAR,outstanding,,2026-08-18T10:00:00+05:30
spl_ca7f7a82,exp_bd3e914a,usr_76ac5087,equal,1,1585.05,INR,outstanding,,2026-08-18T10:00:00+05:30
spl_a777e187,exp_e81b3e56,usr_fd8f7b49,custom,1.8346,190.53,INR,outstanding,,2026-08-18T10:00:00+05:30
spl_d42a288f,exp_e81b3e56,usr_045378e4,custom,1.9797,205.60,INR,settled,2026-06-29T10:00:00+05:30,2026-08-18T10:00:00+05:30
spl_47949220,exp_e81b3e56,usr_6498a0a8,custom,1.3523,140.44,INR,settled,2026-08-16T10:00:00+05:30,2026-08-18T10:00:00+05:30
spl_c5278869,exp_74a87ff0,usr_bff7bdb8,equal,1,1950.95,INR,settled,2026-07-25T10:00:00+05:30,2026-08-18T10:00:00+05:30
spl_885e19e3,exp_74a87ff0,usr_be4ecc52,equal,1,1950.96,INR,outstanding,,2026-08-18T10:00:00+05:30
spl_d68949da,exp_74a87ff0,usr_aebfb5b6,equal,1,1950.96,INR,settled,2026-07-13T10:00:00+05:30,2026-08-18T10:00:00+05:30
spl_7e2ee429,exp_74a87ff0,usr_ee605ce4,equal,1,1950.96,INR,outstanding,,2026-08-18T10:00:00+05:30
spl_ad1e3b10,exp_a6082aad,usr_97d7df2b,equal,1,926.21,INR,outstanding,,2026-08-18T10:00:00+05:30
spl_817a10a6,exp_e666bd6b,usr_67ff2106,custom,1.7021,10735.26,LKR,settled,2026-07-07T10:00:00+05:30,2026-08-18T10:00:00+05:30
spl_b180fde8,exp_2d83d1c3,usr_0a31df91,equal,1,283.78,INR,outstanding,,2026-08-18T10:00:00+05:30
spl_d341cb1e,exp_2d83d1c3,usr_f7512c22,equal,1,283.79,INR,settled,2026-08-11T10:00:00+05:30,2026-08-18T10:00:00+05:30
spl_985cedc5,exp_bd5b4e16,usr_569f1f22,equal,1,141.06,INR,outstanding,,2026-08-18T10:00:00+05:30
spl_8e35e5de,exp_bd5b4e16,usr_aefdae86,equal,1,141.07,INR,outstanding,,2026-08-18T10:00:00+05:30
spl_3813667f,exp_bd5b4e16,usr_1ef037a0,equal,1,141.07,INR,settled,2026-08-13T10:00:00+05:30,2026-08-18T10:00:00+05:30
spl_ed1efa44,exp_bd5b4e16,usr_60c3a39a,equal,1,141.07,INR,settled,2026-08-12T10:00:00+05:30,2026-08-18T10:00:00+05:30
spl_64fa9354,exp_42a978c7,usr_72818c78,equal,1,721.05,INR,settled,2026-06-20T10:00:00+05:30,2026-08-18T10:00:00+05:30
spl_a5272eea,exp_42a978c7,usr_ce38459a,equal,1,721.05,INR,outstanding,,2026-08-18T10:00:00+05:30
spl_70ca22c1,exp_8132190a,usr_40c95b13,custom,1.2329,632.35,INR,settled,2026-06-22T10:00:00+05:30,2026-08-18T10:00:00+05:30
spl_ff44cb2b,exp_67ac85b5,usr_1dc66e29,equal,1,1904.97,INR,settled,2026-08-02T10:00:00+05:30,2026-08-18T10:00:00+05:30
spl_311d18d0,exp_39a57f93,usr_ddfd9a4a,equal,1,1799.43,INR,outstanding,,2026-08-18T10:00:00+05:30
spl_36f7b130,exp_5e4b69b4,usr_f855344d,custom,1.7425,1133.10,INR,outstanding,,2026-08-18T10:00:00+05:30
spl_6eec386e,exp_77caa0cf,usr_353c55a8,equal,1,557.05,INR,outstanding,,2026-08-18T10:00:00+05:30
spl_d46f7bfa,exp_77caa0cf,usr_e3b9431c,equal,1,557.06,INR,settled,2026-08-01T10:00:00+05:30,2026-08-18T10:00:00+05:30
spl_b257399b,exp_77caa0cf,usr_9292ebbb,equal,1,557.06,INR,outstanding,,2026-08-18T10:00:00+05:30
spl_d07a688b,exp_77caa0cf,usr_3495d8ed,equal,1,557.06,INR,settled,2026-08-04T10:00:00+05:30,2026-08-18T10:00:00+05:30
spl_de4c3d30,exp_32e8e84f,usr_2b11a6c9,shares,1.0204,189.96,INR,settled,2026-07-05T10:00:00+05:30,2026-08-18T10:00:00+05:30
spl_d33fa694,exp_1d6b7f04,usr_dce3bc90,equal,1,1525.45,INR,outstanding,,2026-08-18T10:00:00+05:30
spl_e248d13a,exp_be033b83,usr_b452b228,equal,1,2100.90,INR,outstanding,,2026-08-18T10:00:00+05:30
spl_081dbef9,exp_0e969498,usr_8659fe93,equal,1,463.75,MVR,outstanding,,2026-08-18T10:00:00+05:30
spl_e2564c76,exp_0c26aa62,usr_e93a9eef,equal,1,1416.68,INR,settled,2026-07-20T10:00:00+05:30,2026-08-18T10:00:00+05:30
spl_26acc89e,exp_0c26aa62,usr_6f068e43,equal,1,1416.68,INR,outstanding,,2026-08-18T10:00:00+05:30
spl_1829a83d,exp_0c26aa62,usr_f427bdf9,equal,1,1416.69,INR,outstanding,,2026-08-18T10:00:00+05:30
spl_0b27be8d,exp_0c26aa62,usr_a015811e,equal,1,1416.69,INR,outstanding,,2026-08-18T10:00:00+05:30
spl_e93c3add,exp_418d55ce,usr_d032c2ca,custom,0.875,333.58,INR,settled,2026-08-07T10:00:00+05:30,2026-08-18T10:00:00+05:30
spl_6b06036d,exp_418d55ce,usr_2dfc4f4b,custom,1.5864,604.78,INR,settled,2026-07-28T10:00:00+05:30,2026-08-18T10:00:00+05:30
spl_c244fc4a,exp_418d55ce,usr_0567fe37,custom,1.8735,714.23,INR,settled,2026-06-22T10:00:00+05:30,2026-08-18T10:00:00+05:30
spl_f7f8e339,exp_418d55ce,usr_67ff2106,custom,0.5299,202.00,INR,outstanding,,2026-08-18T10:00:00+05:30
spl_595de61d,exp_ee07672d,usr_42a441dc,shares,2.3959,158.63,INR,settled,2026-07-06T10:00:00+05:30,2026-08-18T10:00:00+05:30
spl_06de9014,exp_ee07672d,usr_399971ee,shares,0.8891,58.86,INR,outstanding,,2026-08-18T10:00:00+05:30
spl_356115cb,exp_ee07672d,usr_b5327682,shares,0.64,42.37,INR,outstanding,,2026-08-18T10:00:00+05:30
spl_54173672,exp_ee07672d,usr_ce11983a,shares,2.0343,134.68,INR,settled,2026-08-01T10:00:00+05:30,2026-08-18T10:00:00+05:30
spl_2005bb7a,exp_43e719fe,usr_24e54a31,equal,1,818.66,THB,outstanding,,2026-08-18T10:00:00+05:30
spl_f73b91cf,exp_343da53c,usr_afaebefa,custom,0.7618,280.08,INR,outstanding,,2026-08-18T10:00:00+05:30
spl_3db81abd,exp_23a8484e,usr_ee03ca6c,equal,1,109.38,INR,settled,2026-08-03T10:00:00+05:30,2026-08-18T10:00:00+05:30
spl_4bb310ca,exp_23a8484e,usr_506012f1,equal,1,109.38,INR,outstanding,,2026-08-18T10:00:00+05:30
spl_8825b41a,exp_23a8484e,usr_f23dc3eb,equal,1,109.39,INR,settled,2026-08-08T10:00:00+05:30,2026-08-18T10:00:00+05:30
spl_2dc3d9e5,exp_23a8484e,usr_bc4a9809,equal,1,109.39,INR,settled,2026-08-14T10:00:00+05:30,2026-08-18T10:00:00+05:30
spl_e7c1eab3,exp_f69a76e5,usr_d20b2a69,equal,1,2991.56,INR,settled,2026-08-14T10:00:00+05:30,2026-08-18T10:00:00+05:30
spl_5f3b37c4,exp_f69a76e5,usr_dc888b66,equal,1,2991.55,INR,outstanding,,2026-08-18T10:00:00+05:30
spl_0b82d2a3,exp_f69a76e5,usr_bc4b67f6,equal,1,2991.55,INR,settled,2026-07-20T10:00:00+05:30,2026-08-18T10:00:00+05:30
spl_2c850b69,exp_3d467064,usr_a6eaecde,equal,1,1819.51,INR,outstanding,,2026-08-18T10:00:00+05:30
spl_5cc424a4,exp_d2b050ce,usr_5f1e6e1c,equal,1,6277.13,JPY,settled,2026-08-06T10:00:00+05:30,2026-08-18T10:00:00+05:30
spl_c9fa413a,exp_c1f618bb,usr_ddfa0cd0,custom,1.5454,844.37,INR,outstanding,,2026-08-18T10:00:00+05:30
spl_bdefa0bb,exp_e39881af,usr_3f50fbcb,equal,1,641.08,INR,outstanding,,2026-08-18T10:00:00+05:30
spl_f6ebc5dd,exp_e39881af,usr_0e5a0620,equal,1,641.09,INR,settled,2026-07-25T10:00:00+05:30,2026-08-18T10:00:00+05:30
spl_0025849a,exp_33cbba88,usr_2b7e8931,equal,1,1972.69,INR,outstanding,,2026-08-18T10:00:00+05:30
spl_b5fadb93,exp_20386c67,usr_63d6db20,equal,1,678.18,INR,settled,2026-07-15T10:00:00+05:30,2026-08-18T10:00:00+05:30
spl_a2319214,exp_b705f076,usr_a4ca5f2e,equal,1,169.81,NPR,settled,2026-06-28T10:00:00+05:30,2026-08-18T10:00:00+05:30
spl_4f076f94,exp_b705f076,usr_7e72b295,equal,1,169.81,NPR,outstanding,,2026-08-18T10:00:00+05:30
spl_d32321e9,exp_b705f076,usr_22e61dad,equal,1,169.81,NPR,outstanding,,2026-08-18T10:00:00+05:30
spl_54dd479f,exp_b705f076,usr_96a8d3c5,equal,1,169.81,NPR,settled,2026-07-20T10:00:00+05:30,2026-08-18T10:00:00+05:30
spl_1aeb3291,exp_85c8dc58,usr_d504f21d,equal,1,13.54,QAR,outstanding,,2026-08-18T10:00:00+05:30
spl_9ed6c86f,exp_18c8eb60,usr_e0853a17,equal,1,987.48,INR,settled,2026-06-28T10:00:00+05:30,2026-08-18T10:00:00+05:30
spl_3ea3ad72,exp_18c8eb60,usr_e5b92b52,equal,1,987.48,INR,outstanding,,2026-08-18T10:00:00+05:30
spl_5f56bf8e,exp_18c8eb60,usr_71852a92,equal,1,987.49,INR,outstanding,,2026-08-18T10:00:00+05:30
spl_767fd849,exp_18c8eb60,usr_c75aefa2,equal,1,987.49,INR,outstanding,,2026-08-18T10:00:00+05:30
spl_448b687f,exp_d4b9e9cf,usr_9e33a102,equal,1,10.54,CHF,outstanding,,2026-08-18T10:00:00+05:30
spl_7154a0d1,exp_d4b9e9cf,usr_c010ce3c,equal,1,10.54,CHF,outstanding,,2026-08-18T10:00:00+05:30
spl_0c490086,exp_d4b9e9cf,usr_7a9bb1ad,equal,1,10.54,CHF,outstanding,,2026-08-18T10:00:00+05:30
spl_91a06b1c,exp_3ce8db8f,usr_2da5bb04,equal,1,5211.40,INR,settled,2026-08-07T10:00:00+05:30,2026-08-18T10:00:00+05:30
spl_63464d0f,exp_29e24ab6,usr_78afc45f,percentage,1.0052,1461.12,INR,outstanding,,2026-08-18T10:00:00+05:30
spl_a6a4cb7e,exp_3015f0b0,usr_6feac3d4,custom,2.4499,1497.29,INR,outstanding,,2026-08-18T10:00:00+05:30
spl_7ae5700d,exp_3015f0b0,usr_6a108f4e,custom,1.3737,839.55,INR,outstanding,,2026-08-18T10:00:00+05:30
spl_4926f65e,exp_f0e8dbb6,usr_701b0010,custom,0.9517,3961.55,INR,outstanding,,2026-08-18T10:00:00+05:30
spl_1b5d3da3,exp_9d498815,usr_b8c5bfe0,equal,1,544.06,INR,settled,2026-08-17T10:00:00+05:30,2026-08-18T10:00:00+05:30
spl_54103c3f,exp_cd9d4c6e,usr_58d2b52f,equal,1,866.55,INR,outstanding,,2026-08-18T10:00:00+05:30
spl_f7a3e3fc,exp_f2933313,usr_8317ab30,equal,1,924.00,INR,outstanding,,2026-08-18T10:00:00+05:30
spl_2c478ed5,exp_f2933313,usr_4f7fc3a8,equal,1,924.00,INR,settled,2026-07-18T10:00:00+05:30,2026-08-18T10:00:00+05:30
spl_2f35fb52,exp_32b4db39,usr_58d2b52f,equal,1,1440.89,INR,outstanding,,2026-08-18T10:00:00+05:30
spl_3d5edcb1,exp_8c545679,usr_0af476d1,percentage,2.4287,3787.51,INR,outstanding,,2026-08-18T10:00:00+05:30
spl_0d97f9fe,exp_8c545679,usr_7e684451,percentage,1.1214,1748.75,INR,settled,2026-08-07T10:00:00+05:30,2026-08-18T10:00:00+05:30
spl_52be79b0,exp_8c545679,usr_9e6dc4d3,percentage,0.5828,908.91,INR,outstanding,,2026-08-18T10:00:00+05:30
spl_346d43e9,exp_8c545679,usr_160064ff,percentage,0.5153,803.58,INR,outstanding,,2026-08-18T10:00:00+05:30
spl_767546aa,exp_1fbea505,usr_1cec1f14,percentage,0.8916,617.04,INR,outstanding,,2026-08-18T10:00:00+05:30
spl_89340ee1,exp_1fbea505,usr_2a2841d1,percentage,2.1255,1470.91,INR,settled,2026-07-09T10:00:00+05:30,2026-08-18T10:00:00+05:30
spl_21b3a0c8,exp_db8bf448,usr_9cb9eedc,equal,1,1010.93,INR,outstanding,,2026-08-18T10:00:00+05:30
spl_6fd31b18,exp_6b5b8726,usr_4db9e8d2,equal,1,1297.08,INR,settled,2026-07-15T10:00:00+05:30,2026-08-18T10:00:00+05:30
spl_1841da95,exp_803df54c,usr_196ca537,percentage,1.3514,3.85,CHF,outstanding,,2026-08-18T10:00:00+05:30
spl_261faf00,exp_b3bd897d,usr_05e40dfc,custom,2.4944,206.97,INR,outstanding,,2026-08-18T10:00:00+05:30
spl_69dbf2d6,exp_b3bd897d,usr_e5bfa6cd,custom,2.1558,178.87,INR,outstanding,,2026-08-18T10:00:00+05:30
spl_b682317d,exp_a9ee9e5b,usr_b86dd891,equal,1,7663.85,BTN,outstanding,,2026-08-18T10:00:00+05:30
spl_af82d567,exp_4aac45ef,usr_b831f448,shares,1.925,282.22,INR,settled,2026-06-26T10:00:00+05:30,2026-08-18T10:00:00+05:30
spl_5121d059,exp_4aac45ef,usr_f353d290,shares,1.7176,251.83,INR,outstanding,,2026-08-18T10:00:00+05:30
spl_d67d97c4,exp_4aac45ef,usr_fa3a9dd6,shares,1.2424,182.15,INR,settled,2026-07-22T10:00:00+05:30,2026-08-18T10:00:00+05:30
spl_c677f29e,exp_a91d8e03,usr_24f139e5,percentage,0.5388,388.96,INR,outstanding,,2026-08-18T10:00:00+05:30
spl_1e80e6e9,exp_a91d8e03,usr_157e58e7,percentage,1.4319,1033.62,INR,outstanding,,2026-08-18T10:00:00+05:30
spl_c29eae5a,exp_f0f3ad89,usr_546ab7b6,equal,1,9728.78,INR,settled,2026-07-21T10:00:00+05:30,2026-08-18T10:00:00+05:30
spl_e7b9e90f,exp_aabf2619,usr_7f6e49de,shares,1.5631,1637.00,INR,settled,2026-08-08T10:00:00+05:30,2026-08-18T10:00:00+05:30
spl_d018ed98,exp_fe888e07,usr_569f1f22,equal,1,543.53,INR,outstanding,,2026-08-18T10:00:00+05:30
spl_0fb3e542,exp_fe888e07,usr_aefdae86,equal,1,543.52,INR,outstanding,,2026-08-18T10:00:00+05:30
spl_57843eb8,exp_fe888e07,usr_1ef037a0,equal,1,543.52,INR,outstanding,,2026-08-18T10:00:00+05:30
spl_cb9323cd,exp_fe888e07,usr_60c3a39a,equal,1,543.52,INR,settled,2026-07-03T10:00:00+05:30,2026-08-18T10:00:00+05:30
spl_85fe31aa,exp_7dc2ec00,usr_76043d79,equal,1,336.03,INR,outstanding,,2026-08-18T10:00:00+05:30
spl_e84b8b66,exp_7dc2ec00,usr_65b43f7e,equal,1,336.02,INR,settled,2026-07-11T10:00:00+05:30,2026-08-18T10:00:00+05:30
spl_485da14a,exp_7dc2ec00,usr_9937a749,equal,1,336.02,INR,settled,2026-08-15T10:00:00+05:30,2026-08-18T10:00:00+05:30
spl_97c46130,exp_74696062,usr_36c3dbed,equal,1,1189.26,INR,settled,2026-07-30T10:00:00+05:30,2026-08-18T10:00:00+05:30
spl_f567df5d,exp_d4ddb23a,usr_7796e5e8,equal,1,565.49,INR,outstanding,,2026-08-18T10:00:00+05:30
spl_eb315a8d,exp_9d5ff68e,usr_67ff2106,equal,1,6138.31,LKR,settled,2026-07-07T10:00:00+05:30,2026-08-18T10:00:00+05:30
spl_46b92343,exp_c344e097,usr_b4a877b0,equal,1,5971.37,INR,settled,2026-08-02T10:00:00+05:30,2026-08-18T10:00:00+05:30
spl_a403c72f,exp_c3bc47aa,usr_1f670e21,equal,1,1948.38,NPR,settled,2026-07-16T10:00:00+05:30,2026-08-18T10:00:00+05:30
spl_d488417c,exp_2d5b93b5,usr_5f22c672,equal,1,101.53,THB,outstanding,,2026-08-18T10:00:00+05:30
spl_0e13861b,exp_2d5b93b5,usr_5d8450f0,equal,1,101.54,THB,settled,2026-07-02T10:00:00+05:30,2026-08-18T10:00:00+05:30
spl_45f032b1,exp_5865f2f6,usr_f23dc3eb,equal,1,2003.09,INR,outstanding,,2026-08-18T10:00:00+05:30
spl_4d8f0199,exp_5865f2f6,usr_76c235d5,equal,1,2003.09,INR,outstanding,,2026-08-18T10:00:00+05:30
spl_d2fc4839,exp_6cfd4a95,usr_65303113,percentage,0.8707,359.99,INR,settled,2026-07-27T10:00:00+05:30,2026-08-18T10:00:00+05:30
spl_ac0b24cd,exp_6cfd4a95,usr_a2df7150,percentage,1.7015,703.49,INR,outstanding,,2026-08-18T10:00:00+05:30
spl_e7b5b281,exp_6cfd4a95,usr_5b790166,percentage,0.8282,342.44,INR,outstanding,,2026-08-18T10:00:00+05:30
spl_06ac5d46,exp_11c538ed,usr_d0571b95,equal,1,1508.87,INR,outstanding,,2026-08-18T10:00:00+05:30
spl_a6dc5f95,exp_287d8579,usr_0382185a,custom,1.049,6440.06,INR,outstanding,,2026-08-18T10:00:00+05:30
spl_706d116e,exp_3f2c1d98,usr_3d56531d,equal,1,984.52,INR,outstanding,,2026-08-18T10:00:00+05:30
spl_d640d1c8,exp_3f2c1d98,usr_29dfdea3,equal,1,984.53,INR,outstanding,,2026-08-18T10:00:00+05:30
spl_d4cba1c1,exp_3f2d8df7,usr_d56927f7,custom,1.0049,1607.25,INR,outstanding,,2026-08-18T10:00:00+05:30
spl_9bf9fda1,exp_21d0bc45,usr_525b1d3c,equal,1,4035.40,INR,outstanding,,2026-08-18T10:00:00+05:30
spl_2b65c4b6,exp_c646bad4,usr_25e8a118,equal,1,610.90,THB,settled,2026-08-07T10:00:00+05:30,2026-08-18T10:00:00+05:30
spl_0fdc943b,exp_8dd92f65,usr_d504f21d,custom,1.5237,46.76,QAR,outstanding,,2026-08-18T10:00:00+05:30
spl_10513dea,exp_18491a67,usr_44604a9d,equal,1,1544.07,INR,outstanding,,2026-08-18T10:00:00+05:30
spl_4a88eaac,exp_676ed8e9,usr_e459a18c,equal,1,162.51,THB,settled,2026-06-23T10:00:00+05:30,2026-08-18T10:00:00+05:30
spl_8e5913b8,exp_676ed8e9,usr_dace411a,equal,1,162.51,THB,settled,2026-07-05T10:00:00+05:30,2026-08-18T10:00:00+05:30
spl_ae28d303,exp_676ed8e9,usr_9694b4a3,equal,1,162.51,THB,written_off,,2026-08-18T10:00:00+05:30
spl_67213403,exp_72e639e3,usr_5f22c672,percentage,1.5147,1549.59,THB,outstanding,,2026-08-18T10:00:00+05:30
spl_c67a5585,exp_72e639e3,usr_5d8450f0,percentage,2.2782,2330.64,THB,settled,2026-06-20T10:00:00+05:30,2026-08-18T10:00:00+05:30
spl_18f165bc,exp_9b7bfb2c,usr_e5415ac7,equal,1,557.79,INR,settled,2026-08-09T10:00:00+05:30,2026-08-18T10:00:00+05:30
spl_5075a77b,exp_9b7bfb2c,usr_0e5a0620,equal,1,557.79,INR,outstanding,,2026-08-18T10:00:00+05:30
spl_74899945,exp_9b7bfb2c,usr_63d19d4c,equal,1,557.79,INR,outstanding,,2026-08-18T10:00:00+05:30
spl_1a920c4a,exp_9b7bfb2c,usr_cc3e5793,equal,1,557.79,INR,settled,2026-08-04T10:00:00+05:30,2026-08-18T10:00:00+05:30
spl_52c43d58,exp_35706e65,usr_36c3dbed,equal,1,608.31,INR,written_off,,2026-08-18T10:00:00+05:30
spl_42408a87,exp_35706e65,usr_4e1b489a,equal,1,608.31,INR,outstanding,,2026-08-18T10:00:00+05:30
spl_8d452aaa,exp_35706e65,usr_e1f3dfbc,equal,1,608.32,INR,outstanding,,2026-08-18T10:00:00+05:30
spl_a7760199,exp_35706e65,usr_1e3c81bb,equal,1,608.32,INR,outstanding,,2026-08-18T10:00:00+05:30
spl_96e4b40b,exp_e4437423,usr_8f32fd7a,percentage,2.2959,2086.89,LKR,outstanding,,2026-08-18T10:00:00+05:30
spl_4ebfca82,exp_45826244,usr_e21b6644,equal,1,837.83,INR,settled,2026-08-12T10:00:00+05:30,2026-08-18T10:00:00+05:30
spl_2ce31094,exp_45826244,usr_55b114d5,equal,1,837.84,INR,outstanding,,2026-08-18T10:00:00+05:30
spl_601ff4ee,exp_8d7dcfe4,usr_08b8f8e9,percentage,0.5576,1162.78,INR,settled,2026-07-24T10:00:00+05:30,2026-08-18T10:00:00+05:30
spl_f69c58f2,exp_51bf56ad,usr_62b3f8b8,equal,1,4991.09,INR,settled,2026-07-10T10:00:00+05:30,2026-08-18T10:00:00+05:30
spl_1ad6d907,exp_ccbf073a,usr_d0571b95,custom,1.7526,2276.98,INR,outstanding,,2026-08-18T10:00:00+05:30
spl_f3543e2a,exp_be7bde53,usr_28c5ee24,equal,1,2327.05,NPR,outstanding,,2026-08-18T10:00:00+05:30
spl_224d35c8,exp_b728836f,usr_c582abb2,equal,1,589.89,INR,outstanding,,2026-08-18T10:00:00+05:30
spl_f73d239d,exp_cc00582a,usr_a2b35cea,equal,1,1367.26,NPR,settled,2026-06-23T10:00:00+05:30,2026-08-18T10:00:00+05:30
spl_55fd8dd1,exp_cc00582a,usr_f23dc3eb,equal,1,1367.26,NPR,settled,2026-08-15T10:00:00+05:30,2026-08-18T10:00:00+05:30
spl_b3a92cde,exp_cc00582a,usr_5d83e59a,equal,1,1367.26,NPR,outstanding,,2026-08-18T10:00:00+05:30
spl_f3f1ab56,exp_ca72a5ec,usr_ad8b46f0,equal,1,2310.62,INR,settled,2026-07-02T10:00:00+05:30,2026-08-18T10:00:00+05:30
spl_c18cb471,exp_fb386a3a,usr_05306731,percentage,2.0614,302.63,INR,outstanding,,2026-08-18T10:00:00+05:30
spl_aad8fa55,exp_fb386a3a,usr_e2966606,percentage,0.8982,131.87,INR,settled,2026-08-13T10:00:00+05:30,2026-08-18T10:00:00+05:30
spl_c1ebecd3,exp_e88b40d8,usr_dcc95fd2,equal,1,887.35,INR,settled,2026-08-15T10:00:00+05:30,2026-08-18T10:00:00+05:30
spl_a95adfb4,exp_74814a56,usr_90a46b92,equal,1,535.77,LKR,settled,2026-06-29T10:00:00+05:30,2026-08-18T10:00:00+05:30
spl_b77e474a,exp_74814a56,usr_afaebefa,equal,1,535.77,LKR,outstanding,,2026-08-18T10:00:00+05:30
spl_71324091,exp_74814a56,usr_3127972d,equal,1,535.78,LKR,settled,2026-08-03T10:00:00+05:30,2026-08-18T10:00:00+05:30
spl_8ab167d5,exp_74814a56,usr_6dabe38f,equal,1,535.78,LKR,outstanding,,2026-08-18T10:00:00+05:30
spl_e86dd454,exp_da5eff67,usr_51247360,equal,1,8931.78,INR,outstanding,,2026-08-18T10:00:00+05:30
spl_9765940c,exp_8c9fe291,usr_4d8f3b3a,equal,1,737.54,INR,outstanding,,2026-08-18T10:00:00+05:30
spl_93a67f69,exp_3dbbc495,usr_2c93ab7f,equal,1,1113.08,INR,settled,2026-06-26T10:00:00+05:30,2026-08-18T10:00:00+05:30
spl_27d245be,exp_b82d05bf,usr_72796feb,equal,1,90055.84,IDR,outstanding,,2026-08-18T10:00:00+05:30
spl_6c86773a,exp_02ad6ccc,usr_41431693,shares,1.3103,69.49,AED,settled,2026-06-30T10:00:00+05:30,2026-08-18T10:00:00+05:30
spl_ed95e982,exp_91d53e16,usr_ee5c9717,equal,1,682.43,INR,settled,2026-08-17T10:00:00+05:30,2026-08-18T10:00:00+05:30
spl_4a8685b3,exp_91d53e16,usr_ab2353de,equal,1,682.43,INR,outstanding,,2026-08-18T10:00:00+05:30
spl_01a139e4,exp_91d53e16,usr_8ed02105,equal,1,682.43,INR,outstanding,,2026-08-18T10:00:00+05:30
spl_c4052b6e,exp_91d53e16,usr_93d67c62,equal,1,682.43,INR,settled,2026-06-28T10:00:00+05:30,2026-08-18T10:00:00+05:30
spl_4952bd21,exp_0e6981b8,usr_fc544c58,custom,1.6751,1756.10,INR,outstanding,,2026-08-18T10:00:00+05:30
spl_b452da39,exp_552a1f37,usr_05d0be25,percentage,2.4759,75.29,AED,outstanding,,2026-08-18T10:00:00+05:30
spl_247464af,exp_d0b130bc,usr_6c3fae7b,equal,1,8590.75,INR,outstanding,,2026-08-18T10:00:00+05:30
spl_f6b1f698,exp_e82d451e,usr_e9e3f281,percentage,2.2073,3473.44,INR,settled,2026-06-22T10:00:00+05:30,2026-08-18T10:00:00+05:30
spl_88d779c2,exp_e82d451e,usr_4dc8096b,percentage,0.6006,945.08,INR,outstanding,,2026-08-18T10:00:00+05:30
spl_14f208a7,exp_e82d451e,usr_7f6d27fe,percentage,0.8054,1267.44,INR,settled,2026-07-15T10:00:00+05:30,2026-08-18T10:00:00+05:30
spl_c2720acb,exp_290a5c92,usr_d245dd5d,equal,1,3412.11,INR,outstanding,,2026-08-18T10:00:00+05:30
spl_8a27d5bb,exp_5b33dc4b,usr_05d0be25,custom,0.711,3227.03,INR,outstanding,,2026-08-18T10:00:00+05:30
spl_0091e326,exp_c10bddfe,usr_c60b1837,custom,1.942,416.30,AED,outstanding,,2026-08-18T10:00:00+05:30
spl_a41ee132,exp_5e43d926,usr_be4ecc52,equal,1,1709.92,INR,settled,2026-06-24T10:00:00+05:30,2026-08-18T10:00:00+05:30
spl_4ca1e337,exp_999dfda8,usr_74e3ecb1,equal,1,1177.28,INR,outstanding,,2026-08-18T10:00:00+05:30
spl_19581e94,exp_999dfda8,usr_693c20b9,equal,1,1177.27,INR,outstanding,,2026-08-18T10:00:00+05:30
spl_7d6fd8c6,exp_999dfda8,usr_77e91c3a,equal,1,1177.27,INR,settled,2026-08-07T10:00:00+05:30,2026-08-18T10:00:00+05:30
spl_1e1f729b,exp_38ebf8dd,usr_1a6892bf,custom,1.7367,2279.07,INR,outstanding,,2026-08-18T10:00:00+05:30
spl_9ad3742b,exp_a03f2d1f,usr_85c09ee4,custom,2.1295,696.58,INR,outstanding,,2026-08-18T10:00:00+05:30
spl_66c286fd,exp_a03f2d1f,usr_90afe18c,custom,1.7791,581.96,INR,outstanding,,2026-08-18T10:00:00+05:30
spl_3ec82960,exp_a03f2d1f,usr_e528f9b0,custom,2.0479,669.89,INR,written_off,,2026-08-18T10:00:00+05:30
spl_990a5e11,exp_0be3c80e,usr_05d0be25,equal,1,8830.40,INR,outstanding,,2026-08-18T10:00:00+05:30
spl_aa6c0888,exp_fa9efab0,usr_1886c078,custom,1.6122,1123.74,INR,settled,2026-06-24T10:00:00+05:30,2026-08-18T10:00:00+05:30
spl_297b8828,exp_55b9fdf2,usr_94e62241,equal,1,1616.49,INR,outstanding,,2026-08-18T10:00:00+05:30
spl_902af248,exp_bc0f8b62,usr_bedf358a,equal,1,494.90,INR,settled,2026-06-29T10:00:00+05:30,2026-08-18T10:00:00+05:30
spl_f4b0629c,exp_bc0f8b62,usr_a386ca28,equal,1,494.91,INR,settled,2026-07-18T10:00:00+05:30,2026-08-18T10:00:00+05:30
spl_bc4eb43e,exp_7dcb5082,usr_05d0be25,equal,1,892.92,INR,settled,2026-08-10T10:00:00+05:30,2026-08-18T10:00:00+05:30
spl_8f3eddf5,exp_48eddcb7,usr_6a108f4e,equal,1,218.53,INR,settled,2026-08-13T10:00:00+05:30,2026-08-18T10:00:00+05:30
spl_92584972,exp_48eddcb7,usr_50bcfb30,equal,1,218.52,INR,outstanding,,2026-08-18T10:00:00+05:30
spl_aa75dc49,exp_48eddcb7,usr_810e7b81,equal,1,218.52,INR,outstanding,,2026-08-18T10:00:00+05:30
spl_b85892c8,exp_5152ae22,usr_67de0711,equal,1,1131.34,NPR,outstanding,,2026-08-18T10:00:00+05:30
spl_b39b519a,exp_a268a360,usr_c749abe0,equal,1,1243.04,INR,outstanding,,2026-08-18T10:00:00+05:30
spl_c9471a0a,exp_a268a360,usr_dace411a,equal,1,1243.04,INR,outstanding,,2026-08-18T10:00:00+05:30
spl_487621a3,exp_a268a360,usr_693c20b9,equal,1,1243.04,INR,written_off,,2026-08-18T10:00:00+05:30
spl_c95ec5b4,exp_721141cc,usr_f50e2299,percentage,1.1559,4194.27,INR,settled,2026-08-03T10:00:00+05:30,2026-08-18T10:00:00+05:30
spl_ae3027f6,exp_2606f92b,usr_e9d7fa81,equal,1,39.99,QAR,settled,2026-06-24T10:00:00+05:30,2026-08-18T10:00:00+05:30
spl_9d234828,exp_2606f92b,usr_756ce6b3,equal,1,40.00,QAR,outstanding,,2026-08-18T10:00:00+05:30
spl_453cf6c7,exp_4c61e823,usr_e1d938d9,custom,2.2439,1692.81,INR,outstanding,,2026-08-18T10:00:00+05:30
spl_a6afe7ef,exp_937b9737,usr_ee03ca6c,equal,1,281.25,INR,outstanding,,2026-08-18T10:00:00+05:30
spl_a81f46bf,exp_937b9737,usr_506012f1,equal,1,281.25,INR,outstanding,,2026-08-18T10:00:00+05:30
spl_c2ff6b19,exp_937b9737,usr_f23dc3eb,equal,1,281.25,INR,outstanding,,2026-08-18T10:00:00+05:30
spl_24e99cd4,exp_937b9737,usr_bc4a9809,equal,1,281.25,INR,outstanding,,2026-08-18T10:00:00+05:30
spl_6d1ea7a3,exp_a00cbb72,usr_b86dd891,equal,1,2799.38,INR,outstanding,,2026-08-18T10:00:00+05:30
spl_ded1ea0f,exp_a00cbb72,usr_dabbaf95,equal,1,2799.37,INR,outstanding,,2026-08-18T10:00:00+05:30
spl_19aeb12f,exp_a00cbb72,usr_2a348485,equal,1,2799.37,INR,outstanding,,2026-08-18T10:00:00+05:30
spl_b9b5a496,exp_a0e93023,usr_e2490a9e,equal,1,607.53,INR,outstanding,,2026-08-18T10:00:00+05:30
spl_c8876cd2,exp_eead6c6e,usr_0389057b,equal,1,1434.76,INR,settled,2026-06-23T10:00:00+05:30,2026-08-18T10:00:00+05:30
spl_a9538f00,exp_cb501044,usr_157e58e7,equal,1,601.80,INR,settled,2026-07-01T10:00:00+05:30,2026-08-18T10:00:00+05:30
spl_367d7d1d,exp_73f03e2f,usr_34d33978,equal,1,3363.34,NPR,settled,2026-07-02T10:00:00+05:30,2026-08-18T10:00:00+05:30
spl_8b4f8d14,exp_ca943725,usr_546ab7b6,percentage,1.6675,757.65,INR,settled,2026-07-03T10:00:00+05:30,2026-08-18T10:00:00+05:30
spl_fd7b6c40,exp_97038440,usr_88af6903,equal,1,1246.60,INR,outstanding,,2026-08-18T10:00:00+05:30
spl_bce8465b,exp_181aed82,usr_7101a5b5,equal,1,15.01,CHF,outstanding,,2026-08-18T10:00:00+05:30
spl_94fa7bf8,exp_db3285ff,usr_d56927f7,equal,1,6271.39,INR,settled,2026-08-12T10:00:00+05:30,2026-08-18T10:00:00+05:30
spl_6ceb5b0c,exp_24663c41,usr_28c5ee24,equal,1,1320.09,NPR,settled,2026-07-28T10:00:00+05:30,2026-08-18T10:00:00+05:30
spl_eebd00a1,exp_0930cb67,usr_da6b9625,equal,1,362.27,INR,outstanding,,2026-08-18T10:00:00+05:30
spl_d32f569d,exp_0930cb67,usr_fe54affe,equal,1,362.26,INR,settled,2026-08-10T10:00:00+05:30,2026-08-18T10:00:00+05:30
spl_ba277769,exp_0930cb67,usr_693c20b9,equal,1,362.26,INR,settled,2026-06-25T10:00:00+05:30,2026-08-18T10:00:00+05:30
spl_a64b205b,exp_0930cb67,usr_9b002a1a,equal,1,362.26,INR,outstanding,,2026-08-18T10:00:00+05:30
spl_58578d5d,exp_e410131e,usr_78afc45f,custom,1.9158,2292.96,LKR,outstanding,,2026-08-18T10:00:00+05:30
spl_edb6e566,exp_876351d3,usr_5c4f42ed,custom,1.5462,396.77,INR,outstanding,,2026-08-18T10:00:00+05:30
spl_b96fc9e5,exp_fd45a7af,usr_97d7df2b,percentage,2.4607,1073.74,INR,outstanding,,2026-08-18T10:00:00+05:30
spl_79278f72,exp_2fc766d2,usr_541840e2,equal,1,2009.32,INR,outstanding,,2026-08-18T10:00:00+05:30
spl_a91c70a0,exp_11940ffd,usr_8a133f67,custom,0.7157,1880.80,INR,settled,2026-06-24T10:00:00+05:30,2026-08-18T10:00:00+05:30
spl_5b0b365d,exp_66daabc7,usr_2433031a,equal,1,11.82,AED,settled,2026-07-02T10:00:00+05:30,2026-08-18T10:00:00+05:30
spl_739073f8,exp_66daabc7,usr_508f15f0,equal,1,11.82,AED,settled,2026-07-29T10:00:00+05:30,2026-08-18T10:00:00+05:30
spl_98ba611d,exp_1a11581a,usr_3b70ae01,percentage,0.6778,268.86,INR,outstanding,,2026-08-18T10:00:00+05:30
spl_592bd3c3,exp_1a11581a,usr_ae377360,percentage,1.8328,727.03,INR,settled,2026-07-23T10:00:00+05:30,2026-08-18T10:00:00+05:30
spl_a6440dbd,exp_4297548b,usr_805d11a5,shares,1.6532,233.94,INR,settled,2026-06-21T10:00:00+05:30,2026-08-18T10:00:00+05:30
spl_d370a0c1,exp_4297548b,usr_99bd0088,shares,1.8014,254.91,INR,outstanding,,2026-08-18T10:00:00+05:30
spl_ef4b96f1,exp_4297548b,usr_651a4d17,shares,1.6264,230.15,INR,outstanding,,2026-08-18T10:00:00+05:30
spl_84114bd3,exp_4297548b,usr_6c522c49,shares,1.9698,278.75,INR,outstanding,,2026-08-18T10:00:00+05:30
spl_b0e7f912,exp_bd0479d4,usr_e851fdeb,custom,0.7627,190.12,INR,outstanding,,2026-08-18T10:00:00+05:30
spl_143c89e4,exp_bd0479d4,usr_5f1e6e1c,custom,0.6062,151.11,INR,settled,2026-07-08T10:00:00+05:30,2026-08-18T10:00:00+05:30
spl_37242667,exp_bd0479d4,usr_ab81846d,custom,1.7168,427.94,INR,outstanding,,2026-08-18T10:00:00+05:30
spl_9215fbec,exp_bd0479d4,usr_6043ede2,custom,2.4714,616.06,INR,settled,2026-07-25T10:00:00+05:30,2026-08-18T10:00:00+05:30
spl_fdc1a195,exp_940dffb8,usr_8eb4e3e7,equal,1,3.69,CHF,outstanding,,2026-08-18T10:00:00+05:30
spl_1a848390,exp_940dffb8,usr_0551c67a,equal,1,3.68,CHF,settled,2026-07-08T10:00:00+05:30,2026-08-18T10:00:00+05:30
spl_9a929786,exp_940dffb8,usr_b86dd891,equal,1,3.68,CHF,settled,2026-07-21T10:00:00+05:30,2026-08-18T10:00:00+05:30
spl_8bc55c71,exp_940dffb8,usr_6c5b2519,equal,1,3.68,CHF,outstanding,,2026-08-18T10:00:00+05:30
spl_502131b7,exp_21adb83f,usr_1dc8f83e,equal,1,946.81,INR,outstanding,,2026-08-18T10:00:00+05:30
spl_f6302da2,exp_88e89ec0,usr_8a133f67,custom,1.3014,1256.09,INR,settled,2026-08-06T10:00:00+05:30,2026-08-18T10:00:00+05:30
spl_6678b6ce,exp_34bf5bbd,usr_1b4fe68e,percentage,1.187,248.22,AED,outstanding,,2026-08-18T10:00:00+05:30
spl_8b68bf89,exp_4772b1fb,usr_40c95b13,equal,1,5456.43,LKR,outstanding,,2026-08-18T10:00:00+05:30
spl_5c156be9,exp_ad4dfadf,usr_1cfaf7a0,equal,1,957.22,INR,settled,2026-07-24T10:00:00+05:30,2026-08-18T10:00:00+05:30
spl_dec57bf3,exp_47bdafa3,usr_7d0ce609,equal,1,349.18,MYR,settled,2026-06-23T10:00:00+05:30,2026-08-18T10:00:00+05:30
spl_1728d021,exp_e049b0c1,usr_541840e2,custom,1.68,635.57,INR,outstanding,,2026-08-18T10:00:00+05:30
spl_a9bf429c,exp_e6516e8f,usr_6a108f4e,equal,1,307.54,INR,outstanding,,2026-08-18T10:00:00+05:30
spl_81a71265,exp_e6516e8f,usr_c81e60fe,equal,1,307.54,INR,outstanding,,2026-08-18T10:00:00+05:30
spl_c7fca569,exp_e6516e8f,usr_8e272905,equal,1,307.54,INR,outstanding,,2026-08-18T10:00:00+05:30
spl_e55337b7,exp_e6516e8f,usr_95bee04e,equal,1,307.54,INR,outstanding,,2026-08-18T10:00:00+05:30
spl_b218303a,exp_4f8bfb15,usr_525b1d3c,equal,1,1135.98,INR,outstanding,,2026-08-18T10:00:00+05:30
spl_241a415f,exp_e031388a,usr_5f22c672,custom,0.9803,2262.00,INR,settled,2026-06-26T10:00:00+05:30,2026-08-18T10:00:00+05:30
spl_01802b9a,exp_e031388a,usr_5d8450f0,custom,0.7553,1742.88,INR,outstanding,,2026-08-18T10:00:00+05:30
spl_905a85c6,exp_4e21ed3e,usr_7796e5e8,equal,1,728.99,INR,outstanding,,2026-08-18T10:00:00+05:30
spl_1c1d9455,exp_25b78adc,usr_5bbebfef,shares,0.9011,307.05,MVR,settled,2026-06-25T10:00:00+05:30,2026-08-18T10:00:00+05:30
spl_d155367a,exp_9adb02bc,usr_85c09ee4,equal,1,327.07,INR,outstanding,,2026-08-18T10:00:00+05:30
spl_e6d1e444,exp_9adb02bc,usr_90afe18c,equal,1,327.08,INR,settled,2026-07-07T10:00:00+05:30,2026-08-18T10:00:00+05:30
spl_95e35281,exp_9adb02bc,usr_e528f9b0,equal,1,327.08,INR,outstanding,,2026-08-18T10:00:00+05:30
spl_fa846e7d,exp_47a4a25e,usr_8a133f67,shares,1.6763,995.25,INR,outstanding,,2026-08-18T10:00:00+05:30
spl_5088e91f,exp_55f138be,usr_3d56531d,equal,1,691.11,INR,settled,2026-07-25T10:00:00+05:30,2026-08-18T10:00:00+05:30
spl_e5d6054f,exp_55f138be,usr_29dfdea3,equal,1,691.12,INR,settled,2026-08-04T10:00:00+05:30,2026-08-18T10:00:00+05:30
spl_d73e2dc2,exp_e48d3f38,usr_6e20f92e,equal,1,501.54,MVR,outstanding,,2026-08-18T10:00:00+05:30
spl_b2782560,exp_e48d3f38,usr_e4980687,equal,1,501.54,MVR,outstanding,,2026-08-18T10:00:00+05:30
spl_cc636bd2,exp_e48d3f38,usr_df582802,equal,1,501.54,MVR,outstanding,,2026-08-18T10:00:00+05:30
spl_0db19c47,exp_6cadbdf2,usr_9ae9cbcb,custom,1.4401,272.93,BTN,outstanding,,2026-08-18T10:00:00+05:30
spl_fd1d2ecb,exp_6cadbdf2,usr_14c698db,custom,2.0389,386.43,BTN,settled,2026-07-03T10:00:00+05:30,2026-08-18T10:00:00+05:30
spl_a98aabec,exp_9d9573f6,usr_81dbf021,shares,1.6893,1384.83,INR,outstanding,,2026-08-18T10:00:00+05:30
spl_dbede5b7,exp_1531eb25,usr_98ca8444,equal,1,17.83,QAR,outstanding,,2026-08-18T10:00:00+05:30
spl_c4431a3e,exp_1531eb25,usr_fa3a9dd6,equal,1,17.83,QAR,settled,2026-06-28T10:00:00+05:30,2026-08-18T10:00:00+05:30
spl_31ab03f9,exp_1531eb25,usr_82545d82,equal,1,17.84,QAR,outstanding,,2026-08-18T10:00:00+05:30
spl_d88a1d54,exp_1531eb25,usr_0eb7982c,equal,1,17.84,QAR,settled,2026-08-10T10:00:00+05:30,2026-08-18T10:00:00+05:30
spl_5a784fb7,exp_a2865cbc,usr_74e3ecb1,equal,1,124.58,INR,outstanding,,2026-08-18T10:00:00+05:30
spl_bd8e18e1,exp_a2865cbc,usr_b10b045a,equal,1,124.58,INR,settled,2026-08-10T10:00:00+05:30,2026-08-18T10:00:00+05:30
spl_80bd604f,exp_a2865cbc,usr_157e58e7,equal,1,124.58,INR,settled,2026-07-13T10:00:00+05:30,2026-08-18T10:00:00+05:30
spl_1553110e,exp_1add04b7,usr_353c55a8,custom,1.3937,208.96,INR,outstanding,,2026-08-18T10:00:00+05:30
spl_2103cdd5,exp_1add04b7,usr_e3b9431c,custom,1.4638,219.47,INR,settled,2026-07-13T10:00:00+05:30,2026-08-18T10:00:00+05:30
spl_cb22a466,exp_1add04b7,usr_9292ebbb,custom,0.8262,123.88,INR,outstanding,,2026-08-18T10:00:00+05:30
spl_8e8fd190,exp_1add04b7,usr_3495d8ed,custom,0.9845,147.61,INR,outstanding,,2026-08-18T10:00:00+05:30
spl_ea619b42,exp_4fa663c4,usr_6c3fae7b,equal,1,3076.77,INR,settled,2026-08-10T10:00:00+05:30,2026-08-18T10:00:00+05:30
spl_86dbd6b7,exp_49925a0e,usr_b021d103,custom,1.3695,644.63,INR,settled,2026-08-15T10:00:00+05:30,2026-08-18T10:00:00+05:30
spl_61066c76,exp_49925a0e,usr_f94cda41,custom,1.9117,899.85,INR,settled,2026-07-28T10:00:00+05:30,2026-08-18T10:00:00+05:30
spl_9b61d7d6,exp_5f095087,usr_d1c73fb8,percentage,0.9183,990.01,INR,settled,2026-07-05T10:00:00+05:30,2026-08-18T10:00:00+05:30
spl_0d2a4e9d,exp_875deda0,usr_79248234,custom,1.0242,1267.66,LKR,settled,2026-06-27T10:00:00+05:30,2026-08-18T10:00:00+05:30
spl_f276f7b6,exp_875deda0,usr_4f00071d,custom,1.8302,2265.30,LKR,outstanding,,2026-08-18T10:00:00+05:30
spl_4f046d76,exp_e92ec1db,usr_44604a9d,equal,1,182.62,INR,settled,2026-07-31T10:00:00+05:30,2026-08-18T10:00:00+05:30
spl_897173ed,exp_e92ec1db,usr_14ca6dc1,equal,1,182.62,INR,outstanding,,2026-08-18T10:00:00+05:30
spl_b9f24709,exp_e92ec1db,usr_1bd9093b,equal,1,182.62,INR,outstanding,,2026-08-18T10:00:00+05:30
spl_5c80dde3,exp_4ff4e37c,usr_2b7e8931,percentage,1.0291,830.65,INR,outstanding,,2026-08-18T10:00:00+05:30
spl_5a6a513a,exp_7f90113f,usr_7a1346e6,equal,1,498.66,INR,settled,2026-08-06T10:00:00+05:30,2026-08-18T10:00:00+05:30
spl_7eb4bbee,exp_7f90113f,usr_1f3d6d92,equal,1,498.67,INR,settled,2026-08-02T10:00:00+05:30,2026-08-18T10:00:00+05:30
spl_6048ff1f,exp_7f90113f,usr_3ee2992a,equal,1,498.67,INR,outstanding,,2026-08-18T10:00:00+05:30
spl_c943a1b9,exp_7f90113f,usr_abb36fee,equal,1,498.67,INR,outstanding,,2026-08-18T10:00:00+05:30
spl_28218d1a,exp_b0c3fd6d,usr_540d307a,equal,1,536.93,INR,outstanding,,2026-08-18T10:00:00+05:30
spl_6e291069,exp_b0c3fd6d,usr_f52d271a,equal,1,536.93,INR,outstanding,,2026-08-18T10:00:00+05:30
spl_3b482b44,exp_b0c3fd6d,usr_a9e888d0,equal,1,536.93,INR,outstanding,,2026-08-18T10:00:00+05:30
spl_49812ace,exp_b1ac61eb,usr_d312cbff,custom,0.5041,349.26,INR,settled,2026-07-03T10:00:00+05:30,2026-08-18T10:00:00+05:30
spl_1b37d534,exp_1ca1e6ce,usr_8180c222,custom,2.2808,417.19,NPR,settled,2026-07-05T10:00:00+05:30,2026-08-18T10:00:00+05:30
spl_a2103f12,exp_1ca1e6ce,usr_3d1b88d6,custom,0.8872,162.28,NPR,settled,2026-08-03T10:00:00+05:30,2026-08-18T10:00:00+05:30
spl_8c13a8b4,exp_1ca1e6ce,usr_d8ec0000,custom,2.4161,441.94,NPR,settled,2026-06-28T10:00:00+05:30,2026-08-18T10:00:00+05:30
spl_73a4f3a4,exp_1ca1e6ce,usr_ea479c41,custom,1.3784,252.13,NPR,outstanding,,2026-08-18T10:00:00+05:30
spl_7e9327d5,exp_8e5f57c7,usr_78513cd2,equal,1,766.61,INR,outstanding,,2026-08-18T10:00:00+05:30
spl_e95af189,exp_8e5f57c7,usr_ce38459a,equal,1,766.60,INR,outstanding,,2026-08-18T10:00:00+05:30
spl_6f2b2487,exp_8e5f57c7,usr_acd89323,equal,1,766.60,INR,settled,2026-08-01T10:00:00+05:30,2026-08-18T10:00:00+05:30
spl_26408c7a,exp_8e5f57c7,usr_fedbd227,equal,1,766.60,INR,settled,2026-07-13T10:00:00+05:30,2026-08-18T10:00:00+05:30
spl_2aa979b6,exp_fd999b66,usr_1886c078,custom,0.7826,1355.20,INR,settled,2026-07-05T10:00:00+05:30,2026-08-18T10:00:00+05:30
spl_6ce073f8,exp_2e3b5635,usr_05d0be25,equal,1,308.25,INR,outstanding,,2026-08-18T10:00:00+05:30
spl_2128ecd0,exp_aaa0638c,usr_ea41e115,equal,1,960.03,INR,settled,2026-07-01T10:00:00+05:30,2026-08-18T10:00:00+05:30
spl_6050d8d2,exp_15c2ccaa,usr_81dbf021,equal,1,2675.08,NPR,outstanding,,2026-08-18T10:00:00+05:30
spl_d700df60,exp_e09fd667,usr_394de344,custom,1.222,303.15,LKR,outstanding,,2026-08-18T10:00:00+05:30
spl_b83ebc91,exp_e09fd667,usr_cbdc0a06,custom,1.0609,263.18,LKR,settled,2026-06-21T10:00:00+05:30,2026-08-18T10:00:00+05:30
spl_95ae586d,exp_e09fd667,usr_c0926c78,custom,0.6331,157.06,LKR,settled,2026-08-17T10:00:00+05:30,2026-08-18T10:00:00+05:30
spl_578301d0,exp_e09fd667,usr_1ef037a0,custom,1.5934,395.27,LKR,settled,2026-08-06T10:00:00+05:30,2026-08-18T10:00:00+05:30
spl_c6999cf7,exp_feaa20b1,usr_df582802,equal,1,145.31,MVR,outstanding,,2026-08-18T10:00:00+05:30
spl_70c82ad6,exp_feaa20b1,usr_1dc66e29,equal,1,145.31,MVR,settled,2026-07-22T10:00:00+05:30,2026-08-18T10:00:00+05:30
spl_523d8fc5,exp_6e2230e5,usr_5638f607,equal,1,370.20,INR,outstanding,,2026-08-18T10:00:00+05:30
spl_b357035e,exp_6e2230e5,usr_9115fc7c,equal,1,370.21,INR,settled,2026-07-01T10:00:00+05:30,2026-08-18T10:00:00+05:30
spl_546a89dd,exp_6e2230e5,usr_18b5561e,equal,1,370.21,INR,outstanding,,2026-08-18T10:00:00+05:30
spl_dac0670c,exp_6e2230e5,usr_de0e4344,equal,1,370.21,INR,outstanding,,2026-08-18T10:00:00+05:30
spl_afb7deed,exp_651502bb,usr_abfc225a,equal,1,286.67,INR,settled,2026-06-20T10:00:00+05:30,2026-08-18T10:00:00+05:30
spl_a69d6989,exp_651502bb,usr_d32b1be5,equal,1,286.67,INR,outstanding,,2026-08-18T10:00:00+05:30
spl_1ae17bcb,exp_651502bb,usr_e1ee0c13,equal,1,286.68,INR,outstanding,,2026-08-18T10:00:00+05:30
spl_161da599,exp_651502bb,usr_fc3617c0,equal,1,286.68,INR,outstanding,,2026-08-18T10:00:00+05:30
spl_4704937f,exp_7e79797b,usr_8e89346c,percentage,1.8631,5236.44,LKR,outstanding,,2026-08-18T10:00:00+05:30
spl_884a7a72,exp_2b001d97,usr_2da5bb04,percentage,2.2248,1144.51,INR,outstanding,,2026-08-18T10:00:00+05:30
spl_a6168c8a,exp_2b001d97,usr_2b053270,percentage,0.9569,492.24,INR,settled,2026-07-02T10:00:00+05:30,2026-08-18T10:00:00+05:30
spl_02c102ba,exp_5bb5009b,usr_98a69060,custom,2.3188,369.15,NPR,written_off,,2026-08-18T10:00:00+05:30
spl_ea9b4c28,exp_5bb5009b,usr_8ed02105,custom,0.7368,117.30,NPR,settled,2026-08-17T10:00:00+05:30,2026-08-18T10:00:00+05:30
spl_e32e3cb4,exp_5bb5009b,usr_cdc31bd3,custom,2.1565,343.33,NPR,settled,2026-07-08T10:00:00+05:30,2026-08-18T10:00:00+05:30
spl_72e1eb3b,exp_5bb5009b,usr_aa216995,custom,2.3638,376.33,NPR,outstanding,,2026-08-18T10:00:00+05:30
spl_ea4eee1c,exp_7786df72,usr_d59d0fa9,percentage,1.0216,4169.61,NPR,outstanding,,2026-08-18T10:00:00+05:30
spl_23647597,exp_1b52313e,usr_96740172,percentage,2.3137,578.92,INR,outstanding,,2026-08-18T10:00:00+05:30
spl_340ce226,exp_1b52313e,usr_7d446287,percentage,1.9105,478.03,INR,settled,2026-07-11T10:00:00+05:30,2026-08-18T10:00:00+05:30
spl_3b6be0f7,exp_1b52313e,usr_50bcfb30,percentage,1.1735,293.64,INR,settled,2026-06-25T10:00:00+05:30,2026-08-18T10:00:00+05:30
spl_3ab425a0,exp_1b52313e,usr_4420259c,percentage,1.078,269.73,INR,outstanding,,2026-08-18T10:00:00+05:30
spl_f26ddea5,exp_e245710e,usr_96740172,custom,2.2939,264.85,INR,settled,2026-08-09T10:00:00+05:30,2026-08-18T10:00:00+05:30
spl_9853d805,exp_e245710e,usr_ab2353de,custom,2.257,260.59,INR,settled,2026-08-10T10:00:00+05:30,2026-08-18T10:00:00+05:30
spl_99c49391,exp_17c10d6b,usr_44604a9d,equal,1,2128.96,INR,settled,2026-07-18T10:00:00+05:30,2026-08-18T10:00:00+05:30
spl_071ff6fc,exp_17c10d6b,usr_14ca6dc1,equal,1,2128.97,INR,outstanding,,2026-08-18T10:00:00+05:30
spl_89e938aa,exp_17c10d6b,usr_1bd9093b,equal,1,2128.97,INR,settled,2026-06-21T10:00:00+05:30,2026-08-18T10:00:00+05:30
spl_c97cc972,exp_a3edb32b,usr_e076a69d,custom,2.4352,804.98,INR,settled,2026-07-27T10:00:00+05:30,2026-08-18T10:00:00+05:30
spl_a4892cd2,exp_865531f3,usr_e9d7fa81,custom,1.4709,243.93,INR,settled,2026-07-19T10:00:00+05:30,2026-08-18T10:00:00+05:30
spl_a38d1714,exp_865531f3,usr_fe68ac3c,custom,1.4546,241.21,INR,outstanding,,2026-08-18T10:00:00+05:30
spl_12d1c24f,exp_865531f3,usr_63d6db20,custom,1.1812,195.88,INR,settled,2026-08-01T10:00:00+05:30,2026-08-18T10:00:00+05:30
spl_34c3bd8a,exp_e30e7a8e,usr_e8f563b9,equal,1,1571.76,INR,outstanding,,2026-08-18T10:00:00+05:30
spl_16d5ac60,exp_9fc80886,usr_afacd025,equal,1,1824.74,INR,settled,2026-06-27T10:00:00+05:30,2026-08-18T10:00:00+05:30
spl_a48a0a36,exp_281c3fc9,usr_f271c461,equal,1,300721.49,IDR,outstanding,,2026-08-18T10:00:00+05:30
spl_f5838578,exp_9a2a4999,usr_8eb4e3e7,custom,0.6344,445.81,INR,settled,2026-06-26T10:00:00+05:30,2026-08-18T10:00:00+05:30
spl_b041fb7e,exp_9a2a4999,usr_42dc4da4,custom,2.3634,1660.85,INR,outstanding,,2026-08-18T10:00:00+05:30
spl_c5fff785,exp_53e6e111,usr_81dbf021,equal,1,15528.25,NPR,outstanding,,2026-08-18T10:00:00+05:30
spl_53b72153,exp_a57acb0c,usr_8e84ba7a,equal,1,173.01,INR,outstanding,,2026-08-18T10:00:00+05:30
spl_c9ee8a67,exp_a57acb0c,usr_5f1e6e1c,equal,1,173.00,INR,settled,2026-07-23T10:00:00+05:30,2026-08-18T10:00:00+05:30
spl_7a9cc4cf,exp_a57acb0c,usr_fedbd227,equal,1,173.00,INR,written_off,,2026-08-18T10:00:00+05:30
spl_39cc355b,exp_a57acb0c,usr_65b43f7e,equal,1,173.00,INR,outstanding,,2026-08-18T10:00:00+05:30
spl_f419bd3e,exp_cc8a58ef,usr_3b2b4279,equal,1,1872.31,INR,settled,2026-06-28T10:00:00+05:30,2026-08-18T10:00:00+05:30
spl_0f7f0787,exp_85c390c0,usr_bbd1ced8,equal,1,11.01,CHF,outstanding,,2026-08-18T10:00:00+05:30
spl_f09619ba,exp_85c390c0,usr_9d604e2e,equal,1,11.00,CHF,outstanding,,2026-08-18T10:00:00+05:30
spl_b9149ac2,exp_85c390c0,usr_23811da7,equal,1,11.00,CHF,outstanding,,2026-08-18T10:00:00+05:30
spl_306a6601,exp_85c390c0,usr_22a9ab26,equal,1,11.00,CHF,outstanding,,2026-08-18T10:00:00+05:30
spl_9cb27755,exp_beb94373,usr_8317ab30,percentage,0.6726,339.69,INR,settled,2026-08-06T10:00:00+05:30,2026-08-18T10:00:00+05:30
spl_da36317c,exp_beb94373,usr_2209582f,percentage,1.4775,746.20,INR,outstanding,,2026-08-18T10:00:00+05:30
spl_3eaa5fc2,exp_beb94373,usr_4f7fc3a8,percentage,1.9554,987.51,INR,outstanding,,2026-08-18T10:00:00+05:30
spl_2c9da864,exp_393ddce4,usr_7101a5b5,equal,1,2581.57,INR,outstanding,,2026-08-18T10:00:00+05:30
spl_680a56a4,exp_393ddce4,usr_2dfc4f4b,equal,1,2581.57,INR,settled,2026-06-27T10:00:00+05:30,2026-08-18T10:00:00+05:30
spl_8f743e64,exp_be824bd8,usr_2433031a,equal,1,309.17,INR,outstanding,,2026-08-18T10:00:00+05:30
spl_f0dd042e,exp_be824bd8,usr_d3acd59c,equal,1,309.16,INR,settled,2026-08-03T10:00:00+05:30,2026-08-18T10:00:00+05:30
spl_fa9cc898,exp_be824bd8,usr_55abb9bc,equal,1,309.16,INR,outstanding,,2026-08-18T10:00:00+05:30
spl_cb045031,exp_6a1986e9,usr_7796e5e8,percentage,0.7367,444.83,LKR,outstanding,,2026-08-18T10:00:00+05:30
spl_9dca3581,exp_6a1986e9,usr_68f5f82d,percentage,1.6747,1011.23,LKR,outstanding,,2026-08-18T10:00:00+05:30
spl_349c3514,exp_6a1986e9,usr_0551c67a,percentage,2.2206,1340.89,LKR,settled,2026-06-26T10:00:00+05:30,2026-08-18T10:00:00+05:30
spl_898d86d9,exp_6a1986e9,usr_1501196b,percentage,2.452,1480.58,LKR,settled,2026-07-01T10:00:00+05:30,2026-08-18T10:00:00+05:30
spl_d299ded6,exp_0aeb94c2,usr_b8c5bfe0,equal,1,1410.08,INR,settled,2026-08-12T10:00:00+05:30,2026-08-18T10:00:00+05:30
spl_9aa7a115,exp_17e3975b,usr_e1f3dfbc,equal,1,95.73,INR,settled,2026-07-29T10:00:00+05:30,2026-08-18T10:00:00+05:30
spl_1fb8d361,exp_17e3975b,usr_4f00071d,equal,1,95.74,INR,settled,2026-07-04T10:00:00+05:30,2026-08-18T10:00:00+05:30
spl_7a8a1b7b,exp_17e3975b,usr_8d55da4d,equal,1,95.74,INR,settled,2026-08-08T10:00:00+05:30,2026-08-18T10:00:00+05:30
spl_29b26a4c,exp_85174190,usr_76c235d5,equal,1,1158.74,INR,outstanding,,2026-08-18T10:00:00+05:30
spl_5c436829,exp_fb61a205,usr_6e3b5c10,equal,1,551.64,INR,settled,2026-07-26T10:00:00+05:30,2026-08-18T10:00:00+05:30
spl_b63e8d88,exp_2c5efd38,usr_9a5cd9cf,shares,0.7102,9575.78,INR,outstanding,,2026-08-18T10:00:00+05:30
spl_8a6e6bf6,exp_f982dc57,usr_76c235d5,shares,0.5032,1482.80,INR,settled,2026-07-08T10:00:00+05:30,2026-08-18T10:00:00+05:30
spl_d0674d48,exp_1b9beebd,usr_51247360,equal,1,2001.82,INR,outstanding,,2026-08-18T10:00:00+05:30
spl_f44d048d,exp_18261e5b,usr_bedf358a,custom,0.9343,74.93,INR,outstanding,,2026-08-18T10:00:00+05:30
spl_b4db0822,exp_18261e5b,usr_ad8b46f0,custom,0.6636,53.22,INR,settled,2026-07-27T10:00:00+05:30,2026-08-18T10:00:00+05:30
spl_a6ec0995,exp_18261e5b,usr_b357f73c,custom,0.9974,79.99,INR,outstanding,,2026-08-18T10:00:00+05:30
spl_19959e2e,exp_18261e5b,usr_f6728ccc,custom,1.5019,120.45,INR,written_off,,2026-08-18T10:00:00+05:30
spl_a507557f,exp_e38559a7,usr_fc544c58,equal,1,7138.09,INR,outstanding,,2026-08-18T10:00:00+05:30
spl_42e27461,exp_43f5e11c,usr_7da99ef5,equal,1,1444.10,INR,settled,2026-07-07T10:00:00+05:30,2026-08-18T10:00:00+05:30
spl_744abe64,exp_fc23b383,usr_8700ba48,custom,1.5445,2183.75,BTN,outstanding,,2026-08-18T10:00:00+05:30
spl_73ea2cb3,exp_e6b63888,usr_72818c78,shares,1.9138,256.15,INR,outstanding,,2026-08-18T10:00:00+05:30
spl_abf59f0a,exp_e6b63888,usr_76ac5087,shares,1.0414,139.38,INR,outstanding,,2026-08-18T10:00:00+05:30
spl_d3dcd0cf,exp_e6b63888,usr_3c2f4109,shares,1.9873,265.99,INR,settled,2026-07-22T10:00:00+05:30,2026-08-18T10:00:00+05:30
spl_8e022c30,exp_71f59c5d,usr_60cacdee,shares,2.1401,293.24,INR,outstanding,,2026-08-18T10:00:00+05:30
spl_54a1dcfc,exp_71f59c5d,usr_268fdb85,shares,2.2464,307.79,INR,outstanding,,2026-08-18T10:00:00+05:30
spl_e19831df,exp_71f59c5d,usr_86b17c0e,shares,1.0438,143.01,INR,outstanding,,2026-08-18T10:00:00+05:30
spl_4fc23b87,exp_71f59c5d,usr_2162d6ff,shares,1.4547,199.31,INR,outstanding,,2026-08-18T10:00:00+05:30
spl_8c8aa379,exp_76e75e1a,usr_81005fa8,equal,1,1916.65,INR,outstanding,,2026-08-18T10:00:00+05:30
spl_729692f3,exp_a354cfd9,usr_3d92578a,custom,1.6215,909.05,INR,outstanding,,2026-08-18T10:00:00+05:30
spl_d3a7a657,exp_6e44f3fb,usr_8700ba48,shares,2.3077,33.02,AED,settled,2026-06-30T10:00:00+05:30,2026-08-18T10:00:00+05:30
spl_ce4e2d81,exp_8528c092,usr_d8ec0000,equal,1,1146.32,INR,outstanding,,2026-08-18T10:00:00+05:30
spl_77af209c,exp_8528c092,usr_c94b68cc,equal,1,1146.32,INR,settled,2026-07-12T10:00:00+05:30,2026-08-18T10:00:00+05:30
spl_1dac2d70,exp_942c666e,usr_a93726c0,equal,1,715.00,INR,settled,2026-08-13T10:00:00+05:30,2026-08-18T10:00:00+05:30
spl_e820b5b8,exp_a2e8e455,usr_fc3617c0,equal,1,8076.50,INR,outstanding,,2026-08-18T10:00:00+05:30
spl_a3b73d9c,exp_a9c21c38,usr_5527167d,equal,1,4600.00,INR,settled,2026-07-14T10:00:00+05:30,2026-08-18T10:00:00+05:30
spl_cb208c1b,exp_c155aef0,usr_a6eaecde,custom,2.0118,824.29,INR,settled,2026-08-07T10:00:00+05:30,2026-08-18T10:00:00+05:30
spl_94320ac8,exp_457c28d5,usr_b021d103,custom,2.1137,1512.25,INR,outstanding,,2026-08-18T10:00:00+05:30
spl_76f540cc,exp_03c29399,usr_2109396c,equal,1,3312.63,INR,outstanding,,2026-08-18T10:00:00+05:30
spl_e2e36110,exp_b57022b8,usr_b6d5d98c,custom,1.7547,45.23,QAR,settled,2026-07-07T10:00:00+05:30,2026-08-18T10:00:00+05:30
spl_5a75b113,exp_b080ae92,usr_7fc93a76,equal,1,23.49,AED,outstanding,,2026-08-18T10:00:00+05:30
spl_a36725a2,exp_b080ae92,usr_f60ade8b,equal,1,23.49,AED,outstanding,,2026-08-18T10:00:00+05:30
spl_cc760c89,exp_bc3622af,usr_1a6892bf,equal,1,155.69,INR,outstanding,,2026-08-18T10:00:00+05:30
spl_e7b4a2d9,exp_bc3622af,usr_96740172,equal,1,155.69,INR,outstanding,,2026-08-18T10:00:00+05:30
spl_3af6f021,exp_bc3622af,usr_08b8f8e9,equal,1,155.70,INR,settled,2026-07-02T10:00:00+05:30,2026-08-18T10:00:00+05:30
spl_d140fa60,exp_bc3622af,usr_b1b8dc45,equal,1,155.70,INR,outstanding,,2026-08-18T10:00:00+05:30
spl_007f1c0b,exp_7660c7d8,usr_02d5e350,equal,1,14.66,MYR,outstanding,,2026-08-18T10:00:00+05:30
spl_f651b404,exp_7660c7d8,usr_8e89346c,equal,1,14.66,MYR,outstanding,,2026-08-18T10:00:00+05:30
spl_f6254d13,exp_7660c7d8,usr_322bb31e,equal,1,14.66,MYR,settled,2026-07-07T10:00:00+05:30,2026-08-18T10:00:00+05:30
spl_6072c822,exp_7660c7d8,usr_80a41666,equal,1,14.66,MYR,settled,2026-07-27T10:00:00+05:30,2026-08-18T10:00:00+05:30
spl_75cb648c,exp_e7e33b0a,usr_2b11a6c9,custom,2.0779,2875.11,INR,outstanding,,2026-08-18T10:00:00+05:30
spl_6cb44a18,exp_49b4de3a,usr_045378e4,equal,1,311.23,INR,outstanding,,2026-08-18T10:00:00+05:30
spl_8ffc87bb,exp_49b4de3a,usr_2433031a,equal,1,311.24,INR,outstanding,,2026-08-18T10:00:00+05:30
spl_1fb29b0e,exp_67aaa376,usr_6361ffdd,custom,1.6307,650.16,INR,outstanding,,2026-08-18T10:00:00+05:30
spl_547d534c,exp_67aaa376,usr_7e0ddebe,custom,1.2591,501.99,INR,outstanding,,2026-08-18T10:00:00+05:30
spl_1b639511,exp_989ebae3,usr_5d24ab68,shares,2.3071,253.27,INR,settled,2026-08-09T10:00:00+05:30,2026-08-18T10:00:00+05:30
spl_2b57321f,exp_989ebae3,usr_108e6f0f,shares,1.5405,169.12,INR,settled,2026-07-15T10:00:00+05:30,2026-08-18T10:00:00+05:30
spl_267d94cb,exp_989ebae3,usr_c8ada8bd,shares,0.7458,81.88,INR,outstanding,,2026-08-18T10:00:00+05:30
spl_bf2be7a1,exp_8761a7f4,usr_81dbf021,equal,1,77.20,THB,outstanding,,2026-08-18T10:00:00+05:30
spl_ac997587,exp_8761a7f4,usr_e2ca58e8,equal,1,77.20,THB,settled,2026-07-08T10:00:00+05:30,2026-08-18T10:00:00+05:30
spl_0526965c,exp_b7034342,usr_d312cbff,custom,1.7079,8793.78,INR,outstanding,,2026-08-18T10:00:00+05:30
spl_bbad588d,exp_47cafa99,usr_0e9166f0,equal,1,5.44,QAR,settled,2026-08-13T10:00:00+05:30,2026-08-18T10:00:00+05:30
spl_10fc6880,exp_706b1643,usr_9473419d,custom,1.1883,662.10,INR,outstanding,,2026-08-18T10:00:00+05:30
spl_c6e86a1f,exp_34a3107a,usr_76c235d5,equal,1,24.36,MYR,settled,2026-08-11T10:00:00+05:30,2026-08-18T10:00:00+05:30
spl_04e77443,exp_34a3107a,usr_af8b77c2,equal,1,24.36,MYR,outstanding,,2026-08-18T10:00:00+05:30
spl_0b56e92b,exp_34a3107a,usr_96740172,equal,1,24.37,MYR,written_off,,2026-08-18T10:00:00+05:30
spl_25620dbe,exp_34a3107a,usr_76046cf3,equal,1,24.37,MYR,settled,2026-07-31T10:00:00+05:30,2026-08-18T10:00:00+05:30
spl_bbfb8b33,exp_f032806f,usr_98ca8444,equal,1,12.96,QAR,outstanding,,2026-08-18T10:00:00+05:30
spl_0c35723c,exp_f032806f,usr_fa3a9dd6,equal,1,12.97,QAR,outstanding,,2026-08-18T10:00:00+05:30
spl_6d026d90,exp_f032806f,usr_82545d82,equal,1,12.97,QAR,settled,2026-08-10T10:00:00+05:30,2026-08-18T10:00:00+05:30
spl_3a3e6e37,exp_f032806f,usr_0eb7982c,equal,1,12.97,QAR,outstanding,,2026-08-18T10:00:00+05:30
spl_7facabca,exp_6f3bbffb,usr_1cec1f14,equal,1,401.72,INR,outstanding,,2026-08-18T10:00:00+05:30
spl_50dc47f9,exp_6f3bbffb,usr_2a2841d1,equal,1,401.72,INR,outstanding,,2026-08-18T10:00:00+05:30
spl_5a756ecd,exp_47d064e7,usr_91afdeed,custom,2.1226,380.20,INR,outstanding,,2026-08-18T10:00:00+05:30
spl_5e4a4a08,exp_47d064e7,usr_bf89afd1,custom,0.8027,143.78,INR,settled,2026-08-14T10:00:00+05:30,2026-08-18T10:00:00+05:30
spl_d15010fb,exp_47d064e7,usr_671138ff,custom,2.2505,403.11,INR,outstanding,,2026-08-18T10:00:00+05:30
spl_900fa98a,exp_9e513ccf,usr_63d6db20,custom,0.5294,2168.76,INR,outstanding,,2026-08-18T10:00:00+05:30
spl_96a78451,exp_2f6c3f44,usr_14c738e0,equal,1,1431.59,INR,settled,2026-07-16T10:00:00+05:30,2026-08-18T10:00:00+05:30
spl_87c9df0d,exp_747d87cc,usr_98a69060,percentage,1.6264,1311.42,INR,outstanding,,2026-08-18T10:00:00+05:30
spl_3fe24a47,exp_414768db,usr_63d19d4c,equal,1,976.25,INR,outstanding,,2026-08-18T10:00:00+05:30
spl_b89b26fb,exp_c79b9b43,usr_a25f0129,equal,1,259.66,MVR,settled,2026-08-01T10:00:00+05:30,2026-08-18T10:00:00+05:30
spl_2d9227ec,exp_f0a84446,usr_b10b6018,equal,1,1167.76,INR,outstanding,,2026-08-18T10:00:00+05:30
spl_2028b006,exp_b106e3e4,usr_d245dd5d,equal,1,17.46,SGD,outstanding,,2026-08-18T10:00:00+05:30
spl_dab533a8,exp_95de19f8,usr_e076a69d,percentage,0.6444,84.54,INR,outstanding,,2026-08-18T10:00:00+05:30
spl_9563f5b0,exp_95de19f8,usr_85c09ee4,percentage,2.1977,288.31,INR,settled,2026-07-27T10:00:00+05:30,2026-08-18T10:00:00+05:30
spl_b87fbbb4,exp_a4916b7b,usr_76c235d5,equal,1,24.79,MYR,settled,2026-07-03T10:00:00+05:30,2026-08-18T10:00:00+05:30
spl_dd60496f,exp_a4916b7b,usr_af8b77c2,equal,1,24.80,MYR,outstanding,,2026-08-18T10:00:00+05:30
spl_158fb262,exp_a4916b7b,usr_96740172,equal,1,24.80,MYR,settled,2026-07-08T10:00:00+05:30,2026-08-18T10:00:00+05:30
spl_55c8239f,exp_a4916b7b,usr_76046cf3,equal,1,24.80,MYR,outstanding,,2026-08-18T10:00:00+05:30
spl_cbb0afb2,exp_b9b101f6,usr_a9e888d0,equal,1,2906.49,BTN,outstanding,,2026-08-18T10:00:00+05:30
spl_4fa35bcb,exp_b9b101f6,usr_cb3be250,equal,1,2906.49,BTN,settled,2026-06-24T10:00:00+05:30,2026-08-18T10:00:00+05:30
spl_219a41c7,exp_61360725,usr_fae4d064,equal,1,6.83,AED,settled,2026-08-04T10:00:00+05:30,2026-08-18T10:00:00+05:30
spl_ad75d86d,exp_61360725,usr_7dc3ba48,equal,1,6.83,AED,outstanding,,2026-08-18T10:00:00+05:30
spl_dcfc70c4,exp_61360725,usr_7fc93a76,equal,1,6.84,AED,outstanding,,2026-08-18T10:00:00+05:30
spl_da99f209,exp_61360725,usr_dcfab723,equal,1,6.84,AED,settled,2026-08-02T10:00:00+05:30,2026-08-18T10:00:00+05:30
spl_fb28f3e1,exp_79a24ede,usr_58d2b52f,shares,0.7278,109.77,MVR,outstanding,,2026-08-18T10:00:00+05:30
spl_2d0d85cb,exp_6319dae6,usr_1a6892bf,custom,0.6275,1173.18,INR,outstanding,,2026-08-18T10:00:00+05:30
spl_835378d6,exp_379a2373,usr_2da5bb04,equal,1,479.48,INR,settled,2026-07-13T10:00:00+05:30,2026-08-18T10:00:00+05:30
spl_2234fb68,exp_379a2373,usr_2b053270,equal,1,479.48,INR,outstanding,,2026-08-18T10:00:00+05:30
spl_20326a54,exp_50cea848,usr_1b4fe68e,percentage,1.7575,682.60,INR,outstanding,,2026-08-18T10:00:00+05:30
spl_58f0c61a,exp_10491fc6,usr_76c235d5,custom,0.9057,1505.36,INR,settled,2026-07-12T10:00:00+05:30,2026-08-18T10:00:00+05:30
spl_1b1039a8,exp_6f4c6328,usr_8e89346c,custom,1.211,226.15,INR,outstanding,,2026-08-18T10:00:00+05:30
spl_179749be,exp_6f4c6328,usr_22a5c239,custom,0.7737,144.49,INR,outstanding,,2026-08-18T10:00:00+05:30
spl_e9b2c856,exp_6f4c6328,usr_451855a4,custom,1.7245,322.06,INR,outstanding,,2026-08-18T10:00:00+05:30
spl_880cfccd,exp_6f4c6328,usr_8b3ba681,custom,0.5316,99.28,INR,outstanding,,2026-08-18T10:00:00+05:30
spl_9d99d89c,exp_59506530,usr_840ca16a,equal,1,422.71,INR,outstanding,,2026-08-18T10:00:00+05:30
spl_de8f08f3,exp_59506530,usr_c6f0707f,equal,1,422.71,INR,settled,2026-07-21T10:00:00+05:30,2026-08-18T10:00:00+05:30
spl_32e34981,exp_59506530,usr_949a215d,equal,1,422.72,INR,settled,2026-06-21T10:00:00+05:30,2026-08-18T10:00:00+05:30
spl_ce7a4532,exp_59506530,usr_f94b1e02,equal,1,422.72,INR,settled,2026-07-24T10:00:00+05:30,2026-08-18T10:00:00+05:30
spl_5fb67eef,exp_0cebe4af,usr_353c55a8,equal,1,133.80,INR,outstanding,,2026-08-18T10:00:00+05:30
spl_de3abbfa,exp_0cebe4af,usr_e3b9431c,equal,1,133.81,INR,settled,2026-07-31T10:00:00+05:30,2026-08-18T10:00:00+05:30
spl_84bb6bcc,exp_0cebe4af,usr_9292ebbb,equal,1,133.81,INR,settled,2026-07-17T10:00:00+05:30,2026-08-18T10:00:00+05:30
spl_f7400e5c,exp_0cebe4af,usr_3495d8ed,equal,1,133.81,INR,settled,2026-07-06T10:00:00+05:30,2026-08-18T10:00:00+05:30
spl_2c52e9fc,exp_bb1acfdf,usr_c8025f92,shares,2.0148,26440.57,LKR,outstanding,,2026-08-18T10:00:00+05:30
spl_d3239050,exp_aff0e3b2,usr_856079e2,equal,1,393.98,INR,settled,2026-07-10T10:00:00+05:30,2026-08-18T10:00:00+05:30
spl_b51789df,exp_9eabdce4,usr_dc032205,equal,1,581.08,INR,outstanding,,2026-08-18T10:00:00+05:30
spl_898fb670,exp_9eabdce4,usr_a9008871,equal,1,581.09,INR,settled,2026-08-12T10:00:00+05:30,2026-08-18T10:00:00+05:30
spl_962f6659,exp_9eabdce4,usr_81ed406f,equal,1,581.09,INR,settled,2026-08-15T10:00:00+05:30,2026-08-18T10:00:00+05:30
spl_2d759e1c,exp_9eabdce4,usr_a93726c0,equal,1,581.09,INR,outstanding,,2026-08-18T10:00:00+05:30
spl_35c7c4da,exp_415c9322,usr_6361ffdd,equal,1,344.43,INR,outstanding,,2026-08-18T10:00:00+05:30
spl_66490a01,exp_415c9322,usr_8b3ba681,equal,1,344.43,INR,outstanding,,2026-08-18T10:00:00+05:30
spl_3ab57ded,exp_14057293,usr_3ccdc15e,equal,1,879.31,INR,settled,2026-08-02T10:00:00+05:30,2026-08-18T10:00:00+05:30
spl_685010b7,exp_14057293,usr_9a512200,equal,1,879.32,INR,settled,2026-07-29T10:00:00+05:30,2026-08-18T10:00:00+05:30
spl_7cbb4ff9,exp_50762d7f,usr_9a5cd9cf,percentage,1.5009,2779.92,THB,settled,2026-06-22T10:00:00+05:30,2026-08-18T10:00:00+05:30
spl_b1b05c89,exp_ac814010,usr_c8025f92,percentage,0.9998,14730.43,LKR,settled,2026-08-08T10:00:00+05:30,2026-08-18T10:00:00+05:30
spl_2af685e2,exp_d97e7468,usr_ee03ca6c,percentage,1.4714,629.05,INR,outstanding,,2026-08-18T10:00:00+05:30
spl_ec172eaf,exp_2203eea6,usr_e4f15778,shares,1.6764,9152.22,INR,outstanding,,2026-08-18T10:00:00+05:30
spl_7890b03f,exp_b3ec68fa,usr_5bbebfef,percentage,1.28,1688.84,MVR,settled,2026-08-04T10:00:00+05:30,2026-08-18T10:00:00+05:30
spl_0fd8fc67,exp_6be3f912,usr_55b114d5,percentage,2.1247,1584.45,INR,settled,2026-07-13T10:00:00+05:30,2026-08-18T10:00:00+05:30
spl_fe555a63,exp_6be3f912,usr_13f77754,percentage,0.808,602.59,INR,outstanding,,2026-08-18T10:00:00+05:30
spl_5aaea7f2,exp_6be3f912,usr_157e58e7,percentage,1.1149,831.41,INR,outstanding,,2026-08-18T10:00:00+05:30
spl_b5190c06,exp_ac1399cf,usr_3038e2f7,shares,0.8654,466.47,INR,outstanding,,2026-08-18T10:00:00+05:30
spl_5c8c9efe,exp_3e07fb96,usr_8700ba48,percentage,1.5136,43.36,AED,outstanding,,2026-08-18T10:00:00+05:30
spl_1ea5053c,exp_017d9cc2,usr_1f0f9af9,custom,1.2755,2107.66,INR,outstanding,,2026-08-18T10:00:00+05:30
spl_899c4877,exp_017d9cc2,usr_228f37bd,custom,1.9628,3243.42,INR,outstanding,,2026-08-18T10:00:00+05:30
spl_8bc2b969,exp_6f0710e6,usr_e5415ac7,equal,1,199.61,INR,outstanding,,2026-08-18T10:00:00+05:30
spl_9ccf9c06,exp_6f0710e6,usr_4efab0b7,equal,1,199.62,INR,outstanding,,2026-08-18T10:00:00+05:30
spl_8f837ce8,exp_6f0710e6,usr_ee5c9717,equal,1,199.62,INR,settled,2026-08-01T10:00:00+05:30,2026-08-18T10:00:00+05:30
spl_2728577a,exp_6f0710e6,usr_7faf6134,equal,1,199.62,INR,outstanding,,2026-08-18T10:00:00+05:30
spl_bbcf7f08,exp_abfa3153,usr_96740172,equal,1,2507.74,INR,outstanding,,2026-08-18T10:00:00+05:30
spl_599018c8,exp_abfa3153,usr_ab2353de,equal,1,2507.75,INR,outstanding,,2026-08-18T10:00:00+05:30
spl_5c40564b,exp_8ac266fb,usr_0b8f3bdc,equal,1,1847.05,INR,settled,2026-07-12T10:00:00+05:30,2026-08-18T10:00:00+05:30
spl_b83c7aeb,exp_7f348080,usr_8cace6bd,shares,1.651,557.64,INR,settled,2026-08-04T10:00:00+05:30,2026-08-18T10:00:00+05:30
spl_85722848,exp_7f348080,usr_78bb2d82,shares,2.4693,834.03,INR,settled,2026-07-09T10:00:00+05:30,2026-08-18T10:00:00+05:30
spl_7e824d21,exp_7f348080,usr_6cdfb2c8,shares,0.6927,233.98,INR,outstanding,,2026-08-18T10:00:00+05:30
spl_5d79ff51,exp_7f348080,usr_737d4dab,shares,1.3123,443.25,INR,settled,2026-06-23T10:00:00+05:30,2026-08-18T10:00:00+05:30
spl_cbd68835,exp_997c36aa,usr_0389057b,equal,1,401.20,INR,settled,2026-07-31T10:00:00+05:30,2026-08-18T10:00:00+05:30
spl_5b51ba7f,exp_7e3c7423,usr_1c8154b9,equal,1,478.96,INR,outstanding,,2026-08-18T10:00:00+05:30
spl_b4c2e17e,exp_f18f07b1,usr_b50df034,equal,1,662.13,INR,settled,2026-07-04T10:00:00+05:30,2026-08-18T10:00:00+05:30
spl_57096ac8,exp_bb5ed642,usr_42202df5,equal,1,631.21,INR,settled,2026-07-15T10:00:00+05:30,2026-08-18T10:00:00+05:30
spl_e3cf779b,exp_6ee31e93,usr_d245dd5d,percentage,1.5017,20.48,SGD,written_off,,2026-08-18T10:00:00+05:30
spl_3a6fdd3f,exp_243814b5,usr_dc1bd238,equal,1,2294.60,INR,outstanding,,2026-08-18T10:00:00+05:30
spl_2dc72d4e,exp_71eb2ed3,usr_78afc45f,equal,1,2722.68,INR,outstanding,,2026-08-18T10:00:00+05:30
spl_d438f5d7,exp_71eb2ed3,usr_8f81432c,equal,1,2722.69,INR,settled,2026-07-25T10:00:00+05:30,2026-08-18T10:00:00+05:30
spl_d7ab9423,exp_d1cb94a2,usr_ee6409a7,equal,1,1629.61,INR,outstanding,,2026-08-18T10:00:00+05:30
spl_08a21739,exp_d1cb94a2,usr_9738df4b,equal,1,1629.62,INR,written_off,,2026-08-18T10:00:00+05:30
spl_f537fb94,exp_1b7240e3,usr_424fbf1a,equal,1,1785.33,THB,outstanding,,2026-08-18T10:00:00+05:30
spl_d96995a4,exp_1b7240e3,usr_bc4a9809,equal,1,1785.34,THB,outstanding,,2026-08-18T10:00:00+05:30
spl_7d21efb9,exp_07513223,usr_0dc99bd5,equal,1,383.87,INR,settled,2026-08-14T10:00:00+05:30,2026-08-18T10:00:00+05:30
spl_8da46299,exp_2c7afea7,usr_6479c45c,percentage,1.9772,2391.44,INR,outstanding,,2026-08-18T10:00:00+05:30
spl_c0c54ab4,exp_2c7afea7,usr_ea479c41,percentage,1.8876,2283.12,INR,outstanding,,2026-08-18T10:00:00+05:30
spl_43e40b5d,exp_2c7afea7,usr_7101a5b5,percentage,2.1826,2639.92,INR,outstanding,,2026-08-18T10:00:00+05:30
spl_a1173c3f,exp_2c7afea7,usr_1f2ffeef,percentage,0.7332,886.89,INR,outstanding,,2026-08-18T10:00:00+05:30
spl_f29f8727,exp_a4849f89,usr_e851fdeb,equal,1,385.40,INR,outstanding,,2026-08-18T10:00:00+05:30
spl_d037ae22,exp_a4849f89,usr_5f1e6e1c,equal,1,385.40,INR,settled,2026-08-12T10:00:00+05:30,2026-08-18T10:00:00+05:30
spl_20e90621,exp_a4849f89,usr_ab81846d,equal,1,385.41,INR,settled,2026-08-01T10:00:00+05:30,2026-08-18T10:00:00+05:30
spl_f387d8aa,exp_a4849f89,usr_6043ede2,equal,1,385.41,INR,settled,2026-07-19T10:00:00+05:30,2026-08-18T10:00:00+05:30
spl_63662bcd,exp_ac0cca22,usr_4efab0b7,custom,0.5643,265.72,INR,settled,2026-07-06T10:00:00+05:30,2026-08-18T10:00:00+05:30
spl_266bd296,exp_ac0cca22,usr_e5415ac7,custom,2.3532,1108.04,INR,settled,2026-07-12T10:00:00+05:30,2026-08-18T10:00:00+05:30
spl_b8ff8949,exp_ac0cca22,usr_ee5c9717,custom,0.6707,315.80,INR,outstanding,,2026-08-18T10:00:00+05:30
spl_d0be1e51,exp_29fd2325,usr_dcc95fd2,equal,1,9621.80,INR,outstanding,,2026-08-18T10:00:00+05:30
spl_b8a2a7fa,exp_20a12d9a,usr_e7b2dd09,equal,1,1809.17,INR,settled,2026-07-07T10:00:00+05:30,2026-08-18T10:00:00+05:30
spl_e90fba6f,exp_e69ae644,usr_5307f01f,percentage,2.4511,352.29,INR,outstanding,,2026-08-18T10:00:00+05:30
spl_65ff59b2,exp_e69ae644,usr_0e9166f0,percentage,1.9056,273.89,INR,outstanding,,2026-08-18T10:00:00+05:30
spl_72c77fae,exp_e69ae644,usr_4a53ac63,percentage,1.8467,265.43,INR,settled,2026-07-14T10:00:00+05:30,2026-08-18T10:00:00+05:30
spl_e19808fd,exp_f85295f5,usr_d20b2a69,equal,1,502.60,INR,outstanding,,2026-08-18T10:00:00+05:30
spl_7f136aef,exp_f85295f5,usr_dc888b66,equal,1,502.61,INR,outstanding,,2026-08-18T10:00:00+05:30
spl_486f2b46,exp_f85295f5,usr_bc4b67f6,equal,1,502.61,INR,outstanding,,2026-08-18T10:00:00+05:30
spl_e13b0cd7,exp_69c5ea19,usr_e4376908,percentage,1.8093,3789.69,INR,outstanding,,2026-08-18T10:00:00+05:30
spl_bdd66049,exp_a51a6747,usr_8f32fd7a,equal,1,2205.73,INR,settled,2026-08-11T10:00:00+05:30,2026-08-18T10:00:00+05:30
spl_ba811373,exp_8a6797ce,usr_9e33a102,equal,1,263.08,INR,settled,2026-08-07T10:00:00+05:30,2026-08-18T10:00:00+05:30
spl_1a68253d,exp_8a6797ce,usr_c010ce3c,equal,1,263.07,INR,settled,2026-07-17T10:00:00+05:30,2026-08-18T10:00:00+05:30
spl_9ea53cde,exp_8a6797ce,usr_373b76a9,equal,1,263.07,INR,outstanding,,2026-08-18T10:00:00+05:30
spl_e6eb26af,exp_0ca33526,usr_5f22c672,equal,1,270.36,INR,outstanding,,2026-08-18T10:00:00+05:30
spl_ccecfb08,exp_0ca33526,usr_5d8450f0,equal,1,270.37,INR,settled,2026-07-23T10:00:00+05:30,2026-08-18T10:00:00+05:30
spl_d858db62,exp_88d1f979,usr_dc1bd238,equal,1,4166.13,INR,written_off,,2026-08-18T10:00:00+05:30
spl_522ed17f,exp_1711731a,usr_f855344d,equal,1,8463.42,INR,settled,2026-07-18T10:00:00+05:30,2026-08-18T10:00:00+05:30
spl_8ddf8121,exp_35dc1afb,usr_fc544c58,equal,1,4035.35,INR,settled,2026-08-09T10:00:00+05:30,2026-08-18T10:00:00+05:30
spl_a40dfaf8,exp_847b5a58,usr_fd8f7b49,equal,1,1806.69,INR,settled,2026-08-08T10:00:00+05:30,2026-08-18T10:00:00+05:30
spl_e4e0a339,exp_847b5a58,usr_045378e4,equal,1,1806.70,INR,settled,2026-08-09T10:00:00+05:30,2026-08-18T10:00:00+05:30
spl_8f776747,exp_847b5a58,usr_6498a0a8,equal,1,1806.70,INR,settled,2026-08-06T10:00:00+05:30,2026-08-18T10:00:00+05:30
spl_75ffa6c5,exp_cc4a6ada,usr_5307f01f,equal,1,87.50,INR,settled,2026-08-04T10:00:00+05:30,2026-08-18T10:00:00+05:30
spl_26e7c30a,exp_cc4a6ada,usr_e10845c8,equal,1,87.51,INR,outstanding,,2026-08-18T10:00:00+05:30
spl_1adfb318,exp_cc4a6ada,usr_34f98272,equal,1,87.51,INR,settled,2026-06-21T10:00:00+05:30,2026-08-18T10:00:00+05:30
spl_59c08ed9,exp_cc4a6ada,usr_8ddbc4ab,equal,1,87.51,INR,settled,2026-06-30T10:00:00+05:30,2026-08-18T10:00:00+05:30
spl_2df82031,exp_4b1d02a9,usr_8e89346c,equal,1,2296.42,INR,settled,2026-06-21T10:00:00+05:30,2026-08-18T10:00:00+05:30
spl_9c18099b,exp_4b1d02a9,usr_9473419d,equal,1,2296.42,INR,settled,2026-07-29T10:00:00+05:30,2026-08-18T10:00:00+05:30
spl_dcd92c4f,exp_4b1d02a9,usr_451855a4,equal,1,2296.43,INR,outstanding,,2026-08-18T10:00:00+05:30
spl_cbff2fb0,exp_4b1d02a9,usr_8b3ba681,equal,1,2296.43,INR,outstanding,,2026-08-18T10:00:00+05:30
spl_bd042431,exp_767362ae,usr_b2323a23,equal,1,792.11,INR,outstanding,,2026-08-18T10:00:00+05:30
spl_01c91b90,exp_cd35f68a,usr_e1d938d9,equal,1,357.92,INR,outstanding,,2026-08-18T10:00:00+05:30
spl_a4c19788,exp_e3a422db,usr_651a4d17,equal,1,319.12,INR,written_off,,2026-08-18T10:00:00+05:30
spl_54c82801,exp_81e039ae,usr_17bacb4e,equal,1,309.71,INR,outstanding,,2026-08-18T10:00:00+05:30
spl_c604d189,exp_81e039ae,usr_3b70ae01,equal,1,309.71,INR,settled,2026-07-05T10:00:00+05:30,2026-08-18T10:00:00+05:30
spl_a510ae63,exp_81e039ae,usr_5e4aa2d9,equal,1,309.72,INR,outstanding,,2026-08-18T10:00:00+05:30
spl_d1377a60,exp_81e039ae,usr_c4dc3602,equal,1,309.72,INR,outstanding,,2026-08-18T10:00:00+05:30
spl_97506b6b,exp_acf7e338,usr_8d937b9e,equal,1,1602.33,INR,outstanding,,2026-08-18T10:00:00+05:30
spl_0c717004,exp_e907e29a,usr_e94f06ca,shares,1.2626,452.96,INR,outstanding,,2026-08-18T10:00:00+05:30
spl_10066d92,exp_20004f1f,usr_24e54a31,equal,1,4064.06,THB,outstanding,,2026-08-18T10:00:00+05:30
spl_a5d1cbfa,exp_4250cad0,usr_bbd1ced8,equal,1,263.27,INR,settled,2026-07-17T10:00:00+05:30,2026-08-18T10:00:00+05:30
spl_43e17423,exp_4250cad0,usr_9d604e2e,equal,1,263.27,INR,outstanding,,2026-08-18T10:00:00+05:30
spl_9e967682,exp_4250cad0,usr_23811da7,equal,1,263.28,INR,settled,2026-07-31T10:00:00+05:30,2026-08-18T10:00:00+05:30
spl_0e32d472,exp_4250cad0,usr_22a9ab26,equal,1,263.28,INR,outstanding,,2026-08-18T10:00:00+05:30
spl_877d4efa,exp_1f47af21,usr_ae35e63d,equal,1,551.78,INR,outstanding,,2026-08-18T10:00:00+05:30
spl_55bbe6c2,exp_1f47af21,usr_701b0010,equal,1,551.78,INR,outstanding,,2026-08-18T10:00:00+05:30
spl_1cf76c8f,exp_05f79df9,usr_fecd2601,equal,1,709.24,JPY,outstanding,,2026-08-18T10:00:00+05:30
spl_8919bf12,exp_05f79df9,usr_51247360,equal,1,709.23,JPY,outstanding,,2026-08-18T10:00:00+05:30
spl_7e3d64f6,exp_05f79df9,usr_ef2f6a43,equal,1,709.23,JPY,settled,2026-07-23T10:00:00+05:30,2026-08-18T10:00:00+05:30
spl_635371da,exp_05f79df9,usr_34e42e87,equal,1,709.23,JPY,settled,2026-08-13T10:00:00+05:30,2026-08-18T10:00:00+05:30
spl_be4f5943,exp_8ec4b6f1,usr_0dc99bd5,custom,0.5836,678.45,INR,outstanding,,2026-08-18T10:00:00+05:30
spl_ae7ca433,exp_b66f95ba,usr_6d4dd52b,equal,1,2698.06,INR,settled,2026-07-29T10:00:00+05:30,2026-08-18T10:00:00+05:30
spl_9f07e9e6,exp_b66f95ba,usr_506012f1,equal,1,2698.07,INR,outstanding,,2026-08-18T10:00:00+05:30
spl_cc771e57,exp_b66f95ba,usr_f8162b43,equal,1,2698.07,INR,settled,2026-08-17T10:00:00+05:30,2026-08-18T10:00:00+05:30
spl_b13c801e,exp_b082f84e,usr_91afdeed,equal,1,774.53,INR,outstanding,,2026-08-18T10:00:00+05:30
spl_6058a028,exp_b082f84e,usr_bf89afd1,equal,1,774.52,INR,settled,2026-08-02T10:00:00+05:30,2026-08-18T10:00:00+05:30
spl_e72f3a73,exp_b082f84e,usr_671138ff,equal,1,774.52,INR,outstanding,,2026-08-18T10:00:00+05:30
spl_cab8bbb5,exp_e39fddc4,usr_35d340e3,equal,1,714.80,INR,outstanding,,2026-08-18T10:00:00+05:30
spl_ca877b9b,exp_e39fddc4,usr_52de2228,equal,1,714.81,INR,outstanding,,2026-08-18T10:00:00+05:30
spl_5e728b53,exp_cb0ce079,usr_1501196b,custom,2.318,1482.22,BTN,settled,2026-07-21T10:00:00+05:30,2026-08-18T10:00:00+05:30
spl_19e1d448,exp_e93b2d8a,usr_58d2b52f,equal,1,625.33,INR,outstanding,,2026-08-18T10:00:00+05:30
spl_2903e480,exp_c070b127,usr_37079a82,equal,1,453.29,INR,outstanding,,2026-08-18T10:00:00+05:30
spl_b20f323c,exp_c070b127,usr_6f068e43,equal,1,453.30,INR,outstanding,,2026-08-18T10:00:00+05:30
spl_64676b66,exp_c070b127,usr_ee6409a7,equal,1,453.30,INR,settled,2026-07-11T10:00:00+05:30,2026-08-18T10:00:00+05:30
spl_f17cdee5,exp_158e7838,usr_ab49979e,equal,1,2523.34,INR,settled,2026-06-21T10:00:00+05:30,2026-08-18T10:00:00+05:30
spl_255bc6a5,exp_07a1f81a,usr_541840e2,equal,1,1490.14,INR,outstanding,,2026-08-18T10:00:00+05:30
spl_bbf19c2c,exp_bfd88d50,usr_540d307a,equal,1,189.62,INR,outstanding,,2026-08-18T10:00:00+05:30
spl_82e78e3f,exp_bfd88d50,usr_f52d271a,equal,1,189.61,INR,settled,2026-06-20T10:00:00+05:30,2026-08-18T10:00:00+05:30
spl_c59f9e3d,exp_bfd88d50,usr_a9e888d0,equal,1,189.61,INR,settled,2026-08-04T10:00:00+05:30,2026-08-18T10:00:00+05:30
spl_5546c588,exp_a54df6cc,usr_beeb010f,custom,1.0256,1123.48,INR,outstanding,,2026-08-18T10:00:00+05:30
spl_e8bf71d2,exp_a54df6cc,usr_9cb9eedc,custom,2.397,2625.76,INR,outstanding,,2026-08-18T10:00:00+05:30
spl_5bf4c140,exp_9c3cfbcd,usr_76c235d5,equal,1,1032.59,INR,outstanding,,2026-08-18T10:00:00+05:30
spl_d6bb6232,exp_9c3cfbcd,usr_0c1ce238,equal,1,1032.59,INR,settled,2026-07-14T10:00:00+05:30,2026-08-18T10:00:00+05:30
spl_30f39588,exp_d28d1a59,usr_dcf3a4ae,equal,1,6182.45,INR,settled,2026-06-27T10:00:00+05:30,2026-08-18T10:00:00+05:30
spl_7622029d,exp_8e0e5533,usr_2aa556d6,equal,1,582.11,INR,outstanding,,2026-08-18T10:00:00+05:30
spl_2f972740,exp_a92ed310,usr_14c738e0,equal,1,2674.99,INR,outstanding,,2026-08-18T10:00:00+05:30
spl_901d5652,exp_407c587d,usr_bc9d20fa,percentage,0.914,4982.39,INR,settled,2026-06-21T10:00:00+05:30,2026-08-18T10:00:00+05:30
spl_efe39a3d,exp_9939bf38,usr_f9060fbb,custom,2.3817,1734.30,INR,settled,2026-06-23T10:00:00+05:30,2026-08-18T10:00:00+05:30
spl_c7c7da0a,exp_a0239d25,usr_74ed32ff,equal,1,4103.62,INR,settled,2026-07-29T10:00:00+05:30,2026-08-18T10:00:00+05:30
spl_b16a7f48,exp_c4f5ef3b,usr_8af9206e,equal,1,436.32,INR,settled,2026-08-01T10:00:00+05:30,2026-08-18T10:00:00+05:30
spl_86971cae,exp_9f949bcc,usr_55a04c8d,custom,0.9997,397.29,INR,settled,2026-07-02T10:00:00+05:30,2026-08-18T10:00:00+05:30
spl_21423db4,exp_9f949bcc,usr_0c1ce238,custom,1.2955,514.85,INR,settled,2026-07-25T10:00:00+05:30,2026-08-18T10:00:00+05:30
spl_476698d1,exp_9f949bcc,usr_ce2e54f4,custom,1.1135,442.54,INR,settled,2026-07-06T10:00:00+05:30,2026-08-18T10:00:00+05:30
spl_afbecf18,exp_fc63223b,usr_8add6423,equal,1,1858.26,INR,outstanding,,2026-08-18T10:00:00+05:30
spl_7efa9414,exp_fc63223b,usr_2808d36a,equal,1,1858.27,INR,settled,2026-07-08T10:00:00+05:30,2026-08-18T10:00:00+05:30
spl_1a5729de,exp_fc63223b,usr_d504f21d,equal,1,1858.27,INR,outstanding,,2026-08-18T10:00:00+05:30
spl_726f057c,exp_fc63223b,usr_6bf6f0c2,equal,1,1858.27,INR,outstanding,,2026-08-18T10:00:00+05:30
spl_e9b0ddf0,exp_b488d2f6,usr_b6d5d98c,equal,1,9218.82,INR,outstanding,,2026-08-18T10:00:00+05:30
spl_6ad3ea4c,exp_c976f03f,usr_24e54a31,equal,1,194.62,INR,outstanding,,2026-08-18T10:00:00+05:30
spl_ba923bae,exp_c976f03f,usr_108e6f0f,equal,1,194.63,INR,settled,2026-07-13T10:00:00+05:30,2026-08-18T10:00:00+05:30
spl_91721823,exp_911cb0ca,usr_dce3bc90,equal,1,773.25,INR,settled,2026-07-30T10:00:00+05:30,2026-08-18T10:00:00+05:30
spl_678e37f2,exp_9eb4c622,usr_21700d8e,percentage,2.4421,928.82,INR,outstanding,,2026-08-18T10:00:00+05:30
spl_67036074,exp_9eb4c622,usr_e60873aa,percentage,0.9244,351.58,INR,outstanding,,2026-08-18T10:00:00+05:30
spl_aa458dee,exp_9eb4c622,usr_3134253d,percentage,1.7312,658.42,INR,outstanding,,2026-08-18T10:00:00+05:30
spl_da5a51bc,exp_80a9ecc8,usr_dc1bd238,equal,1,1559.91,INR,settled,2026-08-05T10:00:00+05:30,2026-08-18T10:00:00+05:30
spl_4ce1bbae,exp_5d86162d,usr_9694b4a3,equal,1,406.19,INR,settled,2026-08-17T10:00:00+05:30,2026-08-18T10:00:00+05:30
spl_3ae5ee75,exp_90149b30,usr_d1a44892,shares,0.8468,1594.79,INR,settled,2026-08-16T10:00:00+05:30,2026-08-18T10:00:00+05:30
spl_0d048cfe,exp_6417955c,usr_edf2bbfa,equal,1,261.44,INR,settled,2026-07-01T10:00:00+05:30,2026-08-18T10:00:00+05:30
spl_8e538ce4,exp_6417955c,usr_e5bfa6cd,equal,1,261.44,INR,outstanding,,2026-08-18T10:00:00+05:30
spl_d0b18855,exp_6417955c,usr_c94b68cc,equal,1,261.45,INR,settled,2026-07-26T10:00:00+05:30,2026-08-18T10:00:00+05:30
spl_fe0a7881,exp_6417955c,usr_05e40dfc,equal,1,261.45,INR,settled,2026-08-11T10:00:00+05:30,2026-08-18T10:00:00+05:30
spl_82282b3b,exp_fa0b4c69,usr_969a0636,shares,1.8053,808.51,INR,settled,2026-07-27T10:00:00+05:30,2026-08-18T10:00:00+05:30
spl_b3de0818,exp_fa0b4c69,usr_0e3a6945,shares,1.1697,523.86,INR,outstanding,,2026-08-18T10:00:00+05:30
spl_68ad8c21,exp_96a808b5,usr_d8cab59f,equal,1,233.70,INR,settled,2026-07-12T10:00:00+05:30,2026-08-18T10:00:00+05:30
spl_2555e0f8,exp_96a808b5,usr_96a8d3c5,equal,1,233.70,INR,settled,2026-08-10T10:00:00+05:30,2026-08-18T10:00:00+05:30
spl_9b909896,exp_96a808b5,usr_9db3efff,equal,1,233.70,INR,outstanding,,2026-08-18T10:00:00+05:30
spl_ea4aacd2,exp_96a808b5,usr_3c2f4109,equal,1,233.70,INR,settled,2026-06-27T10:00:00+05:30,2026-08-18T10:00:00+05:30
spl_85a290a2,exp_1e2e0378,usr_7f6e49de,custom,1.9311,1081.82,INR,settled,2026-07-22T10:00:00+05:30,2026-08-18T10:00:00+05:30
spl_f8b0d6c7,exp_32a10629,usr_3ccdc15e,equal,1,247.39,INR,outstanding,,2026-08-18T10:00:00+05:30
spl_6cf55657,exp_32a10629,usr_9a512200,equal,1,247.38,INR,outstanding,,2026-08-18T10:00:00+05:30
spl_14bcf454,exp_32a10629,usr_3134253d,equal,1,247.38,INR,outstanding,,2026-08-18T10:00:00+05:30
spl_e9069084,exp_5dac0c4a,usr_e2ca58e8,equal,1,131.21,THB,settled,2026-06-21T10:00:00+05:30,2026-08-18T10:00:00+05:30
spl_73c02e5a,exp_5dac0c4a,usr_3e25dcc6,equal,1,131.21,THB,outstanding,,2026-08-18T10:00:00+05:30
spl_9c4f3643,exp_9430ccd2,usr_e2490a9e,equal,1,1907.45,INR,outstanding,,2026-08-18T10:00:00+05:30
spl_40a91e2b,exp_009bbf1c,usr_5cdbb1d3,shares,2.3483,546.16,INR,outstanding,,2026-08-18T10:00:00+05:30
spl_6aa2ba2c,exp_009bbf1c,usr_8e272905,shares,2.2392,520.80,INR,settled,2026-08-10T10:00:00+05:30,2026-08-18T10:00:00+05:30
spl_3deeb26a,exp_009bbf1c,usr_21b63d3b,shares,1.3897,323.22,INR,outstanding,,2026-08-18T10:00:00+05:30
spl_3b360342,exp_009bbf1c,usr_ea269383,shares,0.8873,206.37,INR,settled,2026-08-07T10:00:00+05:30,2026-08-18T10:00:00+05:30
spl_7178afc5,exp_121a5239,usr_243cefe8,equal,1,19.29,CHF,outstanding,,2026-08-18T10:00:00+05:30
spl_0056be9f,exp_baa7b991,usr_2da5bb04,custom,0.9942,1907.57,INR,settled,2026-08-05T10:00:00+05:30,2026-08-18T10:00:00+05:30
spl_6826734e,exp_8cc51133,usr_6be041f5,equal,1,914.36,INR,outstanding,,2026-08-18T10:00:00+05:30
spl_894bf099,exp_e398df85,usr_d1c73fb8,equal,1,6407.05,INR,settled,2026-06-20T10:00:00+05:30,2026-08-18T10:00:00+05:30
spl_6980393b,exp_1dfe3683,usr_0a31df91,custom,0.6631,866.45,INR,settled,2026-06-29T10:00:00+05:30,2026-08-18T10:00:00+05:30
spl_dd18d679,exp_1dfe3683,usr_f7512c22,custom,0.8366,1093.13,INR,settled,2026-06-24T10:00:00+05:30,2026-08-18T10:00:00+05:30
spl_d14520a3,exp_c2ccafa5,usr_99adb626,equal,1,4749.33,NPR,outstanding,,2026-08-18T10:00:00+05:30
spl_6d525d89,exp_1d6af07b,usr_e9e3f281,equal,1,769.24,INR,outstanding,,2026-08-18T10:00:00+05:30
spl_12c957b0,exp_1d6af07b,usr_4dc8096b,equal,1,769.24,INR,outstanding,,2026-08-18T10:00:00+05:30
spl_e9ff262b,exp_1d6af07b,usr_7f6d27fe,equal,1,769.24,INR,outstanding,,2026-08-18T10:00:00+05:30
spl_dcf7a01f,exp_ef4ac15c,usr_afacd025,shares,2.2371,5746.68,INR,outstanding,,2026-08-18T10:00:00+05:30
spl_ccc7b38a,exp_61bcb286,usr_4b9412c5,equal,1,1567.31,INR,outstanding,,2026-08-18T10:00:00+05:30
spl_0267fa62,exp_bfbd6e1d,usr_4e65d08a,equal,1,326.16,INR,outstanding,,2026-08-18T10:00:00+05:30
spl_fe967f6e,exp_bfbd6e1d,usr_e459a18c,equal,1,326.16,INR,outstanding,,2026-08-18T10:00:00+05:30
spl_d2a54241,exp_bfbd6e1d,usr_633c636b,equal,1,326.16,INR,written_off,,2026-08-18T10:00:00+05:30
spl_531a3a08,exp_5d1beaa1,usr_0551c67a,custom,1.6932,202.55,INR,outstanding,,2026-08-18T10:00:00+05:30
spl_62697c82,exp_5d1beaa1,usr_aefdae86,custom,1.8991,227.19,INR,outstanding,,2026-08-18T10:00:00+05:30
spl_cd171d25,exp_5d1beaa1,usr_e6dca418,custom,2.3131,276.71,INR,outstanding,,2026-08-18T10:00:00+05:30
spl_30ad0e9e,exp_5d1beaa1,usr_ce941853,custom,1.1074,132.47,INR,outstanding,,2026-08-18T10:00:00+05:30
spl_4ac5f4d9,exp_feb735e5,usr_ddfa0cd0,percentage,1.0251,1202.04,INR,written_off,,2026-08-18T10:00:00+05:30
spl_9221e8c8,exp_1eaee91d,usr_243cefe8,equal,1,42.72,CHF,settled,2026-07-25T10:00:00+05:30,2026-08-18T10:00:00+05:30
spl_65775d8f,exp_9dcd37b7,usr_2b7e8931,equal,1,1153.20,INR,outstanding,,2026-08-18T10:00:00+05:30
spl_08923d15,exp_b3a37ea1,usr_e6dca418,percentage,2.3269,688.78,INR,outstanding,,2026-08-18T10:00:00+05:30
spl_8dceca1d,exp_b3a37ea1,usr_4794cd34,percentage,1.7651,522.49,INR,settled,2026-07-02T10:00:00+05:30,2026-08-18T10:00:00+05:30
spl_eaad2314,exp_b3a37ea1,usr_2e38cf37,percentage,1.8781,555.95,INR,outstanding,,2026-08-18T10:00:00+05:30
spl_700accd3,exp_b3a37ea1,usr_b0226153,percentage,0.5543,164.07,INR,settled,2026-07-31T10:00:00+05:30,2026-08-18T10:00:00+05:30
spl_3b18a9b9,exp_865f615b,usr_d1c73fb8,equal,1,2332.57,INR,outstanding,,2026-08-18T10:00:00+05:30
spl_3618664c,exp_865f615b,usr_7edfea3c,equal,1,2332.57,INR,outstanding,,2026-08-18T10:00:00+05:30
spl_e82c5b24,exp_865f615b,usr_e5bfa6cd,equal,1,2332.57,INR,outstanding,,2026-08-18T10:00:00+05:30
spl_75e4f648,exp_d3f2d298,usr_2109396c,shares,0.5536,7.69,SGD,written_off,,2026-08-18T10:00:00+05:30
spl_f6b1b734,exp_d3f2d298,usr_aef2d4f6,shares,1.0117,14.04,SGD,outstanding,,2026-08-18T10:00:00+05:30
spl_1fc55553,exp_9d4444e7,usr_4f4d8587,custom,1.1472,67.45,CHF,settled,2026-07-30T10:00:00+05:30,2026-08-18T10:00:00+05:30
spl_e695a952,exp_9316f74e,usr_dcc95fd2,custom,1.9974,291.21,INR,outstanding,,2026-08-18T10:00:00+05:30
spl_2ca7043f,exp_01982d8a,usr_df582802,custom,1.3704,378.32,MVR,settled,2026-07-16T10:00:00+05:30,2026-08-18T10:00:00+05:30
spl_cf87f0ba,exp_01982d8a,usr_6e20f92e,custom,1.4856,410.13,MVR,settled,2026-07-18T10:00:00+05:30,2026-08-18T10:00:00+05:30
spl_62dfd4ae,exp_01982d8a,usr_f6728ccc,custom,2.3519,649.29,MVR,outstanding,,2026-08-18T10:00:00+05:30
spl_27417d36,exp_a4b0609a,usr_96740172,custom,2.1326,1185.11,INR,settled,2026-06-25T10:00:00+05:30,2026-08-18T10:00:00+05:30
spl_f759ecbb,exp_a4b0609a,usr_ab2353de,custom,1.9265,1070.53,INR,outstanding,,2026-08-18T10:00:00+05:30
spl_66ed9bfc,exp_4f91ac7c,usr_51247360,equal,1,473.76,INR,outstanding,,2026-08-18T10:00:00+05:30
spl_e25c4001,exp_f59d9032,usr_d3acd59c,custom,0.9725,1246.89,INR,settled,2026-06-29T10:00:00+05:30,2026-08-18T10:00:00+05:30
spl_0750f649,exp_f59d9032,usr_2433031a,custom,2.1023,2695.43,INR,outstanding,,2026-08-18T10:00:00+05:30
spl_ed1049f0,exp_f59d9032,usr_55abb9bc,custom,1.8667,2393.28,INR,outstanding,,2026-08-18T10:00:00+05:30
spl_4b0bc67f,exp_f59d9032,usr_0cae1422,custom,1.1098,1422.85,INR,outstanding,,2026-08-18T10:00:00+05:30
spl_3fe2d0d2,exp_1e46de03,usr_dc032205,equal,1,2429.04,INR,settled,2026-07-17T10:00:00+05:30,2026-08-18T10:00:00+05:30
spl_8a21ba73,exp_1e46de03,usr_a9008871,equal,1,2429.03,INR,outstanding,,2026-08-18T10:00:00+05:30
spl_846d2346,exp_1e46de03,usr_81ed406f,equal,1,2429.03,INR,outstanding,,2026-08-18T10:00:00+05:30
spl_916476dd,exp_1e46de03,usr_a93726c0,equal,1,2429.03,INR,settled,2026-07-25T10:00:00+05:30,2026-08-18T10:00:00+05:30
spl_70eecbee,exp_cd465a39,usr_f52d271a,equal,1,322.35,INR,settled,2026-08-01T10:00:00+05:30,2026-08-18T10:00:00+05:30
spl_cc57dd38,exp_cd465a39,usr_05fc06c6,equal,1,322.35,INR,outstanding,,2026-08-18T10:00:00+05:30
spl_de8a6fab,exp_f01cf415,usr_7af1e427,percentage,1.6488,127.69,INR,outstanding,,2026-08-18T10:00:00+05:30
spl_156d6f67,exp_f01cf415,usr_0f63f4f1,percentage,0.5313,41.14,INR,outstanding,,2026-08-18T10:00:00+05:30
spl_f41c4511,exp_f01cf415,usr_cabd8a19,percentage,0.709,54.91,INR,outstanding,,2026-08-18T10:00:00+05:30
spl_ba8984e9,exp_f01cf415,usr_9e65154f,percentage,1.722,133.37,INR,settled,2026-06-28T10:00:00+05:30,2026-08-18T10:00:00+05:30
spl_e0ea4b35,exp_f3b741eb,usr_dc032205,custom,1.9446,2078.76,INR,outstanding,,2026-08-18T10:00:00+05:30
spl_88f60c0a,exp_f3b741eb,usr_a9008871,custom,2.0654,2207.92,INR,settled,2026-06-23T10:00:00+05:30,2026-08-18T10:00:00+05:30
spl_13b59bd0,exp_f3b741eb,usr_81ed406f,custom,0.5869,627.43,INR,outstanding,,2026-08-18T10:00:00+05:30
spl_d8bc3f7f,exp_f3b741eb,usr_a93726c0,custom,0.7659,818.72,INR,settled,2026-08-11T10:00:00+05:30,2026-08-18T10:00:00+05:30
spl_80d4309c,exp_85eb691b,usr_bedf358a,custom,0.7231,281.55,INR,outstanding,,2026-08-18T10:00:00+05:30
spl_64e7bc1a,exp_85eb691b,usr_e6dcafe4,custom,1.4432,561.88,INR,settled,2026-08-08T10:00:00+05:30,2026-08-18T10:00:00+05:30
spl_51e40757,exp_85eb691b,usr_712600f0,custom,1.3438,523.20,INR,outstanding,,2026-08-18T10:00:00+05:30
spl_2561f337,exp_0ac32c87,usr_d245dd5d,equal,1,917.65,INR,outstanding,,2026-08-18T10:00:00+05:30
spl_3a30c3a0,exp_eff3542e,usr_52257a0a,custom,2.3762,1694.53,INR,outstanding,,2026-08-18T10:00:00+05:30
spl_64041d7c,exp_eff3542e,usr_0b0894aa,custom,0.7779,554.75,INR,outstanding,,2026-08-18T10:00:00+05:30
spl_df93f86a,exp_eff3542e,usr_9473419d,custom,1.4728,1050.30,INR,outstanding,,2026-08-18T10:00:00+05:30
spl_04327fa0,exp_830ec592,usr_7af1e427,equal,1,108.92,INR,outstanding,,2026-08-18T10:00:00+05:30
spl_2f65a4bc,exp_830ec592,usr_0f63f4f1,equal,1,108.91,INR,outstanding,,2026-08-18T10:00:00+05:30
spl_76702a3c,exp_830ec592,usr_cabd8a19,equal,1,108.91,INR,outstanding,,2026-08-18T10:00:00+05:30
spl_b46dbc3e,exp_830ec592,usr_9e65154f,equal,1,108.91,INR,outstanding,,2026-08-18T10:00:00+05:30
spl_790a912b,exp_92a8830b,usr_9cb9eedc,equal,1,975.13,INR,outstanding,,2026-08-18T10:00:00+05:30
spl_5e02a4f0,exp_fc6e76d6,usr_ea41e115,equal,1,1019.86,INR,outstanding,,2026-08-18T10:00:00+05:30
spl_d81ebc70,exp_a5e9cfa7,usr_44604a9d,equal,1,921.97,INR,settled,2026-07-22T10:00:00+05:30,2026-08-18T10:00:00+05:30
spl_40bda249,exp_1adb9a5e,usr_28c5ee24,equal,1,7514.72,LKR,outstanding,,2026-08-18T10:00:00+05:30
spl_df7009a7,exp_91d25e74,usr_d1a44892,custom,1.4746,7048.90,INR,settled,2026-07-27T10:00:00+05:30,2026-08-18T10:00:00+05:30
spl_d4c04bfd,exp_579e886b,usr_e10845c8,shares,1.4221,999.93,INR,outstanding,,2026-08-18T10:00:00+05:30
spl_ead2ceb3,exp_1c280455,usr_1dd8f348,equal,1,1715.00,INR,settled,2026-06-25T10:00:00+05:30,2026-08-18T10:00:00+05:30
spl_98c5e50a,exp_1a9f0612,usr_2aa556d6,equal,1,2452.21,INR,settled,2026-07-31T10:00:00+05:30,2026-08-18T10:00:00+05:30
spl_c0b18b8f,exp_4bffe579,usr_de458aa5,equal,1,5531.55,BTN,settled,2026-06-24T10:00:00+05:30,2026-08-18T10:00:00+05:30
spl_ce3d65e6,exp_9b769e9a,usr_a3f4f2d9,shares,1.4434,1174.03,INR,outstanding,,2026-08-18T10:00:00+05:30
spl_84822adf,exp_750cbf9e,usr_ce9ee3ae,percentage,1.6548,673.93,INR,outstanding,,2026-08-18T10:00:00+05:30
spl_027495d2,exp_3af9bd34,usr_2433031a,equal,1,49.12,AED,outstanding,,2026-08-18T10:00:00+05:30
spl_1e181937,exp_3af9bd34,usr_508f15f0,equal,1,49.12,AED,settled,2026-08-04T10:00:00+05:30,2026-08-18T10:00:00+05:30
spl_dccef12c,exp_4c967806,usr_ddfa0cd0,equal,1,492.31,INR,settled,2026-08-10T10:00:00+05:30,2026-08-18T10:00:00+05:30
spl_e8619f2c,exp_bf16a5d1,usr_8eb4e3e7,equal,1,327.38,THB,outstanding,,2026-08-18T10:00:00+05:30
spl_9550c62c,exp_4a0adb50,usr_22a5c239,percentage,2.0502,1375.11,INR,outstanding,,2026-08-18T10:00:00+05:30
spl_a51d1fde,exp_4a0adb50,usr_8b3ba681,percentage,1.8774,1259.21,INR,outstanding,,2026-08-18T10:00:00+05:30
spl_2cde98c8,exp_98298fdc,usr_0567fe37,equal,1,215.99,INR,outstanding,,2026-08-18T10:00:00+05:30
spl_24ba360b,exp_98298fdc,usr_2136e1fa,equal,1,215.99,INR,settled,2026-06-24T10:00:00+05:30,2026-08-18T10:00:00+05:30
spl_38024653,exp_866b2912,usr_2e38cf37,equal,1,638.33,INR,outstanding,,2026-08-18T10:00:00+05:30
spl_77ecb3ed,exp_866b2912,usr_37079a82,equal,1,638.33,INR,outstanding,,2026-08-18T10:00:00+05:30
spl_e9c3f5b2,exp_cca72dc9,usr_98a69060,equal,1,695.76,INR,outstanding,,2026-08-18T10:00:00+05:30
spl_d62fc845,exp_b62f6a06,usr_d7d11d69,percentage,0.5638,363.37,INR,outstanding,,2026-08-18T10:00:00+05:30
spl_1885866f,exp_bd8efa3d,usr_aef2d4f6,shares,1.7456,528.81,INR,settled,2026-07-21T10:00:00+05:30,2026-08-18T10:00:00+05:30
spl_a35c9a7c,exp_bd8efa3d,usr_ce2e54f4,shares,1.2679,384.09,INR,outstanding,,2026-08-18T10:00:00+05:30
spl_c587c093,exp_f54085f9,usr_541840e2,custom,1.8761,1077.46,INR,outstanding,,2026-08-18T10:00:00+05:30
spl_77e77eb9,exp_92fe12c6,usr_0a31df91,equal,1,89.14,INR,outstanding,,2026-08-18T10:00:00+05:30
spl_9af24ef9,exp_92fe12c6,usr_f7512c22,equal,1,89.14,INR,settled,2026-08-11T10:00:00+05:30,2026-08-18T10:00:00+05:30
spl_16729518,exp_8a6a028e,usr_de458aa5,equal,1,857.66,INR,settled,2026-07-04T10:00:00+05:30,2026-08-18T10:00:00+05:30
spl_8e5c8c04,exp_8a6a028e,usr_ad8b46f0,equal,1,857.65,INR,settled,2026-07-26T10:00:00+05:30,2026-08-18T10:00:00+05:30
spl_6229fb5a,exp_8a6a028e,usr_f6728ccc,equal,1,857.65,INR,settled,2026-08-03T10:00:00+05:30,2026-08-18T10:00:00+05:30
spl_cbaf697e,exp_8a6a028e,usr_b357f73c,equal,1,857.65,INR,outstanding,,2026-08-18T10:00:00+05:30
spl_4d88c03e,exp_e787406f,usr_07f03d4c,equal,1,662.32,INR,settled,2026-07-24T10:00:00+05:30,2026-08-18T10:00:00+05:30
spl_7cae4fe7,exp_e787406f,usr_6e6d6fef,equal,1,662.33,INR,settled,2026-07-01T10:00:00+05:30,2026-08-18T10:00:00+05:30
spl_cc1d6184,exp_4eb88073,usr_2433031a,equal,1,3703.63,NPR,outstanding,,2026-08-18T10:00:00+05:30
spl_57e4b3c3,exp_f726f0b6,usr_32f091df,equal,1,122.91,MYR,outstanding,,2026-08-18T10:00:00+05:30
spl_0ae3f8f0,exp_1bc9b2d5,usr_c24f45f3,equal,1,785.73,INR,outstanding,,2026-08-18T10:00:00+05:30
spl_fe38802a,exp_1bc9b2d5,usr_c94b68cc,equal,1,785.73,INR,outstanding,,2026-08-18T10:00:00+05:30
spl_6e28bce5,exp_1bc9b2d5,usr_41431693,equal,1,785.73,INR,settled,2026-08-12T10:00:00+05:30,2026-08-18T10:00:00+05:30
spl_b6bb8d6d,exp_1bc9b2d5,usr_b829ab46,equal,1,785.73,INR,outstanding,,2026-08-18T10:00:00+05:30
spl_ddf74683,exp_35aeef84,usr_dcfab723,equal,1,5.65,AED,settled,2026-06-28T10:00:00+05:30,2026-08-18T10:00:00+05:30
spl_f962f9f6,exp_35aeef84,usr_495905e0,equal,1,5.66,AED,settled,2026-07-14T10:00:00+05:30,2026-08-18T10:00:00+05:30
spl_8566c616,exp_35aeef84,usr_7dc3ba48,equal,1,5.66,AED,settled,2026-07-27T10:00:00+05:30,2026-08-18T10:00:00+05:30
spl_94e7f2ce,exp_88f6b48e,usr_0389057b,custom,2.4394,757.02,INR,outstanding,,2026-08-18T10:00:00+05:30
spl_e5882b4b,exp_1d471672,usr_8a133f67,equal,1,1231.12,INR,outstanding,,2026-08-18T10:00:00+05:30
spl_25d7a825,exp_75d8de38,usr_1501196b,percentage,0.852,1621.75,INR,outstanding,,2026-08-18T10:00:00+05:30
spl_0928eed8,exp_01d106aa,usr_b86dd891,equal,1,3174.50,INR,settled,2026-07-26T10:00:00+05:30,2026-08-18T10:00:00+05:30
spl_08714d1a,exp_62813121,usr_9d604e2e,percentage,1.5225,998.79,INR,settled,2026-08-14T10:00:00+05:30,2026-08-18T10:00:00+05:30
spl_572c0594,exp_62813121,usr_5527167d,percentage,1.1714,768.44,INR,outstanding,,2026-08-18T10:00:00+05:30
spl_a9c3f201,exp_62813121,usr_35d340e3,percentage,0.7413,486.33,INR,outstanding,,2026-08-18T10:00:00+05:30
spl_2409d90f,exp_d964ae65,usr_5f1e6e1c,equal,1,12361.43,JPY,outstanding,,2026-08-18T10:00:00+05:30
spl_47d6dd0c,exp_0895e5cc,usr_749f5098,shares,2.3321,395.82,INR,outstanding,,2026-08-18T10:00:00+05:30
spl_5568e6ff,exp_0895e5cc,usr_79248234,shares,1.8745,318.14,INR,settled,2026-06-21T10:00:00+05:30,2026-08-18T10:00:00+05:30
spl_d6c6fec2,exp_0895e5cc,usr_7f9533ad,shares,0.7895,133.99,INR,outstanding,,2026-08-18T10:00:00+05:30
spl_a7816d43,exp_2ca12977,usr_7b318031,custom,2.4104,145.03,BTN,outstanding,,2026-08-18T10:00:00+05:30
spl_d5172ef7,exp_2ca12977,usr_5b790166,custom,1.6335,98.28,BTN,outstanding,,2026-08-18T10:00:00+05:30
spl_3264da5d,exp_2ca12977,usr_6653b49e,custom,1.0582,63.67,BTN,outstanding,,2026-08-18T10:00:00+05:30
spl_7b2187bd,exp_3f64fcfd,usr_ca6dc019,percentage,2.4968,901.35,INR,outstanding,,2026-08-18T10:00:00+05:30
spl_cf82c43f,exp_a6f3a4f5,usr_05d0be25,custom,1.7149,112.11,AED,outstanding,,2026-08-18T10:00:00+05:30
spl_7e1d1eac,exp_b8808b9f,usr_c8025f92,equal,1,14059.60,JPY,outstanding,,2026-08-18T10:00:00+05:30
spl_735582ef,exp_2d9b43c6,usr_9c28ee85,equal,1,1857.99,INR,settled,2026-07-01T10:00:00+05:30,2026-08-18T10:00:00+05:30
spl_10f0cb7b,exp_a7629db8,usr_9de6bd6d,equal,1,544.36,INR,outstanding,,2026-08-18T10:00:00+05:30
spl_912e6888,exp_1510903e,usr_d504f21d,equal,1,67.86,QAR,outstanding,,2026-08-18T10:00:00+05:30
spl_217389aa,exp_608f43fb,usr_dcf3a4ae,equal,1,718.84,BTN,settled,2026-08-01T10:00:00+05:30,2026-08-18T10:00:00+05:30
spl_0075c56b,exp_e378f219,usr_fedbd227,equal,1,1259.68,INR,outstanding,,2026-08-18T10:00:00+05:30
spl_14b91d27,exp_0fb2e3c5,usr_2109396c,equal,1,7.54,SGD,outstanding,,2026-08-18T10:00:00+05:30
spl_611974ee,exp_0fb2e3c5,usr_aef2d4f6,equal,1,7.55,SGD,settled,2026-08-13T10:00:00+05:30,2026-08-18T10:00:00+05:30
spl_c4273c0c,exp_1827acb2,usr_a3f4f2d9,equal,1,957.63,INR,settled,2026-07-27T10:00:00+05:30,2026-08-18T10:00:00+05:30
spl_de05d807,exp_e990b644,usr_2aa556d6,equal,1,275.85,INR,settled,2026-08-09T10:00:00+05:30,2026-08-18T10:00:00+05:30
spl_d13c06c1,exp_b5affa78,usr_2fca7c46,equal,1,226.06,NPR,outstanding,,2026-08-18T10:00:00+05:30
spl_1f478d93,exp_b5affa78,usr_e6dcafe4,equal,1,226.05,NPR,outstanding,,2026-08-18T10:00:00+05:30
spl_a06e7fde,exp_b5affa78,usr_6c5b2519,equal,1,226.05,NPR,settled,2026-06-21T10:00:00+05:30,2026-08-18T10:00:00+05:30
spl_053eff11,exp_4f1b2bc9,usr_e10845c8,equal,1,781.82,INR,settled,2026-07-11T10:00:00+05:30,2026-08-18T10:00:00+05:30
spl_a9a1aad6,exp_9a9d1831,usr_4b9412c5,equal,1,1395.96,INR,outstanding,,2026-08-18T10:00:00+05:30
spl_fe9bdadb,exp_871a2e97,usr_157e58e7,equal,1,1551.20,INR,settled,2026-07-27T10:00:00+05:30,2026-08-18T10:00:00+05:30
spl_b1334ff5,exp_b7827c09,usr_05306731,equal,1,1308.00,INR,outstanding,,2026-08-18T10:00:00+05:30
spl_6763a768,exp_b7827c09,usr_e2966606,equal,1,1308.01,INR,outstanding,,2026-08-18T10:00:00+05:30
spl_964e1e68,exp_f266a1c6,usr_ddfd9a4a,custom,2.1262,656.60,INR,settled,2026-08-15T10:00:00+05:30,2026-08-18T10:00:00+05:30
spl_885f461c,exp_4e30cc6c,usr_f855344d,custom,1.4549,899.42,INR,outstanding,,2026-08-18T10:00:00+05:30
spl_56370299,exp_df9e14f0,usr_24e54a31,custom,1.1433,465.05,THB,settled,2026-07-04T10:00:00+05:30,2026-08-18T10:00:00+05:30
spl_2003869c,exp_e2a7c76c,usr_ee57ec9a,equal,1,1115.35,INR,settled,2026-08-05T10:00:00+05:30,2026-08-18T10:00:00+05:30
spl_94c16e48,exp_e2a7c76c,usr_c24f45f3,equal,1,1115.35,INR,outstanding,,2026-08-18T10:00:00+05:30
spl_c4534ace,exp_e2a7c76c,usr_87b11a4d,equal,1,1115.35,INR,settled,2026-07-08T10:00:00+05:30,2026-08-18T10:00:00+05:30
spl_25c928ba,exp_a7f76626,usr_1a6892bf,equal,1,320.25,INR,outstanding,,2026-08-18T10:00:00+05:30
spl_6ae1577e,exp_a7f76626,usr_96740172,equal,1,320.25,INR,outstanding,,2026-08-18T10:00:00+05:30
spl_d62fe3c4,exp_a7f76626,usr_08b8f8e9,equal,1,320.26,INR,settled,2026-08-09T10:00:00+05:30,2026-08-18T10:00:00+05:30
spl_50ab862a,exp_a7f76626,usr_b1b8dc45,equal,1,320.26,INR,outstanding,,2026-08-18T10:00:00+05:30
spl_f3f867e4,exp_9ace8621,usr_2b11a6c9,equal,1,405.48,INR,outstanding,,2026-08-18T10:00:00+05:30
spl_974a833d,exp_88d5fbdc,usr_f271c461,equal,1,3959.55,INR,settled,2026-06-30T10:00:00+05:30,2026-08-18T10:00:00+05:30
spl_4dc019f5,exp_deda75be,usr_7ad82b11,custom,2.2477,6721.91,INR,outstanding,,2026-08-18T10:00:00+05:30
spl_bbd0a901,exp_9e6c3c9c,usr_76c235d5,custom,2.1945,495.88,INR,outstanding,,2026-08-18T10:00:00+05:30
spl_71c9834c,exp_9e6c3c9c,usr_0c1ce238,custom,0.601,135.79,INR,outstanding,,2026-08-18T10:00:00+05:30
spl_89a61024,exp_2a18cae8,usr_98212b28,equal,1,308.08,INR,outstanding,,2026-08-18T10:00:00+05:30
spl_815b7b73,exp_2a18cae8,usr_b2c6fdd5,equal,1,308.09,INR,outstanding,,2026-08-18T10:00:00+05:30
spl_628c022f,exp_dabc4614,usr_ee605ce4,percentage,1.4878,310.25,INR,settled,2026-07-23T10:00:00+05:30,2026-08-18T10:00:00+05:30
spl_0a1ecc3a,exp_dabc4614,usr_be4ecc52,percentage,1.536,320.31,INR,outstanding,,2026-08-18T10:00:00+05:30
spl_4d961578,exp_dabc4614,usr_bff7bdb8,percentage,1.1356,236.81,INR,outstanding,,2026-08-18T10:00:00+05:30
spl_730ebc25,exp_dabc4614,usr_aebfb5b6,percentage,2.1312,444.43,INR,outstanding,,2026-08-18T10:00:00+05:30
spl_e6ce42c7,exp_f83e7661,usr_ae35e63d,equal,1,3510.76,INR,settled,2026-08-02T10:00:00+05:30,2026-08-18T10:00:00+05:30
spl_8f269632,exp_f83e7661,usr_701b0010,equal,1,3510.77,INR,outstanding,,2026-08-18T10:00:00+05:30
spl_117bf6d0,exp_3c627b2c,usr_72796feb,equal,1,61.88,THB,outstanding,,2026-08-18T10:00:00+05:30
spl_5cbefc48,exp_3c627b2c,usr_e6863416,equal,1,61.87,THB,outstanding,,2026-08-18T10:00:00+05:30
spl_ca1ca853,exp_3c627b2c,usr_2162d6ff,equal,1,61.87,THB,settled,2026-07-06T10:00:00+05:30,2026-08-18T10:00:00+05:30
spl_da9bb79b,exp_3c627b2c,usr_ce2e54f4,equal,1,61.87,THB,outstanding,,2026-08-18T10:00:00+05:30
spl_b079dcc1,exp_a74f7191,usr_424aaa79,equal,1,341.71,INR,settled,2026-08-10T10:00:00+05:30,2026-08-18T10:00:00+05:30
spl_06559eea,exp_8ae2dd85,usr_a4ca5f2e,equal,1,1.80,MYR,outstanding,,2026-08-18T10:00:00+05:30
spl_2ed6ce43,exp_8ae2dd85,usr_2209582f,equal,1,1.81,MYR,outstanding,,2026-08-18T10:00:00+05:30
spl_3f41c9a1,exp_8ae2dd85,usr_a352fc16,equal,1,1.81,MYR,outstanding,,2026-08-18T10:00:00+05:30
spl_f10d301c,exp_8ae2dd85,usr_3190040f,equal,1,1.81,MYR,outstanding,,2026-08-18T10:00:00+05:30
spl_0220d89b,exp_ebf7f6cd,usr_e851fdeb,shares,1.4277,613.26,INR,outstanding,,2026-08-18T10:00:00+05:30
spl_029def21,exp_ebf7f6cd,usr_5f1e6e1c,shares,0.7123,305.97,INR,outstanding,,2026-08-18T10:00:00+05:30
spl_734eb173,exp_ebf7f6cd,usr_ab81846d,shares,0.5576,239.53,INR,outstanding,,2026-08-18T10:00:00+05:30
spl_3801d939,exp_ebf7f6cd,usr_6043ede2,shares,0.7504,322.34,INR,outstanding,,2026-08-18T10:00:00+05:30
spl_40c1ea3c,exp_5c6aaedd,usr_d504f21d,equal,1,1230.24,INR,outstanding,,2026-08-18T10:00:00+05:30
spl_d5f7ec24,exp_f93f88b4,usr_36284ca0,percentage,1.9776,855.80,INR,outstanding,,2026-08-18T10:00:00+05:30
spl_67133c14,exp_f93f88b4,usr_6a108f4e,percentage,2.3721,1026.51,INR,outstanding,,2026-08-18T10:00:00+05:30
spl_9f98cb47,exp_f93f88b4,usr_beed67f9,percentage,1.449,627.04,INR,settled,2026-07-28T10:00:00+05:30,2026-08-18T10:00:00+05:30
spl_c4b1217d,exp_5e82dffc,usr_58d2b52f,shares,2.3787,282.03,MVR,settled,2026-08-16T10:00:00+05:30,2026-08-18T10:00:00+05:30
spl_bdf007a1,exp_3ee07902,usr_58d2b52f,equal,1,70.13,MVR,outstanding,,2026-08-18T10:00:00+05:30
spl_0d71611a,exp_9b090813,usr_ae35e63d,equal,1,800.72,INR,settled,2026-07-19T10:00:00+05:30,2026-08-18T10:00:00+05:30
spl_9de6fbf1,exp_9b090813,usr_701b0010,equal,1,800.73,INR,settled,2026-08-15T10:00:00+05:30,2026-08-18T10:00:00+05:30
spl_e08f09e0,exp_eee69e5d,usr_6c3fae7b,custom,2.2177,1691.36,INR,outstanding,,2026-08-18T10:00:00+05:30
spl_2333475e,exp_c23f50a1,usr_f353d290,equal,1,394.60,INR,outstanding,,2026-08-18T10:00:00+05:30
spl_82cbbe63,exp_c23f50a1,usr_b831f448,equal,1,394.60,INR,settled,2026-07-02T10:00:00+05:30,2026-08-18T10:00:00+05:30
spl_143199ae,exp_c23f50a1,usr_fa3a9dd6,equal,1,394.61,INR,settled,2026-07-27T10:00:00+05:30,2026-08-18T10:00:00+05:30
spl_f3d6588b,exp_c23f50a1,usr_78afc45f,equal,1,394.61,INR,settled,2026-06-23T10:00:00+05:30,2026-08-18T10:00:00+05:30
spl_9b6fc1be,exp_3b7a7ca0,usr_4f4d8587,percentage,0.6972,16.21,CHF,outstanding,,2026-08-18T10:00:00+05:30
spl_4630cdf6,exp_376f555d,usr_045378e4,custom,1.7599,582.57,INR,settled,2026-07-19T10:00:00+05:30,2026-08-18T10:00:00+05:30
spl_7981d43f,exp_376f555d,usr_0cae1422,custom,1.7842,590.65,INR,outstanding,,2026-08-18T10:00:00+05:30
spl_f3d300a1,exp_b66d54bf,usr_c24f45f3,equal,1,8151.93,INR,settled,2026-07-04T10:00:00+05:30,2026-08-18T10:00:00+05:30
spl_63db8a4a,exp_b2f8d90c,usr_dace411a,equal,1,383.06,INR,outstanding,,2026-08-18T10:00:00+05:30
spl_96f4c813,exp_b2f8d90c,usr_9694b4a3,equal,1,383.07,INR,settled,2026-06-28T10:00:00+05:30,2026-08-18T10:00:00+05:30
spl_406a3693,exp_b2f8d90c,usr_d20b2a69,equal,1,383.07,INR,outstanding,,2026-08-18T10:00:00+05:30
spl_eff1d076,exp_1298e36e,usr_2de68d4f,equal,1,801.19,INR,outstanding,,2026-08-18T10:00:00+05:30
spl_bc1b17f1,exp_1298e36e,usr_bedf358a,equal,1,801.20,INR,outstanding,,2026-08-18T10:00:00+05:30
spl_32d7576b,exp_1298e36e,usr_4caa1cc0,equal,1,801.20,INR,settled,2026-07-16T10:00:00+05:30,2026-08-18T10:00:00+05:30
spl_b635c5f4,exp_b302f166,usr_8e272905,shares,1.2397,277.27,INR,settled,2026-07-13T10:00:00+05:30,2026-08-18T10:00:00+05:30
spl_791f67a8,exp_b302f166,usr_df77fb8e,shares,2.0063,448.75,INR,settled,2026-07-18T10:00:00+05:30,2026-08-18T10:00:00+05:30
spl_e4261b75,exp_b302f166,usr_6c3fae7b,shares,0.8916,199.41,INR,outstanding,,2026-08-18T10:00:00+05:30
spl_d3ec8350,exp_3edf2d94,usr_ea269383,custom,0.5526,588.38,INR,settled,2026-08-11T10:00:00+05:30,2026-08-18T10:00:00+05:30
spl_dc9e7ac2,exp_3edf2d94,usr_57798fdb,custom,0.8534,908.60,INR,settled,2026-07-22T10:00:00+05:30,2026-08-18T10:00:00+05:30
spl_a600a761,exp_ef431abf,usr_5f22c672,equal,1,336.81,THB,settled,2026-07-04T10:00:00+05:30,2026-08-18T10:00:00+05:30
spl_11bcecc7,exp_ef431abf,usr_5d8450f0,equal,1,336.82,THB,outstanding,,2026-08-18T10:00:00+05:30
spl_a9a6d326,exp_3b4181b9,usr_ae35e63d,percentage,1.378,589.83,INR,settled,2026-08-17T10:00:00+05:30,2026-08-18T10:00:00+05:30
spl_69e7b551,exp_3b4181b9,usr_895960e2,percentage,2.0452,875.39,INR,outstanding,,2026-08-18T10:00:00+05:30
spl_ff248c67,exp_c7154ec4,usr_1f0f9af9,equal,1,1349.23,INR,settled,2026-06-20T10:00:00+05:30,2026-08-18T10:00:00+05:30
spl_6279aeac,exp_c7154ec4,usr_228f37bd,equal,1,1349.24,INR,outstanding,,2026-08-18T10:00:00+05:30
spl_d9a7b6d9,exp_28ce6f64,usr_f855344d,custom,1.6989,453.63,INR,settled,2026-07-16T10:00:00+05:30,2026-08-18T10:00:00+05:30
spl_aecdd0cc,exp_636fa533,usr_c8025f92,custom,1.911,3101.43,NPR,written_off,,2026-08-18T10:00:00+05:30
spl_d9c9d039,exp_5c07b52f,usr_72dfb712,equal,1,3898.31,INR,outstanding,,2026-08-18T10:00:00+05:30
spl_c9e80b72,exp_7db4ece4,usr_96a8d3c5,equal,1,136.52,INR,outstanding,,2026-08-18T10:00:00+05:30
spl_271dcccb,exp_7db4ece4,usr_7e72b295,equal,1,136.53,INR,outstanding,,2026-08-18T10:00:00+05:30
spl_57b50eb3,exp_7db4ece4,usr_def0c99e,equal,1,136.53,INR,outstanding,,2026-08-18T10:00:00+05:30
spl_f7d61865,exp_7db4ece4,usr_a386ca28,equal,1,136.53,INR,outstanding,,2026-08-18T10:00:00+05:30
spl_03483844,exp_9da7dfc1,usr_b8c5bfe0,equal,1,1059.52,INR,outstanding,,2026-08-18T10:00:00+05:30
spl_795ad514,exp_44d83321,usr_c4dc3602,equal,1,1581.07,INR,settled,2026-07-01T10:00:00+05:30,2026-08-18T10:00:00+05:30
spl_95b1e1c3,exp_1b9144dc,usr_d8cab59f,equal,1,61918.57,IDR,settled,2026-06-21T10:00:00+05:30,2026-08-18T10:00:00+05:30
spl_fd698962,exp_1b9144dc,usr_96a8d3c5,equal,1,61918.57,IDR,settled,2026-08-11T10:00:00+05:30,2026-08-18T10:00:00+05:30
spl_73d8062c,exp_1b9144dc,usr_9db3efff,equal,1,61918.58,IDR,settled,2026-07-27T10:00:00+05:30,2026-08-18T10:00:00+05:30
spl_ff0851cc,exp_1b9144dc,usr_3c2f4109,equal,1,61918.58,IDR,settled,2026-07-25T10:00:00+05:30,2026-08-18T10:00:00+05:30
spl_57126b15,exp_19fa855b,usr_7af1e427,percentage,2.3975,5862.26,INR,outstanding,,2026-08-18T10:00:00+05:30
spl_0655b903,exp_1902daf3,usr_701b0010,equal,1,1032.85,INR,settled,2026-06-22T10:00:00+05:30,2026-08-18T10:00:00+05:30
spl_46bf7092,exp_e1a353dc,usr_e2490a9e,equal,1,515.14,INR,settled,2026-08-09T10:00:00+05:30,2026-08-18T10:00:00+05:30
spl_5d74ecff,exp_e1a353dc,usr_6c3fae7b,equal,1,515.14,INR,outstanding,,2026-08-18T10:00:00+05:30
spl_42a28174,exp_8f3dbea6,usr_abeaa148,equal,1,891.56,INR,outstanding,,2026-08-18T10:00:00+05:30
spl_38a02b49,exp_8f3dbea6,usr_4cb26745,equal,1,891.56,INR,outstanding,,2026-08-18T10:00:00+05:30
spl_394fe808,exp_8f3dbea6,usr_e10845c8,equal,1,891.56,INR,settled,2026-06-22T10:00:00+05:30,2026-08-18T10:00:00+05:30
spl_eba42263,exp_8f3dbea6,usr_de5d9e34,equal,1,891.56,INR,settled,2026-08-10T10:00:00+05:30,2026-08-18T10:00:00+05:30
spl_62d70e80,exp_1be69b14,usr_ca24d130,custom,1.7895,9817.56,INR,outstanding,,2026-08-18T10:00:00+05:30
spl_d4dada24,exp_18e0656c,usr_24f139e5,custom,1.98,329.66,INR,settled,2026-07-21T10:00:00+05:30,2026-08-18T10:00:00+05:30
spl_fe9217bb,exp_18e0656c,usr_157e58e7,custom,2.3057,383.89,INR,outstanding,,2026-08-18T10:00:00+05:30
spl_1b4147cb,exp_3fc4bdc2,usr_3d56531d,equal,1,4699.95,INR,settled,2026-07-16T10:00:00+05:30,2026-08-18T10:00:00+05:30
spl_2b31fbec,exp_3fc4bdc2,usr_29dfdea3,equal,1,4699.95,INR,outstanding,,2026-08-18T10:00:00+05:30
spl_b5f8d724,exp_d3680115,usr_8add6423,equal,1,2409.76,INR,outstanding,,2026-08-18T10:00:00+05:30
spl_4e033b39,exp_d3680115,usr_2808d36a,equal,1,2409.77,INR,outstanding,,2026-08-18T10:00:00+05:30
spl_8156bc8e,exp_d3680115,usr_d504f21d,equal,1,2409.77,INR,settled,2026-07-08T10:00:00+05:30,2026-08-18T10:00:00+05:30
spl_e57f45ce,exp_d3680115,usr_6bf6f0c2,equal,1,2409.77,INR,outstanding,,2026-08-18T10:00:00+05:30
spl_445982c4,exp_54ee9b3c,usr_8cace6bd,percentage,1.3279,289.47,NPR,outstanding,,2026-08-18T10:00:00+05:30
spl_e7f9e784,exp_54ee9b3c,usr_78bb2d82,percentage,0.5895,128.52,NPR,outstanding,,2026-08-18T10:00:00+05:30
spl_86a3c75d,exp_54ee9b3c,usr_6cdfb2c8,percentage,1.9456,424.15,NPR,outstanding,,2026-08-18T10:00:00+05:30
spl_09ed5b99,exp_54ee9b3c,usr_737d4dab,percentage,2.1406,466.64,NPR,outstanding,,2026-08-18T10:00:00+05:30
spl_1fd63428,exp_23f84b7a,usr_76ac5087,percentage,1.0371,1228.31,INR,outstanding,,2026-08-18T10:00:00+05:30
spl_0c361118,exp_87038743,usr_90a46b92,equal,1,291.88,LKR,outstanding,,2026-08-18T10:00:00+05:30
spl_851f44d7,exp_87038743,usr_afaebefa,equal,1,291.88,LKR,settled,2026-06-21T10:00:00+05:30,2026-08-18T10:00:00+05:30
spl_44dc30e2,exp_87038743,usr_3127972d,equal,1,291.89,LKR,outstanding,,2026-08-18T10:00:00+05:30
spl_1d12b730,exp_87038743,usr_6dabe38f,equal,1,291.89,LKR,settled,2026-07-03T10:00:00+05:30,2026-08-18T10:00:00+05:30
spl_6b073224,exp_a839d3e0,usr_c582abb2,equal,1,577.41,INR,outstanding,,2026-08-18T10:00:00+05:30
spl_b14bcfda,exp_64e28d87,usr_5307f01f,custom,2.2516,1359.84,INR,outstanding,,2026-08-18T10:00:00+05:30
spl_a7f32e4d,exp_1c8ef794,usr_a3f4f2d9,equal,1,767.02,INR,settled,2026-06-24T10:00:00+05:30,2026-08-18T10:00:00+05:30
spl_7b20a709,exp_1c8ef794,usr_02d5e350,equal,1,767.02,INR,outstanding,,2026-08-18T10:00:00+05:30
spl_355b5e2d,exp_1c8ef794,usr_9c898903,equal,1,767.02,INR,settled,2026-07-11T10:00:00+05:30,2026-08-18T10:00:00+05:30
spl_26f4ac37,exp_4f1dd82b,usr_e27e3b52,equal,1,541.58,INR,outstanding,,2026-08-18T10:00:00+05:30
spl_772fc086,exp_7ef86604,usr_ae35e63d,equal,1,563.79,INR,outstanding,,2026-08-18T10:00:00+05:30
spl_643a1928,exp_7ef86604,usr_895960e2,equal,1,563.80,INR,outstanding,,2026-08-18T10:00:00+05:30
spl_d4f8856d,exp_78dd16d9,usr_cb0928ac,custom,1.4031,24.47,AED,outstanding,,2026-08-18T10:00:00+05:30
spl_293ee6da,exp_78dd16d9,usr_4794174d,custom,1.834,31.99,AED,outstanding,,2026-08-18T10:00:00+05:30
spl_81adc22a,exp_78dd16d9,usr_f3d35bfe,custom,1.3579,23.69,AED,outstanding,,2026-08-18T10:00:00+05:30
spl_f55a9d9a,exp_102e12a6,usr_f855344d,percentage,1.5811,3468.40,INR,settled,2026-07-16T10:00:00+05:30,2026-08-18T10:00:00+05:30
spl_534ebadc,exp_b0392a80,usr_b4a877b0,equal,1,132.03,QAR,settled,2026-08-13T10:00:00+05:30,2026-08-18T10:00:00+05:30
spl_10506486,exp_cf81b68a,usr_b8c5bfe0,equal,1,544.73,INR,outstanding,,2026-08-18T10:00:00+05:30
spl_4ed19f0d,exp_c4b1d3f7,usr_22e61dad,percentage,2.3308,4896.82,INR,outstanding,,2026-08-18T10:00:00+05:30
spl_0820265e,exp_9433f36c,usr_810e7b81,equal,1,114.75,INR,outstanding,,2026-08-18T10:00:00+05:30
spl_e12331c1,exp_9433f36c,usr_21525b93,equal,1,114.76,INR,outstanding,,2026-08-18T10:00:00+05:30
spl_0d8d206f,exp_9433f36c,usr_5f1e6e1c,equal,1,114.76,INR,settled,2026-07-25T10:00:00+05:30,2026-08-18T10:00:00+05:30
spl_b38e417a,exp_f0690b78,usr_8af9206e,equal,1,2034.23,INR,settled,2026-07-27T10:00:00+05:30,2026-08-18T10:00:00+05:30
spl_0d6be3a8,exp_6f89ba3a,usr_0389057b,custom,0.8677,397.98,INR,outstanding,,2026-08-18T10:00:00+05:30
spl_0b8e8960,exp_61c966b9,usr_1b4fe68e,shares,2.3956,2125.50,LKR,outstanding,,2026-08-18T10:00:00+05:30
spl_8bbac7b7,exp_aa5677ef,usr_b452b228,equal,1,5240.70,INR,outstanding,,2026-08-18T10:00:00+05:30
spl_03a98d9b,exp_d210c331,usr_9115fc7c,shares,2.3292,969.77,INR,outstanding,,2026-08-18T10:00:00+05:30
spl_af072f3f,exp_8d60f0a4,usr_268fdb85,equal,1,1379.82,INR,outstanding,,2026-08-18T10:00:00+05:30
spl_cd9bd155,exp_8d60f0a4,usr_1805266d,equal,1,1379.82,INR,settled,2026-06-27T10:00:00+05:30,2026-08-18T10:00:00+05:30
spl_318de0cb,exp_8d60f0a4,usr_6479c45c,equal,1,1379.83,INR,settled,2026-06-30T10:00:00+05:30,2026-08-18T10:00:00+05:30
spl_38b36feb,exp_8d60f0a4,usr_2bd5e70b,equal,1,1379.83,INR,outstanding,,2026-08-18T10:00:00+05:30
spl_59cece77,exp_487567a1,usr_0000ca76,custom,0.9309,636.16,INR,outstanding,,2026-08-18T10:00:00+05:30
spl_f3d3fc8e,exp_ef6c034d,usr_bbd1ced8,custom,0.9872,1014.21,INR,settled,2026-07-24T10:00:00+05:30,2026-08-18T10:00:00+05:30
spl_e51c48d8,exp_1e062cc2,usr_40edb5af,equal,1,84.88,AED,outstanding,,2026-08-18T10:00:00+05:30
spl_b9798459,exp_1e062cc2,usr_5f22c672,equal,1,84.88,AED,outstanding,,2026-08-18T10:00:00+05:30
spl_ff4ae207,exp_7a6cece1,usr_ee57ec9a,equal,1,5365.38,INR,outstanding,,2026-08-18T10:00:00+05:30
spl_ddceb47b,exp_b261585c,usr_64eaee79,equal,1,63.41,INR,settled,2026-08-09T10:00:00+05:30,2026-08-18T10:00:00+05:30
spl_a1aa7b68,exp_b261585c,usr_525b1d3c,equal,1,63.41,INR,outstanding,,2026-08-18T10:00:00+05:30
spl_cb1226f3,exp_b261585c,usr_2433031a,equal,1,63.42,INR,outstanding,,2026-08-18T10:00:00+05:30
spl_99b2b9fe,exp_b261585c,usr_50bced56,equal,1,63.42,INR,settled,2026-06-26T10:00:00+05:30,2026-08-18T10:00:00+05:30
spl_e7bc1ace,exp_5b75e002,usr_beeb010f,equal,1,331.13,INR,outstanding,,2026-08-18T10:00:00+05:30
spl_748e3fd5,exp_5b75e002,usr_9cb9eedc,equal,1,331.14,INR,outstanding,,2026-08-18T10:00:00+05:30
spl_40ffbe98,exp_ee416afc,usr_8ddbc4ab,shares,0.8295,1571.12,INR,outstanding,,2026-08-18T10:00:00+05:30
spl_0c33382e,exp_ee416afc,usr_db93de1b,shares,0.864,1636.61,INR,outstanding,,2026-08-18T10:00:00+05:30
spl_03712529,exp_ee416afc,usr_712600f0,shares,0.8365,1584.36,INR,outstanding,,2026-08-18T10:00:00+05:30
spl_4cf370e7,exp_ee416afc,usr_e47b6104,shares,1.8019,3413.03,INR,outstanding,,2026-08-18T10:00:00+05:30
spl_4edd5fc3,exp_26e613e3,usr_41431693,equal,1,114.98,AED,outstanding,,2026-08-18T10:00:00+05:30
spl_6a9c347f,exp_bc2e2cfd,usr_520d9624,shares,2.1391,6210.17,INR,settled,2026-07-21T10:00:00+05:30,2026-08-18T10:00:00+05:30
spl_3f0f9b21,exp_6ce9094c,usr_18a2e06d,shares,2.2993,1905.89,INR,settled,2026-06-30T10:00:00+05:30,2026-08-18T10:00:00+05:30
spl_db4da590,exp_abcc91c3,usr_756ce6b3,custom,1.3454,41.69,QAR,outstanding,,2026-08-18T10:00:00+05:30
spl_c11be642,exp_abcc91c3,usr_e9d7fa81,custom,1.0806,33.48,QAR,outstanding,,2026-08-18T10:00:00+05:30
spl_5acb7137,exp_abcc91c3,usr_36c3dbed,custom,2.39,74.06,QAR,outstanding,,2026-08-18T10:00:00+05:30
spl_b0061050,exp_18e90ec0,usr_58d2b52f,equal,1,342.30,INR,outstanding,,2026-08-18T10:00:00+05:30
spl_f083aa7f,exp_18e90ec0,usr_79248234,equal,1,342.30,INR,outstanding,,2026-08-18T10:00:00+05:30
spl_699560ad,exp_18e90ec0,usr_ae3758b7,equal,1,342.30,INR,outstanding,,2026-08-18T10:00:00+05:30
spl_5a31ae87,exp_a51478d0,usr_77e91c3a,equal,1,808.23,INR,settled,2026-08-09T10:00:00+05:30,2026-08-18T10:00:00+05:30
spl_75c34291,exp_f60a0469,usr_fe056e56,equal,1,2062.86,INR,outstanding,,2026-08-18T10:00:00+05:30
spl_6310f864,exp_5166ffae,usr_61710d50,equal,1,524.76,INR,outstanding,,2026-08-18T10:00:00+05:30
spl_ff4358e7,exp_5166ffae,usr_a7185e16,equal,1,524.77,INR,settled,2026-08-01T10:00:00+05:30,2026-08-18T10:00:00+05:30
spl_51c17c46,exp_5166ffae,usr_df582802,equal,1,524.77,INR,outstanding,,2026-08-18T10:00:00+05:30
spl_2e62382e,exp_5a5f033b,usr_f9060fbb,percentage,1.6993,940.85,INR,settled,2026-07-02T10:00:00+05:30,2026-08-18T10:00:00+05:30
spl_d3bcf41c,exp_f2707f05,usr_dc032205,equal,1,446.44,INR,settled,2026-07-20T10:00:00+05:30,2026-08-18T10:00:00+05:30
spl_9f4c22b0,exp_f2707f05,usr_a9008871,equal,1,446.45,INR,settled,2026-07-24T10:00:00+05:30,2026-08-18T10:00:00+05:30
spl_59979aff,exp_f2707f05,usr_81ed406f,equal,1,446.45,INR,settled,2026-06-26T10:00:00+05:30,2026-08-18T10:00:00+05:30
spl_687b6833,exp_f2707f05,usr_a93726c0,equal,1,446.45,INR,settled,2026-07-09T10:00:00+05:30,2026-08-18T10:00:00+05:30
spl_5ae43076,exp_5b15861a,usr_6303c026,custom,1.403,1053.83,INR,outstanding,,2026-08-18T10:00:00+05:30
spl_ea882f17,exp_71092d0e,usr_bc4b67f6,equal,1,374.56,INR,outstanding,,2026-08-18T10:00:00+05:30
spl_a4a06c57,exp_71092d0e,usr_7edfea3c,equal,1,374.57,INR,outstanding,,2026-08-18T10:00:00+05:30
spl_e26f9340,exp_5ba6f9c5,usr_8e84ba7a,percentage,1.4826,267.68,INR,settled,2026-07-06T10:00:00+05:30,2026-08-18T10:00:00+05:30
spl_5db9a9e0,exp_5ba6f9c5,usr_7faf6134,percentage,2.021,364.88,INR,settled,2026-07-04T10:00:00+05:30,2026-08-18T10:00:00+05:30
spl_76dbb8ec,exp_5ba6f9c5,usr_53cbafa7,percentage,1.9147,345.69,INR,outstanding,,2026-08-18T10:00:00+05:30
spl_4237f156,exp_cc254af8,usr_bedf358a,equal,1,159.37,INR,outstanding,,2026-08-18T10:00:00+05:30
spl_6a061748,exp_cc254af8,usr_a386ca28,equal,1,159.37,INR,outstanding,,2026-08-18T10:00:00+05:30
spl_f28eef74,exp_54bd20d9,usr_72796feb,shares,1.1926,189.79,INR,settled,2026-06-28T10:00:00+05:30,2026-08-18T10:00:00+05:30
spl_11ca66a1,exp_54bd20d9,usr_e6863416,shares,1.7741,282.33,INR,settled,2026-07-08T10:00:00+05:30,2026-08-18T10:00:00+05:30
spl_063421ab,exp_54bd20d9,usr_2162d6ff,shares,1.1011,175.23,INR,settled,2026-07-11T10:00:00+05:30,2026-08-18T10:00:00+05:30
spl_0def415f,exp_54bd20d9,usr_ce2e54f4,shares,1.7877,284.49,INR,settled,2026-07-17T10:00:00+05:30,2026-08-18T10:00:00+05:30
spl_53190eb6,exp_fdf8bad4,usr_cb0928ac,custom,1.7432,95.73,AED,settled,2026-07-08T10:00:00+05:30,2026-08-18T10:00:00+05:30
spl_6eb46bf7,exp_fdf8bad4,usr_4794174d,custom,1.7125,94.05,AED,outstanding,,2026-08-18T10:00:00+05:30
spl_99d28db2,exp_fdf8bad4,usr_f3d35bfe,custom,2.4366,133.81,AED,outstanding,,2026-08-18T10:00:00+05:30
spl_57beedbb,exp_305e7a89,usr_9473419d,equal,1,985.01,INR,settled,2026-06-21T10:00:00+05:30,2026-08-18T10:00:00+05:30
spl_1b2a41a1,exp_03a71d91,usr_7af1e427,percentage,2.4616,3922.85,INR,outstanding,,2026-08-18T10:00:00+05:30
spl_9873d8da,exp_8b6d75a7,usr_651a4d17,percentage,0.9594,2120.05,INR,outstanding,,2026-08-18T10:00:00+05:30
spl_5d20971d,exp_8b6d75a7,usr_62a77a41,percentage,1.988,4393.28,INR,outstanding,,2026-08-18T10:00:00+05:30
spl_1b158b75,exp_5da8fab3,usr_3d56531d,equal,1,621.29,INR,settled,2026-08-16T10:00:00+05:30,2026-08-18T10:00:00+05:30
spl_9c7fa16c,exp_5da8fab3,usr_29dfdea3,equal,1,621.29,INR,settled,2026-07-19T10:00:00+05:30,2026-08-18T10:00:00+05:30
spl_c3c21075,exp_b3b83740,usr_76c235d5,shares,1.406,1713.86,INR,settled,2026-08-01T10:00:00+05:30,2026-08-18T10:00:00+05:30
spl_4b92dba4,exp_e08047a7,usr_63531f2d,shares,1.9521,1061.35,INR,outstanding,,2026-08-18T10:00:00+05:30
spl_e2c62f85,exp_e08047a7,usr_51983e08,shares,0.9179,499.05,INR,outstanding,,2026-08-18T10:00:00+05:30
spl_6a916562,exp_a32d0a0c,usr_65303113,equal,1,120.79,INR,settled,2026-08-09T10:00:00+05:30,2026-08-18T10:00:00+05:30
spl_727f175b,exp_a32d0a0c,usr_7b03ee88,equal,1,120.80,INR,outstanding,,2026-08-18T10:00:00+05:30
spl_d45352a2,exp_a32d0a0c,usr_72d88a70,equal,1,120.80,INR,outstanding,,2026-08-18T10:00:00+05:30
spl_3b531764,exp_3b16b0d2,usr_67de0711,custom,1.6699,1111.03,INR,settled,2026-07-06T10:00:00+05:30,2026-08-18T10:00:00+05:30
spl_8fd251a1,exp_d5d439c9,usr_c8025f92,equal,1,1719.19,NPR,outstanding,,2026-08-18T10:00:00+05:30
spl_8b5878df,exp_0ab719ea,usr_7f9533ad,custom,1.1293,194187.47,IDR,outstanding,,2026-08-18T10:00:00+05:30
spl_515e78fe,exp_0ab719ea,usr_749f5098,custom,0.535,91985.15,IDR,settled,2026-07-02T10:00:00+05:30,2026-08-18T10:00:00+05:30
spl_2c2d2fc3,exp_0ab719ea,usr_7fa0a9c6,custom,2.1016,361356.52,IDR,settled,2026-06-24T10:00:00+05:30,2026-08-18T10:00:00+05:30
spl_974851ea,exp_0ab719ea,usr_79248234,custom,2.1709,373275.84,IDR,outstanding,,2026-08-18T10:00:00+05:30
spl_b2cfd364,exp_32f2dfc2,usr_99adb626,equal,1,1016.34,NPR,outstanding,,2026-08-18T10:00:00+05:30
spl_3b916ce8,exp_27737287,usr_aaf1c470,equal,1,528.35,INR,outstanding,,2026-08-18T10:00:00+05:30
spl_17cd8f83,exp_27737287,usr_b3f2baa1,equal,1,528.36,INR,outstanding,,2026-08-18T10:00:00+05:30
spl_76dbf40c,exp_5b4f82cb,usr_5f3244b4,custom,1.4721,164.80,INR,settled,2026-07-13T10:00:00+05:30,2026-08-18T10:00:00+05:30
spl_3c76c00d,exp_5b4f82cb,usr_b8779399,custom,2.4057,269.32,INR,settled,2026-07-20T10:00:00+05:30,2026-08-18T10:00:00+05:30
spl_e2c5913d,exp_02e64c4d,usr_29fdaeb0,equal,1,7253.94,INR,outstanding,,2026-08-18T10:00:00+05:30
spl_6f8ca858,exp_b81ce11c,usr_2433031a,custom,0.7289,1870.07,NPR,outstanding,,2026-08-18T10:00:00+05:30
spl_d3f771a4,exp_c6509b73,usr_58d2b52f,equal,1,48.65,MVR,settled,2026-06-22T10:00:00+05:30,2026-08-18T10:00:00+05:30
spl_26043583,exp_02f2c58d,usr_32a5a217,custom,0.8581,1064.72,INR,outstanding,,2026-08-18T10:00:00+05:30
spl_6611c63e,exp_2dc0ef46,usr_e21b6644,custom,0.5346,719.70,INR,settled,2026-07-27T10:00:00+05:30,2026-08-18T10:00:00+05:30
spl_3428a0f2,exp_2dc0ef46,usr_55b114d5,custom,2.2144,2981.20,INR,settled,2026-07-27T10:00:00+05:30,2026-08-18T10:00:00+05:30
spl_b55788d7,exp_e49dd7cb,usr_656b5a35,percentage,0.5633,86.45,NPR,settled,2026-06-25T10:00:00+05:30,2026-08-18T10:00:00+05:30
spl_d3d04129,exp_e49dd7cb,usr_7edfea3c,percentage,1.2187,187.06,NPR,settled,2026-07-16T10:00:00+05:30,2026-08-18T10:00:00+05:30
spl_eac150f3,exp_e49dd7cb,usr_66a4a013,percentage,2.1853,335.42,NPR,outstanding,,2026-08-18T10:00:00+05:30
spl_1072037f,exp_e49dd7cb,usr_5e9a11a1,percentage,2.3555,361.53,NPR,outstanding,,2026-08-18T10:00:00+05:30
spl_d30bc853,exp_f3e7508a,usr_6e3b5c10,equal,1,6323.59,INR,settled,2026-07-31T10:00:00+05:30,2026-08-18T10:00:00+05:30
spl_def25840,exp_6b65b1f5,usr_b204c453,equal,1,283.03,INR,settled,2026-07-11T10:00:00+05:30,2026-08-18T10:00:00+05:30
spl_7d137128,exp_6b65b1f5,usr_e0440f90,equal,1,283.02,INR,settled,2026-07-19T10:00:00+05:30,2026-08-18T10:00:00+05:30
spl_1565fdee,exp_6b65b1f5,usr_29b0484e,equal,1,283.02,INR,outstanding,,2026-08-18T10:00:00+05:30
spl_60ee9133,exp_6b65b1f5,usr_9d32306d,equal,1,283.02,INR,outstanding,,2026-08-18T10:00:00+05:30
spl_71aec252,exp_99e2aefe,usr_b829ab46,equal,1,179.49,INR,outstanding,,2026-08-18T10:00:00+05:30
spl_beadae99,exp_99e2aefe,usr_7101a5b5,equal,1,179.50,INR,settled,2026-07-30T10:00:00+05:30,2026-08-18T10:00:00+05:30
spl_fcb570e3,exp_2d94be46,usr_ddfd9a4a,equal,1,354.99,INR,settled,2026-08-10T10:00:00+05:30,2026-08-18T10:00:00+05:30
spl_c79c00a5,exp_31de1d07,usr_abfc225a,equal,1,1327.78,INR,outstanding,,2026-08-18T10:00:00+05:30
spl_107727b3,exp_31de1d07,usr_d32b1be5,equal,1,1327.77,INR,settled,2026-06-26T10:00:00+05:30,2026-08-18T10:00:00+05:30
spl_32c3d280,exp_31de1d07,usr_fc3617c0,equal,1,1327.77,INR,outstanding,,2026-08-18T10:00:00+05:30
spl_475f8bd5,exp_31de1d07,usr_e1ee0c13,equal,1,1327.77,INR,settled,2026-07-01T10:00:00+05:30,2026-08-18T10:00:00+05:30
spl_1e6ae568,exp_2978a2e4,usr_fd8f7b49,shares,1.1243,138.49,INR,outstanding,,2026-08-18T10:00:00+05:30
spl_0fba6c30,exp_2978a2e4,usr_8e272905,shares,2.2164,273.00,INR,outstanding,,2026-08-18T10:00:00+05:30
spl_caf8c530,exp_fda34ec2,usr_c24f45f3,percentage,2.4057,8992.04,INR,outstanding,,2026-08-18T10:00:00+05:30
spl_30c237ba,exp_519e7f56,usr_4e65d08a,shares,2.2995,352.67,INR,outstanding,,2026-08-18T10:00:00+05:30
spl_53cd6747,exp_519e7f56,usr_e459a18c,shares,2.2215,340.70,INR,outstanding,,2026-08-18T10:00:00+05:30
spl_a13211f7,exp_519e7f56,usr_633c636b,shares,1.4622,224.26,INR,settled,2026-07-10T10:00:00+05:30,2026-08-18T10:00:00+05:30
spl_fce182c4,exp_74625636,usr_1cec1f14,equal,1,456.68,INR,settled,2026-08-05T10:00:00+05:30,2026-08-18T10:00:00+05:30
spl_b3989ff3,exp_74625636,usr_2a2841d1,equal,1,456.69,INR,settled,2026-06-30T10:00:00+05:30,2026-08-18T10:00:00+05:30
spl_0790563b,exp_89f112b5,usr_17b45921,equal,1,265.52,AED,settled,2026-07-09T10:00:00+05:30,2026-08-18T10:00:00+05:30
spl_e1962ea9,exp_bdd16961,usr_7101a5b5,equal,1,393.14,INR,settled,2026-08-12T10:00:00+05:30,2026-08-18T10:00:00+05:30
spl_611465e6,exp_bdd16961,usr_1f2ffeef,equal,1,393.15,INR,settled,2026-07-21T10:00:00+05:30,2026-08-18T10:00:00+05:30
spl_fd33be96,exp_8dfba80b,usr_e076a69d,equal,1,644.26,INR,settled,2026-07-03T10:00:00+05:30,2026-08-18T10:00:00+05:30
spl_84fa0aff,exp_7323ace8,usr_1501196b,shares,0.7168,2550.58,INR,outstanding,,2026-08-18T10:00:00+05:30
spl_6d050aec,exp_58b46664,usr_49c29e32,equal,1,740.80,INR,outstanding,,2026-08-18T10:00:00+05:30
spl_6b529003,exp_1f9bfac8,usr_5f1e6e1c,equal,1,4585.55,JPY,settled,2026-07-20T10:00:00+05:30,2026-08-18T10:00:00+05:30
spl_a9f9630b,exp_9fb1bbab,usr_36c3dbed,equal,1,2767.76,INR,settled,2026-08-01T10:00:00+05:30,2026-08-18T10:00:00+05:30
spl_435f515e,exp_80fb239b,usr_243cefe8,equal,1,87.69,CHF,settled,2026-07-05T10:00:00+05:30,2026-08-18T10:00:00+05:30
spl_2e0e8b21,exp_0e232b16,usr_540d307a,percentage,1.25,321.29,INR,settled,2026-08-16T10:00:00+05:30,2026-08-18T10:00:00+05:30
spl_b1c7929e,exp_0e232b16,usr_f52d271a,percentage,1.5722,404.12,INR,settled,2026-08-03T10:00:00+05:30,2026-08-18T10:00:00+05:30
spl_9ef74aeb,exp_0e232b16,usr_a9e888d0,percentage,1.906,489.90,INR,outstanding,,2026-08-18T10:00:00+05:30
spl_a4fc7465,exp_68351ca0,usr_65303113,equal,1,213.21,INR,outstanding,,2026-08-18T10:00:00+05:30
spl_735c10cd,exp_68351ca0,usr_a2df7150,equal,1,213.22,INR,settled,2026-07-08T10:00:00+05:30,2026-08-18T10:00:00+05:30
spl_311aa605,exp_68351ca0,usr_5b790166,equal,1,213.22,INR,outstanding,,2026-08-18T10:00:00+05:30
spl_c0bf8ce4,exp_640a51ae,usr_2da5bb04,percentage,1.469,5336.70,INR,outstanding,,2026-08-18T10:00:00+05:30
spl_23259f0b,exp_15db331e,usr_157e58e7,percentage,1.4411,726.66,INR,settled,2026-07-30T10:00:00+05:30,2026-08-18T10:00:00+05:30
spl_827a0a46,exp_fadc47e6,usr_e2966606,equal,1,2067.08,INR,settled,2026-06-20T10:00:00+05:30,2026-08-18T10:00:00+05:30
spl_d8079947,exp_ddfcc8b8,usr_14c738e0,shares,1.5469,1032.84,INR,outstanding,,2026-08-18T10:00:00+05:30
spl_09c59d82,exp_75a4a8d0,usr_e076a69d,equal,1,284.22,INR,outstanding,,2026-08-18T10:00:00+05:30
spl_999d7dd0,exp_75a4a8d0,usr_85c09ee4,equal,1,284.22,INR,outstanding,,2026-08-18T10:00:00+05:30
spl_fc8f880b,exp_a9cb6222,usr_2c93ab7f,equal,1,872.40,INR,settled,2026-07-13T10:00:00+05:30,2026-08-18T10:00:00+05:30
spl_755765eb,exp_01514b39,usr_57995796,equal,1,432.98,INR,outstanding,,2026-08-18T10:00:00+05:30
spl_57033474,exp_3c44c92a,usr_e572b881,custom,0.8786,223.66,THB,settled,2026-07-08T10:00:00+05:30,2026-08-18T10:00:00+05:30
spl_e1414d52,exp_b10029eb,usr_0389057b,custom,2.0739,1326.67,INR,settled,2026-08-16T10:00:00+05:30,2026-08-18T10:00:00+05:30
spl_2763051d,exp_979acd71,usr_e8f563b9,custom,1.7615,7536.36,INR,outstanding,,2026-08-18T10:00:00+05:30
spl_a6bdc12c,exp_04ed6c81,usr_4b9412c5,equal,1,7192.29,INR,outstanding,,2026-08-18T10:00:00+05:30
spl_e41d873f,exp_ce7e6efb,usr_96740172,equal,1,483.47,INR,written_off,,2026-08-18T10:00:00+05:30
spl_e37cac83,exp_ce7e6efb,usr_ab2353de,equal,1,483.47,INR,settled,2026-07-21T10:00:00+05:30,2026-08-18T10:00:00+05:30
spl_a6fa5151,exp_4a83cff7,usr_b831f448,percentage,2.0331,2298.45,INR,settled,2026-07-12T10:00:00+05:30,2026-08-18T10:00:00+05:30
spl_aaaae5a1,exp_4a83cff7,usr_7cb81b2c,percentage,2.3161,2618.41,INR,settled,2026-06-25T10:00:00+05:30,2026-08-18T10:00:00+05:30
spl_91075a0c,exp_4a83cff7,usr_8f81432c,percentage,1.3822,1562.63,INR,outstanding,,2026-08-18T10:00:00+05:30
spl_7b927332,exp_4a83cff7,usr_2209582f,percentage,1.1325,1280.33,INR,outstanding,,2026-08-18T10:00:00+05:30
spl_fe297607,exp_3474b37a,usr_5527167d,equal,1,1580.05,INR,outstanding,,2026-08-18T10:00:00+05:30
spl_800c8be8,exp_ac952b67,usr_3d92578a,shares,1.7,1367.47,INR,outstanding,,2026-08-18T10:00:00+05:30
spl_f74472f0,exp_2f3050d2,usr_01d12bc2,equal,1,82.12,INR,settled,2026-08-17T10:00:00+05:30,2026-08-18T10:00:00+05:30
spl_48b951ec,exp_2f3050d2,usr_9115fc7c,equal,1,82.12,INR,outstanding,,2026-08-18T10:00:00+05:30
spl_c1a9e637,exp_2f3050d2,usr_3dcfa8eb,equal,1,82.13,INR,outstanding,,2026-08-18T10:00:00+05:30
spl_7a945a88,exp_2f3050d2,usr_d1a44892,equal,1,82.13,INR,settled,2026-07-07T10:00:00+05:30,2026-08-18T10:00:00+05:30
spl_c94fac05,exp_f83197d9,usr_51275e79,custom,1.3405,377.63,NPR,settled,2026-07-07T10:00:00+05:30,2026-08-18T10:00:00+05:30
spl_7eb2224e,exp_f83197d9,usr_6498a0a8,custom,1.3147,370.36,NPR,settled,2026-07-22T10:00:00+05:30,2026-08-18T10:00:00+05:30
spl_eafe4349,exp_f83197d9,usr_866a8f33,custom,1.2998,366.16,NPR,settled,2026-07-28T10:00:00+05:30,2026-08-18T10:00:00+05:30
spl_f7e900eb,exp_cd8a8dbe,usr_76c235d5,equal,1,1609.33,INR,outstanding,,2026-08-18T10:00:00+05:30
spl_58b65222,exp_19869953,usr_ca24d130,equal,1,5626.62,INR,settled,2026-08-06T10:00:00+05:30,2026-08-18T10:00:00+05:30
spl_04068efd,exp_00665c1f,usr_9c3deed5,equal,1,1128.98,INR,outstanding,,2026-08-18T10:00:00+05:30
spl_810f4952,exp_00665c1f,usr_54e0dc44,equal,1,1128.99,INR,settled,2026-07-05T10:00:00+05:30,2026-08-18T10:00:00+05:30
spl_795a8b26,exp_f0abb451,usr_4787696f,custom,1.4515,13.42,CHF,outstanding,,2026-08-18T10:00:00+05:30
spl_c7c64aef,exp_33003530,usr_2b11a6c9,equal,1,595.55,INR,settled,2026-08-09T10:00:00+05:30,2026-08-18T10:00:00+05:30
spl_177bd2fc,exp_a495f556,usr_55b114d5,custom,2.4743,663.61,INR,outstanding,,2026-08-18T10:00:00+05:30
spl_009ab271,exp_a495f556,usr_13f77754,custom,2.3177,621.61,INR,settled,2026-07-29T10:00:00+05:30,2026-08-18T10:00:00+05:30
spl_4e873f97,exp_a495f556,usr_157e58e7,custom,2.1763,583.68,INR,settled,2026-07-26T10:00:00+05:30,2026-08-18T10:00:00+05:30
spl_64a989b3,exp_b510c8d4,usr_9d32306d,equal,1,2265.96,INR,outstanding,,2026-08-18T10:00:00+05:30
spl_339ef167,exp_b510c8d4,usr_b204c453,equal,1,2265.97,INR,outstanding,,2026-08-18T10:00:00+05:30
spl_8f44a49a,exp_8a70f87d,usr_e076a69d,equal,1,946.27,INR,outstanding,,2026-08-18T10:00:00+05:30
spl_347ac4e6,exp_8a70f87d,usr_85c09ee4,equal,1,946.28,INR,outstanding,,2026-08-18T10:00:00+05:30
spl_944f4aff,exp_721ee2d5,usr_ab49979e,custom,1.1835,5695.51,INR,outstanding,,2026-08-18T10:00:00+05:30
spl_9399461a,exp_9a1cdf2e,usr_9afd8eab,percentage,0.8268,396.70,NPR,outstanding,,2026-08-18T10:00:00+05:30
spl_ed55e3a6,exp_9a1cdf2e,usr_40edb5af,percentage,1.9566,938.77,NPR,settled,2026-07-14T10:00:00+05:30,2026-08-18T10:00:00+05:30
spl_6588763e,exp_9a1cdf2e,usr_a7185e16,percentage,2.2675,1087.89,NPR,outstanding,,2026-08-18T10:00:00+05:30
spl_851a277a,exp_9a1cdf2e,usr_ab3f6d18,percentage,2.3733,1138.66,NPR,settled,2026-07-24T10:00:00+05:30,2026-08-18T10:00:00+05:30
spl_ec4233af,exp_0bf7feab,usr_373b76a9,custom,1.0968,1675.10,INR,outstanding,,2026-08-18T10:00:00+05:30
spl_ed46f016,exp_0bf7feab,usr_d9b13621,custom,1.8367,2805.24,INR,outstanding,,2026-08-18T10:00:00+05:30
spl_71dc7eb1,exp_0bf7feab,usr_f48b4353,custom,1.8099,2764.28,INR,outstanding,,2026-08-18T10:00:00+05:30
spl_502b7fc2,exp_0bf7feab,usr_f8162b43,custom,1.6492,2518.81,INR,outstanding,,2026-08-18T10:00:00+05:30
spl_48440ffb,exp_dad9a3ab,usr_b376fa1f,equal,1,516.76,INR,outstanding,,2026-08-18T10:00:00+05:30
spl_8064bf22,exp_dad9a3ab,usr_ef2f6a43,equal,1,516.76,INR,settled,2026-06-27T10:00:00+05:30,2026-08-18T10:00:00+05:30
spl_57a91f1b,exp_dad9a3ab,usr_0c1ce238,equal,1,516.76,INR,outstanding,,2026-08-18T10:00:00+05:30
spl_8bf6c549,exp_01a8fd9d,usr_32f091df,percentage,0.6193,2113.55,INR,settled,2026-07-24T10:00:00+05:30,2026-08-18T10:00:00+05:30
spl_538f65e2,exp_1945dfd8,usr_f60ade8b,custom,1.8609,344.61,INR,settled,2026-08-01T10:00:00+05:30,2026-08-18T10:00:00+05:30
spl_3b951c54,exp_a4d75b25,usr_b96ef58c,equal,1,2120.26,INR,settled,2026-06-24T10:00:00+05:30,2026-08-18T10:00:00+05:30
spl_99dfd05b,exp_a4d75b25,usr_d312cbff,equal,1,2120.26,INR,outstanding,,2026-08-18T10:00:00+05:30
spl_3ed99e40,exp_a4d75b25,usr_228f37bd,equal,1,2120.26,INR,settled,2026-07-09T10:00:00+05:30,2026-08-18T10:00:00+05:30
spl_4276881f,exp_a4d75b25,usr_991a1e29,equal,1,2120.26,INR,outstanding,,2026-08-18T10:00:00+05:30
spl_be6d1cc6,exp_916abae4,usr_d312cbff,shares,1.8619,243089.25,IDR,settled,2026-08-04T10:00:00+05:30,2026-08-18T10:00:00+05:30
spl_ff7314f4,exp_c298d71d,usr_693c20b9,custom,1.0708,20.30,AED,settled,2026-06-25T10:00:00+05:30,2026-08-18T10:00:00+05:30
spl_56a7c4d5,exp_c298d71d,usr_d89a1dce,custom,0.5413,10.26,AED,outstanding,,2026-08-18T10:00:00+05:30
spl_23d89c0d,exp_c298d71d,usr_0e9166f0,custom,1.3586,25.75,AED,settled,2026-07-27T10:00:00+05:30,2026-08-18T10:00:00+05:30
spl_c6452a9c,exp_c298d71d,usr_be1c9458,custom,1.9416,36.81,AED,settled,2026-06-30T10:00:00+05:30,2026-08-18T10:00:00+05:30
spl_82a2b351,exp_fd15c15f,usr_bedf358a,equal,1,4036.76,INR,settled,2026-07-11T10:00:00+05:30,2026-08-18T10:00:00+05:30
spl_80dd6fd2,exp_fd15c15f,usr_a386ca28,equal,1,4036.77,INR,outstanding,,2026-08-18T10:00:00+05:30
spl_0e339162,exp_a63cefc7,usr_62b3f8b8,shares,1.4324,3128.62,INR,settled,2026-06-30T10:00:00+05:30,2026-08-18T10:00:00+05:30
spl_3c6f8d50,exp_611de39c,usr_243cefe8,equal,1,97.76,CHF,settled,2026-07-28T10:00:00+05:30,2026-08-18T10:00:00+05:30
spl_bfb78965,exp_448fd4d7,usr_bc67142c,equal,1,249.00,MVR,outstanding,,2026-08-18T10:00:00+05:30
spl_bef1e976,exp_ae4b5527,usr_4d8f3b3a,equal,1,5163.82,INR,settled,2026-06-23T10:00:00+05:30,2026-08-18T10:00:00+05:30
spl_dfcd9c95,exp_9e85ab52,usr_42202df5,shares,2.4922,4873.45,INR,settled,2026-08-10T10:00:00+05:30,2026-08-18T10:00:00+05:30
spl_686b939d,exp_76b86fda,usr_ca24d130,equal,1,4491.64,INR,settled,2026-07-15T10:00:00+05:30,2026-08-18T10:00:00+05:30
spl_ffae0958,exp_78fec948,usr_fe68ac3c,percentage,2.3191,1180.84,INR,outstanding,,2026-08-18T10:00:00+05:30
spl_3caf2dcc,exp_78fec948,usr_c535ee88,percentage,2.3436,1193.29,INR,outstanding,,2026-08-18T10:00:00+05:30
spl_31c1d67c,exp_78fec948,usr_4cbf6de6,percentage,1.4239,725.02,INR,settled,2026-08-07T10:00:00+05:30,2026-08-18T10:00:00+05:30
spl_87f707e1,exp_78fec948,usr_e9d7fa81,percentage,1.3907,708.09,INR,outstanding,,2026-08-18T10:00:00+05:30
spl_03a5cc9f,exp_2714800a,usr_bac1ae76,percentage,0.726,681.79,INR,outstanding,,2026-08-18T10:00:00+05:30
spl_38564f08,exp_2714800a,usr_2182a4d3,percentage,1.7332,1627.70,INR,outstanding,,2026-08-18T10:00:00+05:30
spl_1b12830e,exp_db2f26c2,usr_c61e810b,equal,1,1859.91,LKR,outstanding,,2026-08-18T10:00:00+05:30
spl_e56b8d08,exp_db2f26c2,usr_b0226153,equal,1,1859.90,LKR,settled,2026-06-28T10:00:00+05:30,2026-08-18T10:00:00+05:30
spl_d01b64a4,exp_db2f26c2,usr_db37359e,equal,1,1859.90,LKR,outstanding,,2026-08-18T10:00:00+05:30
spl_26cbea20,exp_60ab811f,usr_44604a9d,equal,1,9585.23,INR,outstanding,,2026-08-18T10:00:00+05:30
spl_7053afc7,exp_97585c07,usr_05d0be25,custom,0.7939,466.75,INR,outstanding,,2026-08-18T10:00:00+05:30
spl_819c14c7,exp_c9fc99dc,usr_58d2b52f,equal,1,4779.11,INR,settled,2026-07-17T10:00:00+05:30,2026-08-18T10:00:00+05:30
spl_e3a7e848,exp_f14b1967,usr_d0571b95,shares,2.2957,1428.23,NPR,outstanding,,2026-08-18T10:00:00+05:30
spl_b47ec769,exp_f14b1967,usr_40ab838e,shares,0.7974,496.05,NPR,settled,2026-06-22T10:00:00+05:30,2026-08-18T10:00:00+05:30
spl_1da6046d,exp_f14b1967,usr_a370271a,shares,0.6522,405.73,NPR,outstanding,,2026-08-18T10:00:00+05:30
spl_07682641,exp_22402fd6,usr_d8024b62,equal,1,296.41,INR,outstanding,,2026-08-18T10:00:00+05:30
spl_2e8bbf6f,exp_69715399,usr_ce09de03,equal,1,5488.60,INR,outstanding,,2026-08-18T10:00:00+05:30
spl_af500586,exp_af93efa5,usr_61710d50,custom,0.5509,309.74,INR,outstanding,,2026-08-18T10:00:00+05:30
spl_9bead79a,exp_af93efa5,usr_a7185e16,custom,1.5984,898.73,INR,settled,2026-07-07T10:00:00+05:30,2026-08-18T10:00:00+05:30
spl_c1cae6a2,exp_af93efa5,usr_df582802,custom,1.1392,640.52,INR,outstanding,,2026-08-18T10:00:00+05:30
spl_fde29db1,exp_36ae0a28,usr_b1a4b433,equal,1,812.26,INR,outstanding,,2026-08-18T10:00:00+05:30
spl_3b78d911,exp_25f892cf,usr_8700ba48,equal,1,694.81,BTN,settled,2026-08-07T10:00:00+05:30,2026-08-18T10:00:00+05:30
spl_b1e37998,exp_cbc2c50e,usr_def3b524,shares,0.7978,77.86,THB,outstanding,,2026-08-18T10:00:00+05:30
spl_0523b47d,exp_cbc2c50e,usr_fb725464,shares,1.8377,179.35,THB,outstanding,,2026-08-18T10:00:00+05:30
spl_3bf6d36d,exp_06a158d2,usr_2fca7c46,equal,1,1011.14,INR,settled,2026-07-20T10:00:00+05:30,2026-08-18T10:00:00+05:30
spl_625c1e92,exp_06a158d2,usr_e6dcafe4,equal,1,1011.15,INR,settled,2026-07-10T10:00:00+05:30,2026-08-18T10:00:00+05:30
spl_7718756d,exp_06a158d2,usr_6c5b2519,equal,1,1011.15,INR,outstanding,,2026-08-18T10:00:00+05:30
spl_1183b47d,exp_50eaf6b8,usr_04b21637,equal,1,807.75,INR,outstanding,,2026-08-18T10:00:00+05:30
spl_612a6188,exp_50eaf6b8,usr_45175b03,equal,1,807.75,INR,outstanding,,2026-08-18T10:00:00+05:30
spl_e0a6b934,exp_81ee4304,usr_0389057b,equal,1,1120.10,INR,outstanding,,2026-08-18T10:00:00+05:30
spl_5c0dedd8,exp_f218f3db,usr_74e3ecb1,equal,1,188.95,INR,outstanding,,2026-08-18T10:00:00+05:30
spl_1cfc4f1a,exp_f218f3db,usr_b10b045a,equal,1,188.96,INR,outstanding,,2026-08-18T10:00:00+05:30
spl_ab7b7bbe,exp_f218f3db,usr_157e58e7,equal,1,188.96,INR,outstanding,,2026-08-18T10:00:00+05:30
spl_9b86ba51,exp_675fdf9d,usr_8d2c2759,percentage,1.8018,861.65,INR,outstanding,,2026-08-18T10:00:00+05:30
spl_511a7982,exp_675fdf9d,usr_78513cd2,percentage,1.5286,730.98,INR,settled,2026-07-03T10:00:00+05:30,2026-08-18T10:00:00+05:30
spl_4fd3291e,exp_675fdf9d,usr_05306731,percentage,0.8109,387.78,INR,settled,2026-08-09T10:00:00+05:30,2026-08-18T10:00:00+05:30
spl_ae428e90,exp_e926de62,usr_1dc8f83e,equal,1,120.26,THB,outstanding,,2026-08-18T10:00:00+05:30
spl_69f5e3aa,exp_9ab2c5bb,usr_35d340e3,equal,1,338.33,INR,outstanding,,2026-08-18T10:00:00+05:30
spl_7c9b1673,exp_9ab2c5bb,usr_52de2228,equal,1,338.33,INR,outstanding,,2026-08-18T10:00:00+05:30
spl_42ef42b1,exp_f8278f4d,usr_40edb5af,equal,1,108.25,AED,outstanding,,2026-08-18T10:00:00+05:30
spl_55a6bca2,exp_f8278f4d,usr_5f22c672,equal,1,108.26,AED,settled,2026-06-24T10:00:00+05:30,2026-08-18T10:00:00+05:30
spl_dc1ad1a1,exp_0a6fb4c3,usr_c010ce3c,percentage,1.6824,1390.78,INR,outstanding,,2026-08-18T10:00:00+05:30
spl_83d7cdd5,exp_4eb3fb0c,usr_61710d50,equal,1,232.61,INR,settled,2026-07-09T10:00:00+05:30,2026-08-18T10:00:00+05:30
spl_a7abd1a1,exp_4eb3fb0c,usr_a7185e16,equal,1,232.60,INR,outstanding,,2026-08-18T10:00:00+05:30
spl_efb270b0,exp_4eb3fb0c,usr_df582802,equal,1,232.60,INR,settled,2026-06-21T10:00:00+05:30,2026-08-18T10:00:00+05:30
spl_23113ac4,exp_265673e1,usr_865c98a2,equal,1,74.08,QAR,outstanding,,2026-08-18T10:00:00+05:30
spl_dfd96561,exp_883989d7,usr_956481cd,equal,1,2151.64,INR,settled,2026-07-04T10:00:00+05:30,2026-08-18T10:00:00+05:30
spl_abeb74d0,exp_883989d7,usr_2a348485,equal,1,2151.65,INR,outstanding,,2026-08-18T10:00:00+05:30
spl_e9a3c2f3,exp_089b36e4,usr_d9d2bfaa,equal,1,2.22,SGD,settled,2026-07-16T10:00:00+05:30,2026-08-18T10:00:00+05:30
spl_f78ba54b,exp_089b36e4,usr_61710d50,equal,1,2.22,SGD,settled,2026-07-01T10:00:00+05:30,2026-08-18T10:00:00+05:30
spl_e4a186f5,exp_089b36e4,usr_e7722766,equal,1,2.22,SGD,settled,2026-07-19T10:00:00+05:30,2026-08-18T10:00:00+05:30
spl_15f10031,exp_089b36e4,usr_8b3ba681,equal,1,2.22,SGD,settled,2026-08-06T10:00:00+05:30,2026-08-18T10:00:00+05:30
spl_6219164b,exp_b362f41e,usr_9115fc7c,custom,2.4093,6314.07,INR,outstanding,,2026-08-18T10:00:00+05:30
spl_10a10521,exp_6feb0fe9,usr_bc8d5d3b,equal,1,677.45,INR,settled,2026-07-09T10:00:00+05:30,2026-08-18T10:00:00+05:30
spl_349f6340,exp_6feb0fe9,usr_c659e4bf,equal,1,677.45,INR,outstanding,,2026-08-18T10:00:00+05:30
spl_a4bc1157,exp_7d4d0c3d,usr_ea269383,shares,0.9653,813.62,INR,outstanding,,2026-08-18T10:00:00+05:30
spl_d423c0f5,exp_7d4d0c3d,usr_3e25dcc6,shares,1.726,1454.84,INR,settled,2026-07-26T10:00:00+05:30,2026-08-18T10:00:00+05:30
spl_679e205b,exp_7d4d0c3d,usr_21b63d3b,shares,0.9824,828.06,INR,outstanding,,2026-08-18T10:00:00+05:30
spl_a208f010,exp_7d4d0c3d,usr_8e272905,shares,0.5512,464.61,INR,settled,2026-07-09T10:00:00+05:30,2026-08-18T10:00:00+05:30
spl_8606fffe,exp_6b9c31b5,usr_24d10368,equal,1,3676.15,INR,outstanding,,2026-08-18T10:00:00+05:30
spl_0daa8e36,exp_beefcfff,usr_e94f06ca,equal,1,38.26,AED,settled,2026-07-29T10:00:00+05:30,2026-08-18T10:00:00+05:30
spl_450092cd,exp_82e1dc66,usr_76c235d5,equal,1,648.61,INR,outstanding,,2026-08-18T10:00:00+05:30
spl_5c4a9607,exp_12baca26,usr_17083a9e,equal,1,1041.81,INR,settled,2026-08-12T10:00:00+05:30,2026-08-18T10:00:00+05:30
spl_94d302ca,exp_12baca26,usr_07f03d4c,equal,1,1041.81,INR,outstanding,,2026-08-18T10:00:00+05:30
spl_5d8624eb,exp_4bf37d9a,usr_d7bc2e8d,equal,1,688.81,NPR,settled,2026-08-04T10:00:00+05:30,2026-08-18T10:00:00+05:30
spl_5ec869da,exp_4bf37d9a,usr_6d4dd52b,equal,1,688.80,NPR,outstanding,,2026-08-18T10:00:00+05:30
spl_fca26050,exp_4bf37d9a,usr_e076a69d,equal,1,688.80,NPR,settled,2026-06-25T10:00:00+05:30,2026-08-18T10:00:00+05:30
spl_6a87e4db,exp_4bf37d9a,usr_c0926c78,equal,1,688.80,NPR,outstanding,,2026-08-18T10:00:00+05:30
spl_62dca9b5,exp_70da691b,usr_e851fdeb,custom,1.1713,222.44,INR,outstanding,,2026-08-18T10:00:00+05:30
spl_2c5fa86f,exp_70da691b,usr_fd9d50a7,custom,2.2992,436.65,INR,outstanding,,2026-08-18T10:00:00+05:30
spl_5625bd94,exp_70da691b,usr_106130ad,custom,1.9402,368.46,INR,outstanding,,2026-08-18T10:00:00+05:30
spl_de3f4238,exp_70da691b,usr_0021edc6,custom,1.4095,267.69,INR,outstanding,,2026-08-18T10:00:00+05:30
spl_3c4066eb,exp_d4dc0275,usr_6c3fae7b,equal,1,26.34,SGD,outstanding,,2026-08-18T10:00:00+05:30
spl_042e4796,exp_28024c89,usr_81ed406f,equal,1,381.06,INR,outstanding,,2026-08-18T10:00:00+05:30
spl_172e293a,exp_28024c89,usr_bff7bdb8,equal,1,381.07,INR,outstanding,,2026-08-18T10:00:00+05:30
spl_3d3da3d0,exp_28024c89,usr_a685483e,equal,1,381.07,INR,outstanding,,2026-08-18T10:00:00+05:30
spl_a5841324,exp_28024c89,usr_c9451968,equal,1,381.07,INR,outstanding,,2026-08-18T10:00:00+05:30
spl_0541a1d3,exp_b73c4a88,usr_9c28ee85,custom,1.4574,965.14,INR,settled,2026-07-20T10:00:00+05:30,2026-08-18T10:00:00+05:30
spl_48bd7fa3,exp_3be0c27b,usr_4787696f,equal,1,216.16,THB,settled,2026-08-06T10:00:00+05:30,2026-08-18T10:00:00+05:30
spl_a0bc9480,exp_5931d9ee,usr_fe056e56,equal,1,1559.82,INR,settled,2026-08-05T10:00:00+05:30,2026-08-18T10:00:00+05:30
spl_ba730c5a,exp_32c9c1de,usr_f50e2299,equal,1,527.36,INR,outstanding,,2026-08-18T10:00:00+05:30
spl_0459deea,exp_ab3a02ed,usr_9e33a102,equal,1,728.78,INR,outstanding,,2026-08-18T10:00:00+05:30
spl_75f927b7,exp_ab3a02ed,usr_c010ce3c,equal,1,728.79,INR,settled,2026-08-15T10:00:00+05:30,2026-08-18T10:00:00+05:30
spl_9728144a,exp_82917e6e,usr_7a1346e6,percentage,0.5949,189.18,INR,outstanding,,2026-08-18T10:00:00+05:30
spl_9f6b9b22,exp_82917e6e,usr_1f3d6d92,percentage,0.7004,222.73,INR,settled,2026-06-25T10:00:00+05:30,2026-08-18T10:00:00+05:30
spl_1b28a66f,exp_82917e6e,usr_3ee2992a,percentage,2.2534,716.55,INR,settled,2026-07-15T10:00:00+05:30,2026-08-18T10:00:00+05:30
spl_da5a33e2,exp_82917e6e,usr_abb36fee,percentage,1.2484,396.97,INR,settled,2026-07-05T10:00:00+05:30,2026-08-18T10:00:00+05:30
spl_9ef1c479,exp_b88ff815,usr_28c5ee24,equal,1,1252.99,NPR,settled,2026-07-11T10:00:00+05:30,2026-08-18T10:00:00+05:30
spl_7597f844,exp_86b8a291,usr_cf744020,equal,1,4126.00,INR,settled,2026-07-24T10:00:00+05:30,2026-08-18T10:00:00+05:30
spl_b1de2808,exp_c236a072,usr_aef2d4f6,custom,1.6116,355.20,INR,outstanding,,2026-08-18T10:00:00+05:30
spl_0a472c74,exp_c236a072,usr_ce2e54f4,custom,0.7613,167.79,INR,settled,2026-07-24T10:00:00+05:30,2026-08-18T10:00:00+05:30
spl_f6fec911,exp_c879b599,usr_35d340e3,equal,1,596319.56,IDR,settled,2026-08-04T10:00:00+05:30,2026-08-18T10:00:00+05:30
spl_084270de,exp_c879b599,usr_52de2228,equal,1,596319.57,IDR,outstanding,,2026-08-18T10:00:00+05:30
spl_6c674454,exp_db337754,usr_b86dd891,equal,1,1834.27,INR,settled,2026-06-26T10:00:00+05:30,2026-08-18T10:00:00+05:30
spl_c283b262,exp_db337754,usr_8700ba48,equal,1,1834.27,INR,settled,2026-07-28T10:00:00+05:30,2026-08-18T10:00:00+05:30
spl_65cbd12b,exp_9e98e431,usr_76c235d5,equal,1,2206.75,INR,settled,2026-08-07T10:00:00+05:30,2026-08-18T10:00:00+05:30
spl_b38677d6,exp_9e98e431,usr_0c1ce238,equal,1,2206.75,INR,outstanding,,2026-08-18T10:00:00+05:30
spl_2a7d6620,exp_92f70419,usr_d0571b95,equal,1,1447.73,INR,settled,2026-07-12T10:00:00+05:30,2026-08-18T10:00:00+05:30
spl_780455ed,exp_b88bc5bc,usr_c61e810b,equal,1,1906.44,LKR,outstanding,,2026-08-18T10:00:00+05:30
spl_f84be6da,exp_b88bc5bc,usr_b0226153,equal,1,1906.45,LKR,outstanding,,2026-08-18T10:00:00+05:30
spl_19075d64,exp_b88bc5bc,usr_db37359e,equal,1,1906.45,LKR,outstanding,,2026-08-18T10:00:00+05:30
spl_dc00634e,exp_600f39a4,usr_e6863416,custom,0.8636,38.06,INR,outstanding,,2026-08-18T10:00:00+05:30
spl_ad575e07,exp_600f39a4,usr_2de68d4f,custom,2.3656,104.27,INR,outstanding,,2026-08-18T10:00:00+05:30
spl_867f260b,exp_600f39a4,usr_7b4006b0,custom,1.3428,59.18,INR,settled,2026-07-27T10:00:00+05:30,2026-08-18T10:00:00+05:30
spl_9af7f866,exp_600f39a4,usr_df88839b,custom,0.6871,30.29,INR,outstanding,,2026-08-18T10:00:00+05:30
spl_3a7f9a16,exp_f300f909,usr_bc67142c,equal,1,575.65,INR,settled,2026-07-09T10:00:00+05:30,2026-08-18T10:00:00+05:30
spl_9421b086,exp_f300f909,usr_ee5c9717,equal,1,575.66,INR,outstanding,,2026-08-18T10:00:00+05:30
spl_4b9a7807,exp_f300f909,usr_7faf6134,equal,1,575.66,INR,settled,2026-07-28T10:00:00+05:30,2026-08-18T10:00:00+05:30
spl_7d448533,exp_d32fb5ae,usr_bedf358a,custom,0.9305,16.52,AED,settled,2026-07-25T10:00:00+05:30,2026-08-18T10:00:00+05:30
spl_d6342c7e,exp_d32fb5ae,usr_e6dcafe4,custom,0.8308,14.75,AED,settled,2026-06-21T10:00:00+05:30,2026-08-18T10:00:00+05:30
spl_7471d0d3,exp_d32fb5ae,usr_712600f0,custom,2.0223,35.89,AED,outstanding,,2026-08-18T10:00:00+05:30
spl_41087586,exp_253dc2ac,usr_7796e5e8,equal,1,4739.11,INR,outstanding,,2026-08-18T10:00:00+05:30
spl_429e21cb,exp_13576d17,usr_3d2f73ea,percentage,2.091,3276.21,INR,outstanding,,2026-08-18T10:00:00+05:30
spl_f237945e,exp_13576d17,usr_0dc99bd5,percentage,1.2964,2031.19,INR,settled,2026-06-26T10:00:00+05:30,2026-08-18T10:00:00+05:30
spl_ac8720e5,exp_fa57e25f,usr_e0853a17,custom,0.8783,608.83,INR,outstanding,,2026-08-18T10:00:00+05:30
spl_314ae5e7,exp_c5cf5fd6,usr_b8779399,equal,1,55.88,AED,settled,2026-08-13T10:00:00+05:30,2026-08-18T10:00:00+05:30
spl_bb3b65db,exp_35fd41c7,usr_4794174d,equal,1,9042.51,INR,settled,2026-08-15T10:00:00+05:30,2026-08-18T10:00:00+05:30
spl_47bd7e47,exp_28c75515,usr_840ca16a,equal,1,73.09,THB,outstanding,,2026-08-18T10:00:00+05:30
spl_e8df24a4,exp_28c75515,usr_b8d03703,equal,1,73.10,THB,outstanding,,2026-08-18T10:00:00+05:30
spl_9abce282,exp_27790ab6,usr_36c3dbed,custom,0.6162,1193.49,INR,outstanding,,2026-08-18T10:00:00+05:30
spl_a44d8727,exp_38199337,usr_525b1d3c,custom,1.1675,975.61,INR,settled,2026-07-09T10:00:00+05:30,2026-08-18T10:00:00+05:30
spl_7931dd91,exp_4d63c85b,usr_bedf358a,percentage,2.0166,946.63,NPR,outstanding,,2026-08-18T10:00:00+05:30
spl_4134b305,exp_4d63c85b,usr_6e3b5c10,percentage,0.6938,325.69,NPR,outstanding,,2026-08-18T10:00:00+05:30
spl_f3acc676,exp_4d63c85b,usr_7d0ce609,percentage,1.0508,493.27,NPR,settled,2026-08-09T10:00:00+05:30,2026-08-18T10:00:00+05:30
spl_65c05730,exp_4d63c85b,usr_326aed9f,percentage,1.3997,657.06,NPR,settled,2026-06-22T10:00:00+05:30,2026-08-18T10:00:00+05:30
spl_c3033589,exp_aa81851f,usr_d7d11d69,equal,1,1563.42,INR,outstanding,,2026-08-18T10:00:00+05:30
spl_1151605b,exp_f45eae45,usr_57995796,percentage,1.5018,443.59,INR,settled,2026-07-12T10:00:00+05:30,2026-08-18T10:00:00+05:30
spl_5e9aa177,exp_f45eae45,usr_3190040f,percentage,1.3087,386.55,INR,outstanding,,2026-08-18T10:00:00+05:30
spl_9256df98,exp_f45eae45,usr_f13873e9,percentage,1.3113,387.32,INR,settled,2026-07-22T10:00:00+05:30,2026-08-18T10:00:00+05:30
spl_570561fb,exp_f45eae45,usr_f271c461,percentage,2.3085,681.85,INR,outstanding,,2026-08-18T10:00:00+05:30
spl_81c5fe6f,exp_04313c34,usr_2da5bb04,percentage,0.5391,6862.68,INR,settled,2026-07-18T10:00:00+05:30,2026-08-18T10:00:00+05:30
spl_967a0579,exp_5f5661e8,usr_7ad82b11,equal,1,640.74,INR,outstanding,,2026-08-18T10:00:00+05:30
spl_86d4a414,exp_9b85a6a0,usr_1a6892bf,custom,1.6201,1580.69,INR,outstanding,,2026-08-18T10:00:00+05:30
spl_085f1147,exp_9fca16e8,usr_c582abb2,equal,1,3166.07,INR,settled,2026-08-17T10:00:00+05:30,2026-08-18T10:00:00+05:30
spl_60a8e2d4,exp_7cc18b8b,usr_18a2e06d,custom,0.9246,2224.71,INR,outstanding,,2026-08-18T10:00:00+05:30
spl_41d25f2c,exp_e0115a74,usr_7dc3ba48,shares,0.982,2.38,AED,outstanding,,2026-08-18T10:00:00+05:30
spl_781ae8d1,exp_e0115a74,usr_dcfab723,shares,2.1302,5.16,AED,outstanding,,2026-08-18T10:00:00+05:30
spl_fbc856ed,exp_e0115a74,usr_fae4d064,shares,1.8933,4.58,AED,settled,2026-07-05T10:00:00+05:30,2026-08-18T10:00:00+05:30
spl_c6ff7e41,exp_7df28c9a,usr_bc67142c,equal,1,1605.64,INR,outstanding,,2026-08-18T10:00:00+05:30
spl_bcc5794e,exp_6842a424,usr_e94f06ca,custom,0.6908,28.90,AED,outstanding,,2026-08-18T10:00:00+05:30
spl_49d4839f,exp_3c333c72,usr_6303c026,equal,1,1401.34,INR,outstanding,,2026-08-18T10:00:00+05:30
spl_446f9393,exp_f5b970a5,usr_49c29e32,shares,1.5031,230.23,LKR,outstanding,,2026-08-18T10:00:00+05:30
spl_6af4b12f,exp_f5b970a5,usr_2209582f,shares,1.0464,160.27,LKR,settled,2026-07-25T10:00:00+05:30,2026-08-18T10:00:00+05:30
spl_5004fdc1,exp_f5b970a5,usr_4e0c977f,shares,1.5105,231.35,LKR,settled,2026-06-27T10:00:00+05:30,2026-08-18T10:00:00+05:30
spl_36468895,exp_f5b970a5,usr_e10845c8,shares,0.7155,109.59,LKR,outstanding,,2026-08-18T10:00:00+05:30
spl_605395dc,exp_80acf9b5,usr_65303113,equal,1,1193.32,INR,settled,2026-07-03T10:00:00+05:30,2026-08-18T10:00:00+05:30
spl_0c58617e,exp_f748cde1,usr_544eff67,equal,1,2903.05,INR,outstanding,,2026-08-18T10:00:00+05:30
spl_f761d1da,exp_f748cde1,usr_5e289429,equal,1,2903.06,INR,settled,2026-08-12T10:00:00+05:30,2026-08-18T10:00:00+05:30
spl_8895144d,exp_a51c3056,usr_ee605ce4,custom,1.4763,142.92,INR,outstanding,,2026-08-18T10:00:00+05:30
spl_8e0ef906,exp_a51c3056,usr_aebfb5b6,custom,1.6174,156.58,INR,outstanding,,2026-08-18T10:00:00+05:30
spl_43e58875,exp_a51c3056,usr_bff7bdb8,custom,2.2274,215.62,INR,settled,2026-06-26T10:00:00+05:30,2026-08-18T10:00:00+05:30
spl_d96279f6,exp_a51c3056,usr_be4ecc52,custom,0.6872,66.53,INR,settled,2026-08-01T10:00:00+05:30,2026-08-18T10:00:00+05:30
spl_f67f0d39,exp_952434d8,usr_357e579a,custom,2.3949,3146.33,INR,outstanding,,2026-08-18T10:00:00+05:30
spl_b4653f24,exp_c2c628dd,usr_9a5cd9cf,percentage,0.8471,297.30,THB,settled,2026-07-17T10:00:00+05:30,2026-08-18T10:00:00+05:30
spl_e7e38b5a,exp_ec31e02d,usr_d8cab59f,equal,1,772.13,INR,settled,2026-07-19T10:00:00+05:30,2026-08-18T10:00:00+05:30
spl_c9451ded,exp_0178ea56,usr_1501196b,percentage,1.0816,1016.18,INR,outstanding,,2026-08-18T10:00:00+05:30
spl_bdec09ed,exp_75fd3125,usr_8180c222,percentage,1.1414,1622.45,NPR,settled,2026-08-15T10:00:00+05:30,2026-08-18T10:00:00+05:30
spl_524eb952,exp_75fd3125,usr_3d1b88d6,percentage,0.8075,1147.84,NPR,settled,2026-08-02T10:00:00+05:30,2026-08-18T10:00:00+05:30
spl_60b18807,exp_75fd3125,usr_d8ec0000,percentage,2.3706,3369.81,NPR,outstanding,,2026-08-18T10:00:00+05:30
spl_0f100098,exp_75fd3125,usr_ea479c41,percentage,2.1178,3010.49,NPR,outstanding,,2026-08-18T10:00:00+05:30
spl_e57ee4af,exp_c42c7285,usr_02d5e350,shares,0.6823,8.02,MYR,outstanding,,2026-08-18T10:00:00+05:30
spl_9f6f515b,exp_c42c7285,usr_322bb31e,shares,0.6731,7.92,MYR,outstanding,,2026-08-18T10:00:00+05:30
spl_9deb2912,exp_a3e04227,usr_9cb9eedc,equal,1,7879.01,INR,outstanding,,2026-08-18T10:00:00+05:30
spl_3c2e0751,exp_0eb3975a,usr_7b318031,equal,1,4182.68,INR,written_off,,2026-08-18T10:00:00+05:30
spl_4ca12d66,exp_b7b09dde,usr_afaebefa,equal,1,3852.21,INR,settled,2026-07-18T10:00:00+05:30,2026-08-18T10:00:00+05:30
spl_56fb2a52,exp_87f39fec,usr_6be041f5,custom,0.5996,1449.68,INR,outstanding,,2026-08-18T10:00:00+05:30
spl_987754f6,exp_1b618738,usr_40c95b13,equal,1,6940.35,LKR,outstanding,,2026-08-18T10:00:00+05:30
spl_06715c82,exp_efd31c7c,usr_2da5bb04,custom,2.0486,681.81,JPY,outstanding,,2026-08-18T10:00:00+05:30
spl_1f50d82c,exp_efd31c7c,usr_2b053270,custom,1.4315,476.45,JPY,outstanding,,2026-08-18T10:00:00+05:30
spl_70629c4d,exp_c2e7ffa0,usr_7e684451,equal,1,656.47,INR,outstanding,,2026-08-18T10:00:00+05:30
spl_44dac7cd,exp_c2e7ffa0,usr_9e6dc4d3,equal,1,656.48,INR,outstanding,,2026-08-18T10:00:00+05:30
spl_7bf43158,exp_1784fe11,usr_f855344d,equal,1,1003.89,INR,outstanding,,2026-08-18T10:00:00+05:30
spl_8fd9409a,exp_e0995e14,usr_157e58e7,equal,1,280.66,INR,settled,2026-08-04T10:00:00+05:30,2026-08-18T10:00:00+05:30
spl_d8fed720,exp_dd90c3f7,usr_6f068e43,equal,1,1056.06,INR,settled,2026-08-02T10:00:00+05:30,2026-08-18T10:00:00+05:30
spl_07c206be,exp_dd90c3f7,usr_ee6409a7,equal,1,1056.06,INR,outstanding,,2026-08-18T10:00:00+05:30
spl_7b9b0d59,exp_f104f065,usr_16017e92,custom,0.5185,9267.63,INR,settled,2026-07-03T10:00:00+05:30,2026-08-18T10:00:00+05:30
spl_4bce6ee2,exp_48c52855,usr_32f091df,percentage,1.5222,1034.49,INR,settled,2026-07-23T10:00:00+05:30,2026-08-18T10:00:00+05:30
spl_66e6a470,exp_9770704f,usr_c582abb2,custom,1.3551,137.14,INR,settled,2026-08-12T10:00:00+05:30,2026-08-18T10:00:00+05:30
spl_c77f0c22,exp_9770704f,usr_e1cd7b02,custom,1.1419,115.57,INR,settled,2026-08-13T10:00:00+05:30,2026-08-18T10:00:00+05:30
spl_a53c7550,exp_3bb65333,usr_5307f01f,equal,1,258.48,INR,settled,2026-07-29T10:00:00+05:30,2026-08-18T10:00:00+05:30
spl_de6f2ebe,exp_3bb65333,usr_e10845c8,equal,1,258.47,INR,outstanding,,2026-08-18T10:00:00+05:30
spl_22a39556,exp_3bb65333,usr_34f98272,equal,1,258.47,INR,outstanding,,2026-08-18T10:00:00+05:30
spl_e7ef665d,exp_3bb65333,usr_8ddbc4ab,equal,1,258.47,INR,settled,2026-07-18T10:00:00+05:30,2026-08-18T10:00:00+05:30
spl_3e6fc97b,exp_60fbe55d,usr_e3b9431c,percentage,2.3498,656.58,INR,settled,2026-07-01T10:00:00+05:30,2026-08-18T10:00:00+05:30
spl_1fc94c97,exp_4c437bb4,usr_d89a661b,percentage,1.3038,631.75,INR,settled,2026-06-30T10:00:00+05:30,2026-08-18T10:00:00+05:30
spl_d408a490,exp_c265d1e1,usr_520d9624,equal,1,1383.22,INR,outstanding,,2026-08-18T10:00:00+05:30
spl_d24346dc,exp_45796e4f,usr_12f95c97,equal,1,623.94,INR,outstanding,,2026-08-18T10:00:00+05:30
spl_54179b2e,exp_878fdddd,usr_29fdaeb0,equal,1,736.84,INR,outstanding,,2026-08-18T10:00:00+05:30
spl_21f02f6a,exp_35b8718f,usr_2433031a,percentage,1.3317,34.28,AED,outstanding,,2026-08-18T10:00:00+05:30
spl_cd71c4ac,exp_b57d349a,usr_0b8f3bdc,equal,1,414.03,INR,outstanding,,2026-08-18T10:00:00+05:30
spl_bd0393bf,exp_cb9960d5,usr_a386ca28,percentage,2.4547,773.35,INR,settled,2026-08-10T10:00:00+05:30,2026-08-18T10:00:00+05:30
spl_1dddc412,exp_3f732038,usr_07f03d4c,custom,1.2463,783.85,NPR,settled,2026-08-04T10:00:00+05:30,2026-08-18T10:00:00+05:30
spl_cb36116e,exp_3f732038,usr_6e6d6fef,custom,2.2371,1407.01,NPR,outstanding,,2026-08-18T10:00:00+05:30
spl_eefab632,exp_f3c2d59a,usr_7d446287,equal,1,220.05,INR,settled,2026-06-26T10:00:00+05:30,2026-08-18T10:00:00+05:30
spl_e6f693d5,exp_f3c2d59a,usr_4420259c,equal,1,220.06,INR,settled,2026-07-16T10:00:00+05:30,2026-08-18T10:00:00+05:30
spl_809b176c,exp_f3c2d59a,usr_cb3be250,equal,1,220.06,INR,settled,2026-06-23T10:00:00+05:30,2026-08-18T10:00:00+05:30
spl_d2371e48,exp_039656f7,usr_bff7bdb8,custom,0.5253,2118.52,INR,outstanding,,2026-08-18T10:00:00+05:30
spl_851f5ee7,exp_076d01a3,usr_b10b6018,equal,1,769.64,INR,outstanding,,2026-08-18T10:00:00+05:30
spl_7916e0a8,exp_0feb87f2,usr_81ed406f,equal,1,457.31,INR,settled,2026-06-21T10:00:00+05:30,2026-08-18T10:00:00+05:30
spl_12c83b62,exp_0feb87f2,usr_bff7bdb8,equal,1,457.31,INR,outstanding,,2026-08-18T10:00:00+05:30
spl_775d22b3,exp_0feb87f2,usr_a685483e,equal,1,457.31,INR,settled,2026-07-09T10:00:00+05:30,2026-08-18T10:00:00+05:30
spl_8fd220ae,exp_0feb87f2,usr_c9451968,equal,1,457.31,INR,outstanding,,2026-08-18T10:00:00+05:30
spl_8095244b,exp_65a05f9b,usr_72d88a70,equal,1,58854.37,IDR,settled,2026-08-16T10:00:00+05:30,2026-08-18T10:00:00+05:30
spl_dbbf6e45,exp_65a05f9b,usr_a6999f45,equal,1,58854.38,IDR,settled,2026-07-14T10:00:00+05:30,2026-08-18T10:00:00+05:30
spl_5c8b7e4f,exp_a18144a0,usr_1dd8f348,equal,1,2579.91,INR,settled,2026-07-23T10:00:00+05:30,2026-08-18T10:00:00+05:30
spl_49459b0b,exp_212b6326,usr_b204c453,equal,1,913.21,INR,outstanding,,2026-08-18T10:00:00+05:30
spl_c9eaeae5,exp_212b6326,usr_9d32306d,equal,1,913.22,INR,outstanding,,2026-08-18T10:00:00+05:30
spl_89e649fd,exp_212b6326,usr_29b0484e,equal,1,913.22,INR,outstanding,,2026-08-18T10:00:00+05:30
spl_9ff2bd78,exp_212b6326,usr_b4b6a1a5,equal,1,913.22,INR,outstanding,,2026-08-18T10:00:00+05:30
spl_1a1f3bda,exp_4361a2ca,usr_a0f188fa,shares,1.9351,676.69,INR,written_off,,2026-08-18T10:00:00+05:30
spl_3cea440a,exp_b6dd41c5,usr_74ed32ff,equal,1,782.70,INR,outstanding,,2026-08-18T10:00:00+05:30
spl_46237cec,exp_ad0f1ae1,usr_8e84ba7a,equal,1,264.00,INR,settled,2026-07-25T10:00:00+05:30,2026-08-18T10:00:00+05:30
spl_4961fd2e,exp_ad0f1ae1,usr_7faf6134,equal,1,263.99,INR,outstanding,,2026-08-18T10:00:00+05:30
spl_23e92c19,exp_ad0f1ae1,usr_53cbafa7,equal,1,263.99,INR,settled,2026-08-17T10:00:00+05:30,2026-08-18T10:00:00+05:30
spl_27d6ce6d,exp_a539b13f,usr_8a0aaa50,equal,1,403.17,LKR,settled,2026-07-26T10:00:00+05:30,2026-08-18T10:00:00+05:30
spl_03b2d18c,exp_a539b13f,usr_cb3be250,equal,1,403.16,LKR,outstanding,,2026-08-18T10:00:00+05:30
spl_b1b618a3,exp_a539b13f,usr_3190040f,equal,1,403.16,LKR,settled,2026-08-12T10:00:00+05:30,2026-08-18T10:00:00+05:30
spl_eb7ad5f0,exp_f316d34e,usr_2b11a6c9,shares,1.3921,792.99,INR,settled,2026-08-12T10:00:00+05:30,2026-08-18T10:00:00+05:30
spl_fdec5d24,exp_598eaa90,usr_77e91c3a,shares,1.7392,980.22,INR,settled,2026-07-26T10:00:00+05:30,2026-08-18T10:00:00+05:30
spl_626aae6c,exp_c92add72,usr_40c95b13,percentage,0.9825,2773.17,INR,settled,2026-07-21T10:00:00+05:30,2026-08-18T10:00:00+05:30
spl_91357e4c,exp_bd272986,usr_05d0be25,custom,1.9534,56.58,MVR,outstanding,,2026-08-18T10:00:00+05:30
spl_183a6994,exp_bd272986,usr_f13873e9,custom,0.7286,21.10,MVR,outstanding,,2026-08-18T10:00:00+05:30
spl_1e12f8b0,exp_bd272986,usr_58d2b52f,custom,1.9108,55.34,MVR,outstanding,,2026-08-18T10:00:00+05:30
spl_b2707df6,exp_bd272986,usr_e0440f90,custom,2.2807,66.05,MVR,outstanding,,2026-08-18T10:00:00+05:30
spl_579e4324,exp_1d00707f,usr_7da99ef5,equal,1,5783.65,INR,settled,2026-08-06T10:00:00+05:30,2026-08-18T10:00:00+05:30
spl_7aaeeef2,exp_59b4f25e,usr_0000ca76,custom,1.4194,3934.17,INR,outstanding,,2026-08-18T10:00:00+05:30
spl_0519dd73,exp_ea6e69a7,usr_cb0928ac,custom,1.6974,9.69,AED,settled,2026-07-27T10:00:00+05:30,2026-08-18T10:00:00+05:30
spl_1530fdfc,exp_ea6e69a7,usr_4794174d,custom,1.5645,8.93,AED,outstanding,,2026-08-18T10:00:00+05:30
spl_f79e84b1,exp_ea6e69a7,usr_f3d35bfe,custom,1.5395,8.79,AED,outstanding,,2026-08-18T10:00:00+05:30
spl_4c27c879,exp_d8651a4e,usr_be4ecc52,custom,0.5296,1392.28,JPY,outstanding,,2026-08-18T10:00:00+05:30
spl_8c711b88,exp_75758c51,usr_e851fdeb,equal,1,660.19,INR,outstanding,,2026-08-18T10:00:00+05:30
spl_2c92b742,exp_75758c51,usr_5f1e6e1c,equal,1,660.19,INR,outstanding,,2026-08-18T10:00:00+05:30
spl_4a82f50e,exp_75758c51,usr_ab81846d,equal,1,660.20,INR,outstanding,,2026-08-18T10:00:00+05:30
spl_2b598380,exp_75758c51,usr_6043ede2,equal,1,660.20,INR,settled,2026-07-21T10:00:00+05:30,2026-08-18T10:00:00+05:30
spl_aa42901d,exp_8fd9dfa5,usr_e93a9eef,custom,2.1544,308.66,INR,settled,2026-08-02T10:00:00+05:30,2026-08-18T10:00:00+05:30
spl_db3ccfc8,exp_8fd9dfa5,usr_6f068e43,custom,1.6178,231.77,INR,outstanding,,2026-08-18T10:00:00+05:30
spl_bbfcb6c2,exp_8fd9dfa5,usr_f427bdf9,custom,0.8278,118.59,INR,outstanding,,2026-08-18T10:00:00+05:30
spl_34b1fa28,exp_8fd9dfa5,usr_a015811e,custom,2.2885,327.86,INR,outstanding,,2026-08-18T10:00:00+05:30
spl_6ee8ed79,exp_0adebf52,usr_62b3f8b8,shares,0.5756,9164.46,INR,outstanding,,2026-08-18T10:00:00+05:30
spl_e13ad55a,exp_2d8964dd,usr_b8779399,equal,1,10985.56,JPY,settled,2026-08-11T10:00:00+05:30,2026-08-18T10:00:00+05:30
spl_9cfe487b,exp_f04e57c4,usr_72d88a70,equal,1,203526.82,IDR,outstanding,,2026-08-18T10:00:00+05:30
spl_6ae68aaa,exp_f04e57c4,usr_a6999f45,equal,1,203526.82,IDR,outstanding,,2026-08-18T10:00:00+05:30
spl_41247b95,exp_cb72bf50,usr_b4a877b0,custom,0.8285,418.22,QAR,outstanding,,2026-08-18T10:00:00+05:30
spl_dcc7cbcb,exp_3b8e3da8,usr_8add6423,equal,1,139.30,INR,outstanding,,2026-08-18T10:00:00+05:30
spl_c041988c,exp_3b8e3da8,usr_2808d36a,equal,1,139.29,INR,outstanding,,2026-08-18T10:00:00+05:30
spl_895edf0e,exp_3b8e3da8,usr_d504f21d,equal,1,139.29,INR,settled,2026-08-08T10:00:00+05:30,2026-08-18T10:00:00+05:30
spl_6c3a7104,exp_3b8e3da8,usr_6bf6f0c2,equal,1,139.29,INR,outstanding,,2026-08-18T10:00:00+05:30
spl_9a07a016,exp_c0a59eab,usr_48f9bd76,equal,1,2329.96,INR,outstanding,,2026-08-18T10:00:00+05:30
spl_db98a3d8,exp_c0a59eab,usr_25c3664e,equal,1,2329.96,INR,outstanding,,2026-08-18T10:00:00+05:30
spl_3174b429,exp_c0a59eab,usr_f49d96dd,equal,1,2329.97,INR,settled,2026-08-08T10:00:00+05:30,2026-08-18T10:00:00+05:30
spl_978cf67e,exp_c0a59eab,usr_f5a38687,equal,1,2329.97,INR,outstanding,,2026-08-18T10:00:00+05:30
spl_46ddca52,exp_ffaa97de,usr_fedbd227,equal,1,601.80,INR,settled,2026-07-15T10:00:00+05:30,2026-08-18T10:00:00+05:30
spl_5585e06d,exp_7306afd3,usr_acb4c4ba,shares,1.5778,406.83,INR,settled,2026-06-30T10:00:00+05:30,2026-08-18T10:00:00+05:30
spl_04040395,exp_0c5994fa,usr_7796e5e8,equal,1,1479.45,INR,outstanding,,2026-08-18T10:00:00+05:30
spl_7210e173,exp_5c559063,usr_fc3617c0,percentage,0.5562,785.24,INR,outstanding,,2026-08-18T10:00:00+05:30
spl_508e7ca2,exp_5c559063,usr_d32b1be5,percentage,2.1061,2973.64,INR,settled,2026-07-16T10:00:00+05:30,2026-08-18T10:00:00+05:30
spl_33df10c3,exp_5c559063,usr_abfc225a,percentage,0.6764,955.04,INR,settled,2026-08-13T10:00:00+05:30,2026-08-18T10:00:00+05:30
spl_b7ef8bd6,exp_5c559063,usr_9976417a,percentage,2.4083,3400.34,INR,settled,2026-07-09T10:00:00+05:30,2026-08-18T10:00:00+05:30
spl_4763084d,exp_53390627,usr_e076a69d,custom,2.4317,348.27,INR,settled,2026-07-21T10:00:00+05:30,2026-08-18T10:00:00+05:30
spl_cbd24b85,exp_53390627,usr_85c09ee4,custom,0.8673,124.21,INR,outstanding,,2026-08-18T10:00:00+05:30
spl_667470f8,exp_ae424740,usr_538f6e20,equal,1,2540.06,INR,outstanding,,2026-08-18T10:00:00+05:30
spl_1812a4ae,exp_ae424740,usr_942658c9,equal,1,2540.06,INR,settled,2026-08-14T10:00:00+05:30,2026-08-18T10:00:00+05:30
spl_135d6bf4,exp_dc214bbf,usr_63d19d4c,equal,1,960.50,INR,outstanding,,2026-08-18T10:00:00+05:30
spl_9915bcfa,exp_2368f163,usr_3d2f73ea,percentage,0.7854,764.02,INR,outstanding,,2026-08-18T10:00:00+05:30
spl_0f1be83f,exp_2368f163,usr_0dc99bd5,percentage,0.5698,554.29,INR,outstanding,,2026-08-18T10:00:00+05:30
spl_b9b1898a,exp_efe1b9ba,usr_fe13fe0f,percentage,1.5887,589.93,INR,outstanding,,2026-08-18T10:00:00+05:30
spl_5613304e,exp_efe1b9ba,usr_e1d938d9,percentage,2.3694,879.82,INR,outstanding,,2026-08-18T10:00:00+05:30
spl_420482bc,exp_efe1b9ba,usr_e8417e7f,percentage,1.0382,385.52,INR,outstanding,,2026-08-18T10:00:00+05:30
spl_3ea88bf3,exp_81b5f30c,usr_4f4d8587,equal,1,21.23,CHF,outstanding,,2026-08-18T10:00:00+05:30
spl_48af3f7e,exp_441fabfb,usr_1dc8f83e,equal,1,789.40,THB,settled,2026-08-17T10:00:00+05:30,2026-08-18T10:00:00+05:30
spl_25aae515,exp_47a0728f,usr_b021d103,equal,1,600.79,INR,outstanding,,2026-08-18T10:00:00+05:30
spl_0796903f,exp_47a0728f,usr_f94cda41,equal,1,600.79,INR,outstanding,,2026-08-18T10:00:00+05:30
spl_02112be7,exp_4616a104,usr_c4dc3602,equal,1,1173.61,INR,outstanding,,2026-08-18T10:00:00+05:30
spl_8a649c04,exp_1310d868,usr_c426b4e1,equal,1,129.45,THB,settled,2026-07-27T10:00:00+05:30,2026-08-18T10:00:00+05:30
spl_ce79724a,exp_f94eeb1d,usr_b021d103,equal,1,1389.72,INR,outstanding,,2026-08-18T10:00:00+05:30
spl_d84634f8,exp_181bacdc,usr_0551c67a,equal,1,65.42,INR,outstanding,,2026-08-18T10:00:00+05:30
spl_443bdf9f,exp_181bacdc,usr_aefdae86,equal,1,65.42,INR,settled,2026-07-22T10:00:00+05:30,2026-08-18T10:00:00+05:30
spl_907dd7bf,exp_181bacdc,usr_e6dca418,equal,1,65.42,INR,settled,2026-07-24T10:00:00+05:30,2026-08-18T10:00:00+05:30
spl_04a7b18a,exp_181bacdc,usr_ce941853,equal,1,65.42,INR,settled,2026-07-01T10:00:00+05:30,2026-08-18T10:00:00+05:30
spl_ee55a84e,exp_3dc515a4,usr_c659e4bf,equal,1,939.28,INR,outstanding,,2026-08-18T10:00:00+05:30
spl_dad89b46,exp_146c45fc,usr_87ae707a,custom,1.1094,1386.49,JPY,outstanding,,2026-08-18T10:00:00+05:30
spl_eac9a444,exp_aa48f425,usr_c61e810b,shares,1.8141,1486.64,LKR,settled,2026-08-13T10:00:00+05:30,2026-08-18T10:00:00+05:30
spl_ff4cca45,exp_aa48f425,usr_b0226153,shares,0.5243,429.65,LKR,outstanding,,2026-08-18T10:00:00+05:30
spl_e3dd78d2,exp_aa48f425,usr_db37359e,shares,1.8894,1548.33,LKR,settled,2026-07-10T10:00:00+05:30,2026-08-18T10:00:00+05:30
spl_ea06c3e0,exp_a21b54ff,usr_78afc45f,equal,1,763.50,INR,outstanding,,2026-08-18T10:00:00+05:30
spl_9224a220,exp_a21b54ff,usr_8f81432c,equal,1,763.50,INR,outstanding,,2026-08-18T10:00:00+05:30
spl_7aeea978,exp_096e538d,usr_2c93ab7f,shares,0.9027,1702.77,INR,outstanding,,2026-08-18T10:00:00+05:30
spl_bee597e4,exp_35be6816,usr_78bee927,equal,1,237.99,INR,outstanding,,2026-08-18T10:00:00+05:30
spl_ab25932e,exp_35be6816,usr_d1506bce,equal,1,238.00,INR,settled,2026-08-10T10:00:00+05:30,2026-08-18T10:00:00+05:30
spl_604beca3,exp_35be6816,usr_9cb9eedc,equal,1,238.00,INR,settled,2026-08-11T10:00:00+05:30,2026-08-18T10:00:00+05:30
spl_f75d89ee,exp_35be6816,usr_f4293e56,equal,1,238.00,INR,outstanding,,2026-08-18T10:00:00+05:30
spl_493f55b0,exp_3c31a64c,usr_1cec1f14,equal,1,305.25,INR,outstanding,,2026-08-18T10:00:00+05:30
spl_90503803,exp_3c31a64c,usr_2a2841d1,equal,1,305.26,INR,outstanding,,2026-08-18T10:00:00+05:30
spl_4dbdc64f,exp_39fd52e7,usr_db9c91fe,percentage,1.6242,1334.11,INR,settled,2026-07-27T10:00:00+05:30,2026-08-18T10:00:00+05:30
spl_02a0fed9,exp_9ed35c1b,usr_209a82fa,equal,1,445.45,INR,settled,2026-08-08T10:00:00+05:30,2026-08-18T10:00:00+05:30
spl_ff81d00f,exp_e5f93577,usr_21700d8e,custom,1.1398,422.17,INR,outstanding,,2026-08-18T10:00:00+05:30
spl_d4e4a051,exp_e5f93577,usr_e60873aa,custom,0.9316,345.07,INR,settled,2026-07-27T10:00:00+05:30,2026-08-18T10:00:00+05:30
spl_5d5c4e54,exp_e5f93577,usr_3134253d,custom,1.229,455.22,INR,outstanding,,2026-08-18T10:00:00+05:30
spl_334fa9d3,exp_6ad6df13,usr_13d8f6bd,equal,1,120.54,INR,outstanding,,2026-08-18T10:00:00+05:30
spl_1dcf9d14,exp_6ad6df13,usr_22e61dad,equal,1,120.55,INR,outstanding,,2026-08-18T10:00:00+05:30
spl_329fbd28,exp_7969fc6a,usr_afacd025,equal,1,340.02,INR,settled,2026-07-19T10:00:00+05:30,2026-08-18T10:00:00+05:30
spl_a625f8b7,exp_7969fc6a,usr_63c4ad9e,equal,1,340.03,INR,settled,2026-06-20T10:00:00+05:30,2026-08-18T10:00:00+05:30
spl_210259de,exp_7969fc6a,usr_805d11a5,equal,1,340.03,INR,outstanding,,2026-08-18T10:00:00+05:30
spl_864dcccc,exp_a9110c66,usr_8659fe93,equal,1,81.82,MVR,outstanding,,2026-08-18T10:00:00+05:30
spl_96fb50e0,exp_9ea95d16,usr_51294c66,equal,1,9332.27,INR,outstanding,,2026-08-18T10:00:00+05:30
spl_cf1fb650,exp_cfe4ea05,usr_52de2228,equal,1,1020.85,INR,outstanding,,2026-08-18T10:00:00+05:30
spl_168d8e0d,exp_cfe4ea05,usr_98ca8444,equal,1,1020.86,INR,settled,2026-07-31T10:00:00+05:30,2026-08-18T10:00:00+05:30
spl_050005c6,exp_4f7df2e2,usr_1ef037a0,equal,1,798.91,BTN,outstanding,,2026-08-18T10:00:00+05:30
spl_0895f068,exp_00f90bc2,usr_44ec53b5,percentage,0.7024,100.71,INR,outstanding,,2026-08-18T10:00:00+05:30
spl_ee450383,exp_00f90bc2,usr_fcd9bdf6,percentage,2.1997,315.39,INR,outstanding,,2026-08-18T10:00:00+05:30
spl_e64a3a11,exp_00f90bc2,usr_62b3f8b8,percentage,1.991,285.47,INR,outstanding,,2026-08-18T10:00:00+05:30
spl_fb630285,exp_d9bb1936,usr_d0571b95,percentage,2.4883,323.36,NPR,settled,2026-07-18T10:00:00+05:30,2026-08-18T10:00:00+05:30
spl_79ba4491,exp_d9bb1936,usr_40ab838e,percentage,1.5997,207.89,NPR,settled,2026-07-30T10:00:00+05:30,2026-08-18T10:00:00+05:30
spl_21c5212f,exp_d9bb1936,usr_a370271a,percentage,1.0337,134.34,NPR,settled,2026-08-04T10:00:00+05:30,2026-08-18T10:00:00+05:30
spl_cc8b5d1f,exp_1d53f55c,usr_4d8f3b3a,custom,1.5327,3394.29,INR,settled,2026-07-25T10:00:00+05:30,2026-08-18T10:00:00+05:30
spl_dd772b57,exp_83b914cf,usr_e7b2dd09,equal,1,1855.38,INR,settled,2026-07-09T10:00:00+05:30,2026-08-18T10:00:00+05:30
spl_3ef71f7e,exp_2b23772f,usr_f353d290,shares,2.3394,876.92,INR,outstanding,,2026-08-18T10:00:00+05:30
spl_6e36ed9d,exp_2b23772f,usr_fa3a9dd6,shares,0.6254,234.45,INR,outstanding,,2026-08-18T10:00:00+05:30
spl_224f16fd,exp_2b23772f,usr_78afc45f,shares,0.7393,277.13,INR,outstanding,,2026-08-18T10:00:00+05:30
spl_9cc9f467,exp_2b23772f,usr_f96768fc,shares,1.5786,591.73,INR,settled,2026-08-13T10:00:00+05:30,2026-08-18T10:00:00+05:30
spl_c7207698,exp_0cc39215,usr_5bbebfef,shares,1.9428,734.50,INR,outstanding,,2026-08-18T10:00:00+05:30
spl_e23017b1,exp_2672a566,usr_21fe0c1f,custom,0.6594,1286.35,INR,written_off,,2026-08-18T10:00:00+05:30
spl_4b09a9e9,exp_2672a566,usr_373b76a9,custom,1.8971,3700.87,INR,settled,2026-07-18T10:00:00+05:30,2026-08-18T10:00:00+05:30
spl_1d11eb68,exp_2672a566,usr_756ce6b3,custom,2.2488,4386.93,INR,settled,2026-06-26T10:00:00+05:30,2026-08-18T10:00:00+05:30
spl_68815d9b,exp_55929693,usr_c538bbe8,equal,1,447.63,INR,outstanding,,2026-08-18T10:00:00+05:30
spl_00810cc1,exp_db021da8,usr_a386ca28,equal,1,701.15,INR,outstanding,,2026-08-18T10:00:00+05:30
spl_467fc451,exp_db021da8,usr_32a5a217,equal,1,701.15,INR,outstanding,,2026-08-18T10:00:00+05:30
spl_7a00c75c,exp_4c11cc51,usr_44604a9d,equal,1,476.69,INR,outstanding,,2026-08-18T10:00:00+05:30
spl_84d65390,exp_4c11cc51,usr_14ca6dc1,equal,1,476.69,INR,outstanding,,2026-08-18T10:00:00+05:30
spl_99644b3b,exp_4c11cc51,usr_1bd9093b,equal,1,476.69,INR,settled,2026-08-05T10:00:00+05:30,2026-08-18T10:00:00+05:30
spl_93fb3fd0,exp_80f327e7,usr_d73f4c7f,custom,0.8609,83.20,AED,settled,2026-06-21T10:00:00+05:30,2026-08-18T10:00:00+05:30
spl_b180e422,exp_80f327e7,usr_02b3a36d,custom,1.9447,187.93,AED,outstanding,,2026-08-18T10:00:00+05:30
spl_ad7a4df1,exp_351755fb,usr_f855344d,custom,0.6091,646.85,INR,settled,2026-08-01T10:00:00+05:30,2026-08-18T10:00:00+05:30
spl_823472a5,exp_430f3e18,usr_c426b4e1,custom,2.03,1212.94,INR,outstanding,,2026-08-18T10:00:00+05:30
spl_cc47e50a,exp_430f3e18,usr_ef82139e,custom,2.0586,1230.01,INR,outstanding,,2026-08-18T10:00:00+05:30
spl_9988c99c,exp_430f3e18,usr_e95757cb,custom,1.7559,1049.15,INR,outstanding,,2026-08-18T10:00:00+05:30
spl_df5d7944,exp_430f3e18,usr_c46032f3,custom,2.0156,1204.35,INR,settled,2026-07-16T10:00:00+05:30,2026-08-18T10:00:00+05:30
spl_560bebde,exp_e25f244c,usr_3f4f4c52,equal,1,758.69,INR,outstanding,,2026-08-18T10:00:00+05:30
spl_2ef49cbd,exp_c3ad591b,usr_7d0ce609,custom,2.1377,6434.40,INR,settled,2026-06-30T10:00:00+05:30,2026-08-18T10:00:00+05:30
spl_2639a187,exp_65ba13dd,usr_c582abb2,equal,1,8417.21,INR,settled,2026-06-25T10:00:00+05:30,2026-08-18T10:00:00+05:30
spl_169aaa03,exp_862125e2,usr_e5415ac7,equal,1,1930.20,INR,outstanding,,2026-08-18T10:00:00+05:30
spl_9fa556ab,exp_862125e2,usr_0e5a0620,equal,1,1930.20,INR,settled,2026-06-25T10:00:00+05:30,2026-08-18T10:00:00+05:30
spl_69d6080f,exp_862125e2,usr_63d19d4c,equal,1,1930.21,INR,settled,2026-07-07T10:00:00+05:30,2026-08-18T10:00:00+05:30
spl_26c69a4b,exp_862125e2,usr_cc3e5793,equal,1,1930.21,INR,settled,2026-07-08T10:00:00+05:30,2026-08-18T10:00:00+05:30
spl_4455654f,exp_bae37c0f,usr_e1fb52ea,custom,2.023,1165.29,INR,outstanding,,2026-08-18T10:00:00+05:30
spl_66f556d1,exp_971dddf0,usr_6be041f5,equal,1,1400.05,INR,settled,2026-08-09T10:00:00+05:30,2026-08-18T10:00:00+05:30
spl_3d8a90d9,exp_95224521,usr_4c4dd666,percentage,0.6369,140.84,MYR,outstanding,,2026-08-18T10:00:00+05:30
spl_808316af,exp_95224521,usr_8e226071,percentage,0.5897,130.40,MYR,settled,2026-08-06T10:00:00+05:30,2026-08-18T10:00:00+05:30
spl_a489ef54,exp_a891f4f3,usr_17b45921,custom,1.0026,35.87,AED,outstanding,,2026-08-18T10:00:00+05:30
spl_7ea66917,exp_2e203f84,usr_ce9ee3ae,percentage,1.7685,9877.52,INR,settled,2026-06-21T10:00:00+05:30,2026-08-18T10:00:00+05:30
spl_3ab57e75,exp_1c6a4982,usr_14c738e0,percentage,1.954,918.29,INR,settled,2026-06-28T10:00:00+05:30,2026-08-18T10:00:00+05:30
spl_b8139658,exp_b60db64f,usr_fc3617c0,custom,1.9522,693.64,THB,settled,2026-07-29T10:00:00+05:30,2026-08-18T10:00:00+05:30
spl_c5484412,exp_e3b8c35a,usr_def3b524,equal,1,824.41,INR,settled,2026-07-11T10:00:00+05:30,2026-08-18T10:00:00+05:30
spl_3b67a9ce,exp_e3b8c35a,usr_72d88a70,equal,1,824.42,INR,outstanding,,2026-08-18T10:00:00+05:30
spl_293380ca,exp_941111db,usr_44604a9d,custom,2.0076,327.87,INR,settled,2026-07-26T10:00:00+05:30,2026-08-18T10:00:00+05:30
spl_6286c281,exp_941111db,usr_14ca6dc1,custom,1.5679,256.06,INR,settled,2026-06-20T10:00:00+05:30,2026-08-18T10:00:00+05:30
spl_c2daa166,exp_941111db,usr_1bd9093b,custom,0.538,87.87,INR,outstanding,,2026-08-18T10:00:00+05:30
spl_58b4cc9b,exp_16eee884,usr_0b8f3bdc,percentage,0.7558,1214.52,INR,outstanding,,2026-08-18T10:00:00+05:30
spl_8a9aaa92,exp_c7aaa249,usr_95492664,percentage,2.0974,1279.70,NPR,settled,2026-06-30T10:00:00+05:30,2026-08-18T10:00:00+05:30
spl_7765a3d6,exp_c7aaa249,usr_cdc31bd3,percentage,1.8964,1157.05,NPR,outstanding,,2026-08-18T10:00:00+05:30
spl_120e442b,exp_7dc1413b,usr_2de68d4f,custom,0.692,861.97,INR,outstanding,,2026-08-18T10:00:00+05:30
spl_6245b9f2,exp_3f7a979b,usr_9181bfe3,equal,1,9607.06,INR,settled,2026-07-18T10:00:00+05:30,2026-08-18T10:00:00+05:30
spl_37ba4cd6,exp_c8603c06,usr_e076a69d,custom,0.8987,1124.06,INR,outstanding,,2026-08-18T10:00:00+05:30
spl_7e7c0682,exp_c0348631,usr_cb0928ac,equal,1,28.02,AED,settled,2026-07-04T10:00:00+05:30,2026-08-18T10:00:00+05:30
spl_edd0168c,exp_c0348631,usr_4794174d,equal,1,28.01,AED,settled,2026-06-29T10:00:00+05:30,2026-08-18T10:00:00+05:30
spl_413a61df,exp_c0348631,usr_f3d35bfe,equal,1,28.01,AED,outstanding,,2026-08-18T10:00:00+05:30
spl_2e0a20fd,exp_7d6a2077,usr_6ec8f18d,shares,1.9873,1257.09,INR,outstanding,,2026-08-18T10:00:00+05:30
spl_1052fa20,exp_cab97872,usr_bedf358a,equal,1,382.05,NPR,outstanding,,2026-08-18T10:00:00+05:30
spl_8c2de9ff,exp_cab97872,usr_6e3b5c10,equal,1,382.05,NPR,outstanding,,2026-08-18T10:00:00+05:30
spl_58eef35e,exp_cab97872,usr_7d0ce609,equal,1,382.05,NPR,outstanding,,2026-08-18T10:00:00+05:30
spl_9622cdce,exp_cab97872,usr_326aed9f,equal,1,382.05,NPR,settled,2026-07-12T10:00:00+05:30,2026-08-18T10:00:00+05:30
spl_b7eff573,exp_71fd1953,usr_5dec704e,custom,1.3357,2396.65,INR,settled,2026-07-13T10:00:00+05:30,2026-08-18T10:00:00+05:30
spl_62f2ef70,exp_469a8eb0,usr_2c93ab7f,equal,1,533.19,INR,outstanding,,2026-08-18T10:00:00+05:30
spl_57ab9df9,exp_fcd0b9fc,usr_ddfd9a4a,shares,1.4829,802.87,INR,outstanding,,2026-08-18T10:00:00+05:30
spl_4945663f,exp_20450065,usr_353c55a8,percentage,1.0401,1873.54,INR,settled,2026-06-22T10:00:00+05:30,2026-08-18T10:00:00+05:30
spl_43532d08,exp_20450065,usr_e3b9431c,percentage,1.6838,3033.07,INR,outstanding,,2026-08-18T10:00:00+05:30
spl_f857e240,exp_20450065,usr_9292ebbb,percentage,1.0796,1944.74,INR,written_off,,2026-08-18T10:00:00+05:30
spl_0fc5ea96,exp_20450065,usr_3495d8ed,percentage,1.6687,3005.84,INR,outstanding,,2026-08-18T10:00:00+05:30
spl_e9b958e8,exp_f63341b3,usr_1217680f,shares,0.6898,456.96,INR,settled,2026-07-30T10:00:00+05:30,2026-08-18T10:00:00+05:30
spl_e85dcfa9,exp_f63341b3,usr_4012e3f7,shares,2.2204,1470.90,INR,outstanding,,2026-08-18T10:00:00+05:30
spl_d860f1b3,exp_37a28a67,usr_538f6e20,shares,1.273,508.06,INR,settled,2026-07-24T10:00:00+05:30,2026-08-18T10:00:00+05:30
spl_0c00ff48,exp_37a28a67,usr_942658c9,shares,1.4377,573.79,INR,settled,2026-07-24T10:00:00+05:30,2026-08-18T10:00:00+05:30
spl_3190f956,exp_a4a71aed,usr_bac1ae76,custom,0.9601,648.32,INR,outstanding,,2026-08-18T10:00:00+05:30
spl_ba1dcd44,exp_a4a71aed,usr_2182a4d3,custom,2.4024,1622.32,INR,settled,2026-07-27T10:00:00+05:30,2026-08-18T10:00:00+05:30
spl_0136abef,exp_acc64de5,usr_24e54a31,equal,1,139.97,THB,outstanding,,2026-08-18T10:00:00+05:30
spl_830bc5ec,exp_acc64de5,usr_108e6f0f,equal,1,139.97,THB,outstanding,,2026-08-18T10:00:00+05:30
spl_38b95ecc,exp_0833f18e,usr_3d2f73ea,equal,1,551.58,INR,settled,2026-08-12T10:00:00+05:30,2026-08-18T10:00:00+05:30
spl_83d14e88,exp_0833f18e,usr_0dc99bd5,equal,1,551.58,INR,outstanding,,2026-08-18T10:00:00+05:30
spl_6e87e440,exp_29624c6e,usr_e94f06ca,equal,1,1286.84,INR,settled,2026-07-29T10:00:00+05:30,2026-08-18T10:00:00+05:30
spl_e109d918,exp_02c0b0ee,usr_14c738e0,equal,1,2876.48,INR,outstanding,,2026-08-18T10:00:00+05:30
spl_7346b62d,exp_eb0db2e8,usr_d1a44892,custom,2.1729,33.34,MYR,settled,2026-07-12T10:00:00+05:30,2026-08-18T10:00:00+05:30
spl_2a036e82,exp_82cc2e05,usr_d89a661b,custom,1.844,533.11,INR,outstanding,,2026-08-18T10:00:00+05:30
spl_a7c267a5,exp_5898d6e4,usr_efe9a3aa,shares,0.67,1091.77,INR,outstanding,,2026-08-18T10:00:00+05:30
spl_8ace8674,exp_fd68d9fc,usr_ce09de03,custom,1.943,13.77,CHF,settled,2026-07-07T10:00:00+05:30,2026-08-18T10:00:00+05:30
spl_2daf1052,exp_e04c5e4c,usr_3a36b154,equal,1,1122.11,INR,settled,2026-08-08T10:00:00+05:30,2026-08-18T10:00:00+05:30
spl_8d394882,exp_e966eeb5,usr_ee03ca6c,equal,1,718.46,INR,settled,2026-06-26T10:00:00+05:30,2026-08-18T10:00:00+05:30
spl_a5e661a2,exp_efda0006,usr_8ed02105,custom,1.5668,364.45,INR,outstanding,,2026-08-18T10:00:00+05:30
spl_21a4aa21,exp_efda0006,usr_02b3a36d,custom,1.3239,307.93,INR,outstanding,,2026-08-18T10:00:00+05:30
spl_bcf9b25c,exp_bab280b2,usr_8af9206e,equal,1,1807.89,INR,outstanding,,2026-08-18T10:00:00+05:30
spl_77805954,exp_18103c0c,usr_701b0010,equal,1,2436.79,INR,outstanding,,2026-08-18T10:00:00+05:30
spl_5720f9f0,exp_bebe3fe3,usr_1a6892bf,equal,1,38.12,INR,settled,2026-07-10T10:00:00+05:30,2026-08-18T10:00:00+05:30
spl_ca65e48a,exp_bebe3fe3,usr_96740172,equal,1,38.11,INR,settled,2026-08-17T10:00:00+05:30,2026-08-18T10:00:00+05:30
spl_3040856d,exp_bebe3fe3,usr_08b8f8e9,equal,1,38.11,INR,outstanding,,2026-08-18T10:00:00+05:30
spl_5fa5db7f,exp_bebe3fe3,usr_b1b8dc45,equal,1,38.11,INR,outstanding,,2026-08-18T10:00:00+05:30
spl_edc17b25,exp_31515c12,usr_2109396c,custom,1.862,827.33,INR,outstanding,,2026-08-18T10:00:00+05:30
spl_3f78a7ff,exp_31515c12,usr_aef2d4f6,custom,2.156,957.98,INR,outstanding,,2026-08-18T10:00:00+05:30
spl_d3a95059,exp_2a646027,usr_ce9ee3ae,shares,1.2982,359.06,INR,settled,2026-08-14T10:00:00+05:30,2026-08-18T10:00:00+05:30
spl_ce885ad3,exp_7e74da66,usr_9c28ee85,equal,1,688.25,INR,outstanding,,2026-08-18T10:00:00+05:30
spl_73e1374b,exp_b6ea2785,usr_520d9624,custom,0.9155,174.13,INR,outstanding,,2026-08-18T10:00:00+05:30
spl_1a3c90f0,exp_b6ea2785,usr_053e7434,custom,1.5628,297.23,INR,outstanding,,2026-08-18T10:00:00+05:30
spl_e8b18dcb,exp_0972a6bc,usr_3f4f4c52,equal,1,678.27,INR,settled,2026-07-31T10:00:00+05:30,2026-08-18T10:00:00+05:30
spl_98dc5ef1,exp_d8f00b99,usr_d56927f7,custom,2.0278,760.80,INR,settled,2026-06-22T10:00:00+05:30,2026-08-18T10:00:00+05:30
spl_981477f5,exp_bad35521,usr_44ef2e9c,percentage,0.7996,318.81,INR,outstanding,,2026-08-18T10:00:00+05:30
spl_23fbde82,exp_bad35521,usr_0b483652,percentage,1.2978,517.41,INR,settled,2026-07-06T10:00:00+05:30,2026-08-18T10:00:00+05:30
spl_05e2a0c0,exp_bad35521,usr_f5ceb136,percentage,2.3129,922.17,INR,outstanding,,2026-08-18T10:00:00+05:30
spl_afeaf94e,exp_06d740f7,usr_81ed406f,equal,1,759.93,THB,settled,2026-07-31T10:00:00+05:30,2026-08-18T10:00:00+05:30
spl_dfa59c6f,exp_06d740f7,usr_bff7bdb8,equal,1,759.92,THB,settled,2026-06-23T10:00:00+05:30,2026-08-18T10:00:00+05:30
spl_60320861,exp_06d740f7,usr_a685483e,equal,1,759.92,THB,outstanding,,2026-08-18T10:00:00+05:30
spl_4550e857,exp_06d740f7,usr_c9451968,equal,1,759.92,THB,outstanding,,2026-08-18T10:00:00+05:30
spl_8bec5ac5,exp_61b6ce27,usr_f5a38687,percentage,2.2239,364.02,INR,settled,2026-06-26T10:00:00+05:30,2026-08-18T10:00:00+05:30
spl_4bd2e6fd,exp_61b6ce27,usr_25c3664e,percentage,2.1194,346.92,INR,outstanding,,2026-08-18T10:00:00+05:30
spl_606cdd3f,exp_61b6ce27,usr_f49d96dd,percentage,2.1712,355.39,INR,outstanding,,2026-08-18T10:00:00+05:30
spl_88140d4e,exp_61b6ce27,usr_2c8b7af8,percentage,1.2039,197.07,INR,settled,2026-08-05T10:00:00+05:30,2026-08-18T10:00:00+05:30
spl_735e4a22,exp_dc2fb9a3,usr_e076a69d,percentage,2.0959,364.59,INR,settled,2026-07-04T10:00:00+05:30,2026-08-18T10:00:00+05:30
spl_fb72fc59,exp_dc2fb9a3,usr_85c09ee4,percentage,2.1331,371.05,INR,outstanding,,2026-08-18T10:00:00+05:30
spl_05739aa9,exp_9fc9daf0,usr_9473419d,custom,1.0367,1649.83,INR,outstanding,,2026-08-18T10:00:00+05:30
spl_a5635383,exp_bf6aa853,usr_9181bfe3,percentage,1.2012,196.44,AED,settled,2026-07-27T10:00:00+05:30,2026-08-18T10:00:00+05:30
spl_a045cb33,exp_b926710e,usr_33bed572,equal,1,8621.09,INR,settled,2026-07-04T10:00:00+05:30,2026-08-18T10:00:00+05:30
spl_1c6dae27,exp_152b6500,usr_a25f0129,equal,1,3111.27,INR,outstanding,,2026-08-18T10:00:00+05:30
spl_a22bdcc4,exp_624e9b0f,usr_a93726c0,equal,1,572.05,INR,outstanding,,2026-08-18T10:00:00+05:30
spl_20cc521f,exp_c7de0dfa,usr_7576a6e0,shares,1.1726,342.16,INR,outstanding,,2026-08-18T10:00:00+05:30
spl_053c560f,exp_c7de0dfa,usr_107ab982,shares,1.1187,326.46,INR,settled,2026-07-20T10:00:00+05:30,2026-08-18T10:00:00+05:30
spl_a66e00d2,exp_c7de0dfa,usr_956481cd,shares,2.0431,596.17,INR,outstanding,,2026-08-18T10:00:00+05:30
spl_882ce27b,exp_c7de0dfa,usr_842437da,shares,1.0568,308.38,INR,outstanding,,2026-08-18T10:00:00+05:30
spl_c7c9993f,exp_2fcaca2c,usr_2c93ab7f,custom,1.9679,4951.30,INR,outstanding,,2026-08-18T10:00:00+05:30
spl_e56e3296,exp_4a23c293,usr_4d8f3b3a,percentage,0.798,555.54,INR,settled,2026-08-04T10:00:00+05:30,2026-08-18T10:00:00+05:30
spl_42c494fa,exp_fe3eb77e,usr_8ba42edb,custom,2.3531,54.61,AED,settled,2026-06-26T10:00:00+05:30,2026-08-18T10:00:00+05:30
spl_cf7021d8,exp_a6bb0029,usr_41431693,equal,1,103.58,INR,settled,2026-07-25T10:00:00+05:30,2026-08-18T10:00:00+05:30
spl_d761ab3b,exp_a6bb0029,usr_c94b68cc,equal,1,103.58,INR,settled,2026-08-07T10:00:00+05:30,2026-08-18T10:00:00+05:30
spl_7e1dd149,exp_a6bb0029,usr_4d83499f,equal,1,103.58,INR,outstanding,,2026-08-18T10:00:00+05:30
spl_bcd5ee8c,exp_d61aaf5e,usr_e27e3b52,custom,0.5232,1009.90,INR,outstanding,,2026-08-18T10:00:00+05:30
spl_d2a1e93b,exp_52eb34a0,usr_cb0928ac,custom,1.3022,547.72,INR,outstanding,,2026-08-18T10:00:00+05:30
spl_784e5697,exp_52eb34a0,usr_4794174d,custom,1.416,595.57,INR,settled,2026-08-05T10:00:00+05:30,2026-08-18T10:00:00+05:30
spl_27c3b96f,exp_52eb34a0,usr_f3d35bfe,custom,1.0905,458.67,INR,settled,2026-06-24T10:00:00+05:30,2026-08-18T10:00:00+05:30
spl_5f2df379,exp_835c5d24,usr_6c3fae7b,equal,1,19.68,SGD,outstanding,,2026-08-18T10:00:00+05:30
spl_cf857efb,exp_80f6f16c,usr_9694b4a3,equal,1,9521.22,INR,outstanding,,2026-08-18T10:00:00+05:30
spl_04182921,exp_d0bf86ac,usr_8add6423,equal,1,129.42,INR,written_off,,2026-08-18T10:00:00+05:30
spl_f3fc4769,exp_d0bf86ac,usr_2808d36a,equal,1,129.43,INR,outstanding,,2026-08-18T10:00:00+05:30
spl_549b27c3,exp_d0bf86ac,usr_d504f21d,equal,1,129.43,INR,outstanding,,2026-08-18T10:00:00+05:30
spl_9b197e3c,exp_d0bf86ac,usr_6bf6f0c2,equal,1,129.43,INR,outstanding,,2026-08-18T10:00:00+05:30
spl_65a5f80b,exp_d39ec52a,usr_34f98272,equal,1,1004.32,INR,settled,2026-07-16T10:00:00+05:30,2026-08-18T10:00:00+05:30
spl_e4d576d9,exp_02fabddb,usr_4f4d8587,percentage,1.0153,25.10,CHF,outstanding,,2026-08-18T10:00:00+05:30
spl_1dd7d1a7,exp_2e85c310,usr_e94f06ca,equal,1,1209.50,INR,outstanding,,2026-08-18T10:00:00+05:30
spl_c566a4b3,exp_7d10adad,usr_63531f2d,equal,1,721.61,INR,outstanding,,2026-08-18T10:00:00+05:30
spl_e88d6802,exp_7d10adad,usr_51983e08,equal,1,721.61,INR,settled,2026-06-26T10:00:00+05:30,2026-08-18T10:00:00+05:30
spl_8d75de8c,exp_da9f4d1a,usr_7ad82b11,equal,1,845.62,INR,written_off,,2026-08-18T10:00:00+05:30
spl_2f06aca1,exp_9d03a77e,usr_949a215d,custom,0.822,298.67,INR,outstanding,,2026-08-18T10:00:00+05:30
spl_c3189651,exp_9d03a77e,usr_72dfb712,custom,1.5019,545.70,INR,settled,2026-07-10T10:00:00+05:30,2026-08-18T10:00:00+05:30
spl_a6d194ce,exp_9d03a77e,usr_ce9ee3ae,custom,1.3136,477.29,INR,outstanding,,2026-08-18T10:00:00+05:30
spl_58c79a95,exp_6493f48b,usr_357e579a,custom,1.1401,315.76,INR,outstanding,,2026-08-18T10:00:00+05:30
spl_e2e255fa,exp_4910193f,usr_5307f01f,equal,1,446.78,INR,outstanding,,2026-08-18T10:00:00+05:30
spl_76eab4db,exp_4910193f,usr_0e9166f0,equal,1,446.79,INR,settled,2026-07-11T10:00:00+05:30,2026-08-18T10:00:00+05:30
spl_50496bc3,exp_4910193f,usr_4a53ac63,equal,1,446.79,INR,settled,2026-06-30T10:00:00+05:30,2026-08-18T10:00:00+05:30
spl_66804cd5,exp_1acb575b,usr_2e562f89,shares,1.5754,1831.32,INR,outstanding,,2026-08-18T10:00:00+05:30
spl_56c94485,exp_1acb575b,usr_0af476d1,shares,2.4843,2887.92,INR,outstanding,,2026-08-18T10:00:00+05:30
spl_3686c67a,exp_03f0e8a1,usr_6eabc4ca,custom,2.3298,184.09,INR,outstanding,,2026-08-18T10:00:00+05:30
spl_1a2b35e6,exp_03f0e8a1,usr_22a5c239,custom,2.3754,187.69,INR,settled,2026-07-27T10:00:00+05:30,2026-08-18T10:00:00+05:30
spl_12273404,exp_03f0e8a1,usr_8e89346c,custom,2.4149,190.81,INR,outstanding,,2026-08-18T10:00:00+05:30
spl_a9859e95,exp_03f0e8a1,usr_9473419d,custom,1.3928,110.05,INR,settled,2026-07-28T10:00:00+05:30,2026-08-18T10:00:00+05:30
spl_a5ca2838,exp_914b0dfc,usr_a6eaecde,equal,1,1545.01,INR,settled,2026-07-28T10:00:00+05:30,2026-08-18T10:00:00+05:30
spl_cf9c4748,exp_42e417e1,usr_bedf358a,percentage,2.0065,523.27,INR,settled,2026-08-09T10:00:00+05:30,2026-08-18T10:00:00+05:30
spl_d5cbe5c6,exp_42e417e1,usr_e6dcafe4,percentage,0.5038,131.39,INR,settled,2026-07-19T10:00:00+05:30,2026-08-18T10:00:00+05:30
spl_47f303e0,exp_42e417e1,usr_712600f0,percentage,0.7702,200.86,INR,outstanding,,2026-08-18T10:00:00+05:30
spl_49f053eb,exp_258b264b,usr_aaf1c470,equal,1,4149.54,INR,settled,2026-07-04T10:00:00+05:30,2026-08-18T10:00:00+05:30
spl_ab2a703e,exp_258b264b,usr_b3f2baa1,equal,1,4149.54,INR,outstanding,,2026-08-18T10:00:00+05:30
spl_7886168d,exp_561a2912,usr_7576a6e0,percentage,2.0466,594.92,INR,outstanding,,2026-08-18T10:00:00+05:30
spl_b04ed737,exp_561a2912,usr_107ab982,percentage,0.9792,284.65,INR,outstanding,,2026-08-18T10:00:00+05:30
spl_ccd262fc,exp_561a2912,usr_956481cd,percentage,2.3517,683.59,INR,settled,2026-07-18T10:00:00+05:30,2026-08-18T10:00:00+05:30
spl_9948b941,exp_561a2912,usr_842437da,percentage,1.9311,561.32,INR,settled,2026-07-21T10:00:00+05:30,2026-08-18T10:00:00+05:30
spl_c0781e09,exp_5a5d573a,usr_8e56e75b,equal,1,1120.40,INR,settled,2026-06-26T10:00:00+05:30,2026-08-18T10:00:00+05:30
spl_8c51ff53,exp_bbb9de28,usr_3d92578a,equal,1,813.58,INR,outstanding,,2026-08-18T10:00:00+05:30
spl_dd855ff9,exp_b9a910fa,usr_78b510fb,equal,1,471.56,INR,outstanding,,2026-08-18T10:00:00+05:30
spl_aef1f94e,exp_b9a910fa,usr_b8779399,equal,1,471.56,INR,settled,2026-07-16T10:00:00+05:30,2026-08-18T10:00:00+05:30
spl_45639789,exp_b9a910fa,usr_90afe18c,equal,1,471.56,INR,settled,2026-06-26T10:00:00+05:30,2026-08-18T10:00:00+05:30
spl_5b8a5bd3,exp_ef5fe82b,usr_8e89346c,equal,1,808.20,INR,outstanding,,2026-08-18T10:00:00+05:30
spl_1033e509,exp_02b8f3e7,usr_5c20b1bf,custom,1.6117,1661.48,INR,outstanding,,2026-08-18T10:00:00+05:30
spl_944d255f,exp_1700ceba,usr_1c8154b9,equal,1,1563.76,INR,outstanding,,2026-08-18T10:00:00+05:30
spl_99c664f5,exp_5e03afa1,usr_7af770b2,equal,1,534.63,INR,settled,2026-07-22T10:00:00+05:30,2026-08-18T10:00:00+05:30
spl_9425348d,exp_7bfa25ed,usr_88af6903,custom,1.1829,829.49,INR,outstanding,,2026-08-18T10:00:00+05:30
spl_8571a435,exp_b0183bc4,usr_7101a5b5,equal,1,17.70,CHF,outstanding,,2026-08-18T10:00:00+05:30
spl_cd423a79,exp_1936df56,usr_7a1346e6,equal,1,123.24,INR,settled,2026-07-27T10:00:00+05:30,2026-08-18T10:00:00+05:30
spl_efb8a421,exp_1936df56,usr_1f3d6d92,equal,1,123.23,INR,outstanding,,2026-08-18T10:00:00+05:30
spl_58e5b5d2,exp_1936df56,usr_3ee2992a,equal,1,123.23,INR,outstanding,,2026-08-18T10:00:00+05:30
spl_7a5f9893,exp_1936df56,usr_abb36fee,equal,1,123.23,INR,outstanding,,2026-08-18T10:00:00+05:30
spl_cf76851c,exp_cccf2b15,usr_8e84ba7a,equal,1,524.78,INR,outstanding,,2026-08-18T10:00:00+05:30
spl_5479a2ea,exp_40c9c094,usr_2808d36a,equal,1,2113.14,INR,settled,2026-08-10T10:00:00+05:30,2026-08-18T10:00:00+05:30
spl_22826513,exp_40c9c094,usr_8020be6b,equal,1,2113.13,INR,outstanding,,2026-08-18T10:00:00+05:30
spl_b854a839,exp_40c9c094,usr_22e61dad,equal,1,2113.13,INR,outstanding,,2026-08-18T10:00:00+05:30
spl_dd0de55c,exp_6b7edf86,usr_9e6dc4d3,equal,1,1527.06,INR,outstanding,,2026-08-18T10:00:00+05:30
spl_87c43fd6,exp_6b7edf86,usr_fd9d50a7,equal,1,1527.05,INR,outstanding,,2026-08-18T10:00:00+05:30
spl_3f114e49,exp_6b7edf86,usr_0021edc6,equal,1,1527.05,INR,outstanding,,2026-08-18T10:00:00+05:30
spl_501b16fd,exp_6b7edf86,usr_209fdcf3,equal,1,1527.05,INR,outstanding,,2026-08-18T10:00:00+05:30
spl_bb4fdd4b,exp_a080b1cf,usr_c538bbe8,custom,2.0978,1199.12,INR,outstanding,,2026-08-18T10:00:00+05:30
spl_52c0d3a2,exp_2907b159,usr_e7b2dd09,equal,1,9273.19,INR,settled,2026-07-14T10:00:00+05:30,2026-08-18T10:00:00+05:30
spl_3dc4f628,exp_988f5b25,usr_8659fe93,equal,1,1028.07,MVR,settled,2026-08-06T10:00:00+05:30,2026-08-18T10:00:00+05:30
spl_cd8bfe80,exp_e579e775,usr_b8c5bfe0,equal,1,186.27,INR,outstanding,,2026-08-18T10:00:00+05:30
spl_ed48a722,exp_f726af77,usr_c221a5aa,equal,1,2121.46,NPR,outstanding,,2026-08-18T10:00:00+05:30
spl_e5683133,exp_f726af77,usr_d5cd5550,equal,1,2121.45,NPR,settled,2026-07-17T10:00:00+05:30,2026-08-18T10:00:00+05:30
spl_0e22f4a3,exp_f726af77,usr_eba38ad5,equal,1,2121.45,NPR,outstanding,,2026-08-18T10:00:00+05:30
spl_f274bda2,exp_f726af77,usr_865c98a2,equal,1,2121.45,NPR,outstanding,,2026-08-18T10:00:00+05:30
spl_05004aeb,exp_9156e566,usr_3d2f73ea,equal,1,714.83,INR,outstanding,,2026-08-18T10:00:00+05:30
spl_4ef9b3bc,exp_9156e566,usr_0dc99bd5,equal,1,714.84,INR,settled,2026-06-30T10:00:00+05:30,2026-08-18T10:00:00+05:30
spl_48223c8c,exp_eb6505b0,usr_20594684,percentage,1.9428,1268.79,INR,settled,2026-07-12T10:00:00+05:30,2026-08-18T10:00:00+05:30
spl_1abe0a29,exp_4df27006,usr_55b114d5,custom,2.0866,841.80,INR,outstanding,,2026-08-18T10:00:00+05:30
spl_828e6a2e,exp_4df27006,usr_3f4f4c52,custom,0.8843,356.78,INR,settled,2026-06-21T10:00:00+05:30,2026-08-18T10:00:00+05:30
spl_bb6eef05,exp_4df27006,usr_ddfd9a4a,custom,1.3226,533.60,INR,written_off,,2026-08-18T10:00:00+05:30
spl_ac021285,exp_4df27006,usr_a36d3b50,custom,2.2622,912.66,INR,settled,2026-06-20T10:00:00+05:30,2026-08-18T10:00:00+05:30
spl_cf2a398b,exp_6e960c0e,usr_efe9a3aa,equal,1,267.00,INR,settled,2026-07-05T10:00:00+05:30,2026-08-18T10:00:00+05:30
spl_aea1886c,exp_b0646e05,usr_8ba42edb,custom,0.6519,1172.78,INR,settled,2026-07-22T10:00:00+05:30,2026-08-18T10:00:00+05:30
spl_5b552071,exp_4a3fbd17,usr_693c20b9,equal,1,9.11,AED,settled,2026-06-28T10:00:00+05:30,2026-08-18T10:00:00+05:30
spl_4c8722ab,exp_4a3fbd17,usr_d89a1dce,equal,1,9.11,AED,settled,2026-08-17T10:00:00+05:30,2026-08-18T10:00:00+05:30
spl_773b37c8,exp_4a3fbd17,usr_0e9166f0,equal,1,9.11,AED,settled,2026-08-12T10:00:00+05:30,2026-08-18T10:00:00+05:30
spl_5ec091b0,exp_4a3fbd17,usr_be1c9458,equal,1,9.11,AED,outstanding,,2026-08-18T10:00:00+05:30
spl_2bb49e61,exp_90dc5ac1,usr_bedf358a,equal,1,609.65,INR,outstanding,,2026-08-18T10:00:00+05:30
spl_39cd898f,exp_90dc5ac1,usr_e6dcafe4,equal,1,609.64,INR,outstanding,,2026-08-18T10:00:00+05:30
spl_70252821,exp_90dc5ac1,usr_712600f0,equal,1,609.64,INR,outstanding,,2026-08-18T10:00:00+05:30
spl_37ddb2c6,exp_5dfa123c,usr_fae4d064,percentage,0.927,782.30,INR,outstanding,,2026-08-18T10:00:00+05:30
spl_ce39bdf5,exp_693adf3d,usr_50bced56,equal,1,92.40,INR,settled,2026-08-11T10:00:00+05:30,2026-08-18T10:00:00+05:30
spl_c092b130,exp_693adf3d,usr_5d8450f0,equal,1,92.39,INR,settled,2026-06-26T10:00:00+05:30,2026-08-18T10:00:00+05:30
spl_87ae6f34,exp_693adf3d,usr_3134253d,equal,1,92.39,INR,outstanding,,2026-08-18T10:00:00+05:30
spl_9461e99e,exp_0b8a6944,usr_bbd1ced8,equal,1,66.33,MVR,written_off,,2026-08-18T10:00:00+05:30
spl_7b72f70b,exp_80bfbfb7,usr_5bbebfef,equal,1,153.28,MVR,outstanding,,2026-08-18T10:00:00+05:30
spl_eea858c3,exp_f87c1a2a,usr_c010ce3c,custom,1.2707,1030.75,INR,written_off,,2026-08-18T10:00:00+05:30
spl_2859952d,exp_3ba9706d,usr_02d5e350,percentage,2.3833,363.99,INR,settled,2026-08-17T10:00:00+05:30,2026-08-18T10:00:00+05:30
spl_e981173f,exp_ca4a3a36,usr_d504f21d,shares,1.839,41.39,QAR,outstanding,,2026-08-18T10:00:00+05:30
spl_cad7a420,exp_7151cd69,usr_b0226153,equal,1,3041.76,INR,outstanding,,2026-08-18T10:00:00+05:30
spl_4503f515,exp_7151cd69,usr_e6dca418,equal,1,3041.76,INR,outstanding,,2026-08-18T10:00:00+05:30
spl_a3f804de,exp_7151cd69,usr_37079a82,equal,1,3041.76,INR,settled,2026-07-13T10:00:00+05:30,2026-08-18T10:00:00+05:30
spl_34c0c2f5,exp_92789530,usr_72dfb712,shares,0.9717,230.13,INR,settled,2026-06-20T10:00:00+05:30,2026-08-18T10:00:00+05:30
spl_58067c32,exp_ebfa1238,usr_865c98a2,shares,2.4216,3378.00,INR,outstanding,,2026-08-18T10:00:00+05:30
spl_c3a8362b,exp_62985def,usr_ce269698,shares,1.9236,3158.54,INR,settled,2026-08-01T10:00:00+05:30,2026-08-18T10:00:00+05:30
spl_64054c56,exp_62985def,usr_a9e888d0,shares,1.273,2090.22,INR,outstanding,,2026-08-18T10:00:00+05:30
spl_eb5f242b,exp_62985def,usr_e2ca58e8,shares,2.2564,3704.99,INR,settled,2026-07-22T10:00:00+05:30,2026-08-18T10:00:00+05:30
spl_970d0931,exp_262e9a13,usr_d20b2a69,equal,1,425.47,INR,outstanding,,2026-08-18T10:00:00+05:30
spl_263aa915,exp_262e9a13,usr_dc888b66,equal,1,425.46,INR,outstanding,,2026-08-18T10:00:00+05:30
spl_bd8abfac,exp_262e9a13,usr_bc4b67f6,equal,1,425.46,INR,written_off,,2026-08-18T10:00:00+05:30
spl_a1cf86f7,exp_06ef4d40,usr_1ef037a0,equal,1,1285.98,BTN,settled,2026-07-17T10:00:00+05:30,2026-08-18T10:00:00+05:30
spl_c9186b9d,exp_239e06ae,usr_f4863900,equal,1,3404.18,INR,outstanding,,2026-08-18T10:00:00+05:30
spl_38391022,exp_7976d50a,usr_e076a69d,shares,1.9681,1212.80,INR,outstanding,,2026-08-18T10:00:00+05:30
spl_b2ef03dc,exp_0e794c26,usr_3d56531d,equal,1,855.42,INR,outstanding,,2026-08-18T10:00:00+05:30
spl_614095ab,exp_0e794c26,usr_29dfdea3,equal,1,855.42,INR,outstanding,,2026-08-18T10:00:00+05:30
spl_190c4408,exp_b687574a,usr_949a215d,equal,1,254.05,INR,settled,2026-07-04T10:00:00+05:30,2026-08-18T10:00:00+05:30
spl_3a8a7730,exp_b687574a,usr_72dfb712,equal,1,254.06,INR,settled,2026-06-29T10:00:00+05:30,2026-08-18T10:00:00+05:30
spl_afeed373,exp_b687574a,usr_ce9ee3ae,equal,1,254.06,INR,outstanding,,2026-08-18T10:00:00+05:30
spl_3ff97cd8,exp_7d352c5f,usr_b1a4b433,percentage,1.2165,8539.89,INR,outstanding,,2026-08-18T10:00:00+05:30
spl_e1e3a968,exp_c3015a67,usr_51275e79,custom,1.1779,1551.79,NPR,settled,2026-07-11T10:00:00+05:30,2026-08-18T10:00:00+05:30
spl_2bf70878,exp_c3015a67,usr_6498a0a8,custom,2.4658,3248.55,NPR,settled,2026-06-22T10:00:00+05:30,2026-08-18T10:00:00+05:30
spl_0bfb753a,exp_c3015a67,usr_866a8f33,custom,0.6868,904.81,NPR,settled,2026-07-16T10:00:00+05:30,2026-08-18T10:00:00+05:30
spl_2ef8eddb,exp_7c1f911f,usr_ee03ca6c,percentage,1.4844,979.22,INR,outstanding,,2026-08-18T10:00:00+05:30
spl_f2cb01c5,exp_7c1f911f,usr_506012f1,percentage,1.1149,735.48,INR,outstanding,,2026-08-18T10:00:00+05:30
spl_57eaa19c,exp_7c1f911f,usr_f23dc3eb,percentage,0.7419,489.40,INR,outstanding,,2026-08-18T10:00:00+05:30
spl_5cf5e2db,exp_7c1f911f,usr_bc4a9809,percentage,1.1179,737.46,INR,outstanding,,2026-08-18T10:00:00+05:30
spl_12c0849a,exp_c6799117,usr_5307f01f,equal,1,391.47,INR,outstanding,,2026-08-18T10:00:00+05:30
spl_84e8e0bd,exp_c6799117,usr_e10845c8,equal,1,391.47,INR,outstanding,,2026-08-18T10:00:00+05:30
spl_d829b16c,exp_c6799117,usr_34f98272,equal,1,391.47,INR,settled,2026-06-23T10:00:00+05:30,2026-08-18T10:00:00+05:30
spl_feabf6f4,exp_c6799117,usr_8ddbc4ab,equal,1,391.47,INR,outstanding,,2026-08-18T10:00:00+05:30
spl_9b0ac7ad,exp_71b93b2a,usr_ab49979e,equal,1,1449.50,INR,outstanding,,2026-08-18T10:00:00+05:30
spl_fcf4953e,exp_716594b2,usr_bc9d20fa,shares,1.1601,3358.52,INR,settled,2026-06-22T10:00:00+05:30,2026-08-18T10:00:00+05:30
spl_d82951ec,exp_bb0c922f,usr_e94f06ca,equal,1,4983.38,INR,outstanding,,2026-08-18T10:00:00+05:30
spl_c49d04ae,exp_695281d7,usr_5d24ab68,equal,1,453.23,INR,outstanding,,2026-08-18T10:00:00+05:30
spl_df98d983,exp_695281d7,usr_108e6f0f,equal,1,453.24,INR,outstanding,,2026-08-18T10:00:00+05:30
spl_0f42f228,exp_695281d7,usr_c8ada8bd,equal,1,453.24,INR,outstanding,,2026-08-18T10:00:00+05:30
spl_d2bcbd43,exp_7acf965b,usr_c659e4bf,equal,1,64.42,QAR,outstanding,,2026-08-18T10:00:00+05:30
spl_e2e06a66,exp_3ecc30ca,usr_8e84ba7a,equal,1,20.76,MYR,outstanding,,2026-08-18T10:00:00+05:30
spl_14eaa99f,exp_3ecc30ca,usr_5f1e6e1c,equal,1,20.76,MYR,settled,2026-08-11T10:00:00+05:30,2026-08-18T10:00:00+05:30
spl_a87b0d0f,exp_3ecc30ca,usr_fedbd227,equal,1,20.77,MYR,settled,2026-07-01T10:00:00+05:30,2026-08-18T10:00:00+05:30
spl_cbf7c2c5,exp_3ecc30ca,usr_65b43f7e,equal,1,20.77,MYR,outstanding,,2026-08-18T10:00:00+05:30
spl_441d68b0,exp_97f5bdf2,usr_fa851b11,custom,2.3833,636.81,INR,settled,2026-07-11T10:00:00+05:30,2026-08-18T10:00:00+05:30
spl_8d91bf92,exp_97f5bdf2,usr_2881e5be,custom,1.9182,512.53,INR,outstanding,,2026-08-18T10:00:00+05:30
spl_e008cae8,exp_500adb34,usr_58d2b52f,equal,1,6506.08,INR,settled,2026-08-03T10:00:00+05:30,2026-08-18T10:00:00+05:30
spl_ba40725e,exp_05d245ea,usr_065fbc7f,equal,1,2611.20,INR,settled,2026-07-15T10:00:00+05:30,2026-08-18T10:00:00+05:30
spl_b60b3ffd,exp_05d245ea,usr_dabbaf95,equal,1,2611.21,INR,outstanding,,2026-08-18T10:00:00+05:30
spl_a35b5a12,exp_05d245ea,usr_053e7434,equal,1,2611.21,INR,outstanding,,2026-08-18T10:00:00+05:30
spl_cdd2cd9d,exp_fe20bd8e,usr_8ed02105,custom,2.0638,652.81,INR,outstanding,,2026-08-18T10:00:00+05:30
spl_cd3d4ed2,exp_fe20bd8e,usr_e7080930,custom,2.2973,726.66,INR,outstanding,,2026-08-18T10:00:00+05:30
spl_b61836bb,exp_2f2aecdc,usr_d504f21d,equal,1,8766.76,INR,written_off,,2026-08-18T10:00:00+05:30
spl_88537758,exp_b6548c83,usr_93d67c62,custom,1.8837,442.02,INR,settled,2026-07-13T10:00:00+05:30,2026-08-18T10:00:00+05:30
spl_ec7756e0,exp_b6548c83,usr_8ed02105,custom,0.5384,126.35,INR,outstanding,,2026-08-18T10:00:00+05:30
spl_9c992394,exp_b6548c83,usr_ab2353de,custom,0.6329,148.50,INR,outstanding,,2026-08-18T10:00:00+05:30
spl_07446727,exp_b6548c83,usr_e7080930,custom,1.1745,275.61,INR,outstanding,,2026-08-18T10:00:00+05:30
spl_7a570265,exp_96508f15,usr_51247360,equal,1,423.76,JPY,settled,2026-08-04T10:00:00+05:30,2026-08-18T10:00:00+05:30
spl_50dd4a78,exp_96508f15,usr_34e42e87,equal,1,423.77,JPY,outstanding,,2026-08-18T10:00:00+05:30
spl_52a71329,exp_96508f15,usr_4d8f3b3a,equal,1,423.77,JPY,outstanding,,2026-08-18T10:00:00+05:30
spl_7cd6ff23,exp_f7722e30,usr_99adb626,custom,1.8516,437.78,NPR,settled,2026-08-17T10:00:00+05:30,2026-08-18T10:00:00+05:30
spl_d55685fe,exp_d8b1ab2c,usr_fedbd227,custom,1.4571,2092.67,INR,outstanding,,2026-08-18T10:00:00+05:30
spl_e2d5eddc,exp_b98133fd,usr_7edfea3c,shares,0.8625,316.15,INR,outstanding,,2026-08-18T10:00:00+05:30
spl_a989d26a,exp_b98133fd,usr_5e9a11a1,shares,1.9362,709.74,INR,settled,2026-06-23T10:00:00+05:30,2026-08-18T10:00:00+05:30
spl_d42021af,exp_b98133fd,usr_c25e06d9,shares,1.2639,463.30,INR,settled,2026-06-30T10:00:00+05:30,2026-08-18T10:00:00+05:30
spl_dcaa0290,exp_b98133fd,usr_656b5a35,shares,2.3915,876.64,INR,outstanding,,2026-08-18T10:00:00+05:30
spl_2736e04d,exp_bc71423f,usr_0551c67a,shares,0.8666,1177.63,INR,settled,2026-07-19T10:00:00+05:30,2026-08-18T10:00:00+05:30
spl_ecc86993,exp_bc71423f,usr_aefdae86,shares,1.2024,1633.95,INR,settled,2026-07-13T10:00:00+05:30,2026-08-18T10:00:00+05:30
spl_944f02a2,exp_bc71423f,usr_e6dca418,shares,1.8076,2456.39,INR,settled,2026-07-23T10:00:00+05:30,2026-08-18T10:00:00+05:30
spl_92c33c81,exp_bc71423f,usr_ce941853,shares,1.3832,1879.63,INR,settled,2026-07-12T10:00:00+05:30,2026-08-18T10:00:00+05:30
spl_9703580a,exp_0f1790fd,usr_bedf358a,equal,1,512.10,INR,outstanding,,2026-08-18T10:00:00+05:30
spl_4cf86532,exp_0f1790fd,usr_e6dcafe4,equal,1,512.09,INR,settled,2026-07-10T10:00:00+05:30,2026-08-18T10:00:00+05:30
spl_854c94a7,exp_0f1790fd,usr_712600f0,equal,1,512.09,INR,settled,2026-08-14T10:00:00+05:30,2026-08-18T10:00:00+05:30
spl_8f3d922b,exp_48a3561a,usr_569f1f22,equal,1,137.73,NPR,outstanding,,2026-08-18T10:00:00+05:30
spl_8c87f4a4,exp_48a3561a,usr_aefdae86,equal,1,137.73,NPR,outstanding,,2026-08-18T10:00:00+05:30
spl_a76ac28e,exp_48a3561a,usr_1ef037a0,equal,1,137.73,NPR,outstanding,,2026-08-18T10:00:00+05:30
spl_c20ee663,exp_48a3561a,usr_60c3a39a,equal,1,137.73,NPR,outstanding,,2026-08-18T10:00:00+05:30
spl_f37865cb,exp_fcdf62d3,usr_b6d5d98c,equal,1,31.47,QAR,settled,2026-07-31T10:00:00+05:30,2026-08-18T10:00:00+05:30
spl_5da621ec,exp_8d6f0dc1,usr_749f5098,equal,1,344.82,INR,outstanding,,2026-08-18T10:00:00+05:30
spl_2d6ded19,exp_8d6f0dc1,usr_7fa0a9c6,equal,1,344.81,INR,outstanding,,2026-08-18T10:00:00+05:30
spl_40268dfd,exp_8d6f0dc1,usr_7edfea3c,equal,1,344.81,INR,settled,2026-06-27T10:00:00+05:30,2026-08-18T10:00:00+05:30
spl_946e649b,exp_69738528,usr_77e91c3a,equal,1,6152.99,INR,outstanding,,2026-08-18T10:00:00+05:30
spl_80d885a7,exp_b64d86d4,usr_9afd8eab,custom,2.0445,1444.23,NPR,outstanding,,2026-08-18T10:00:00+05:30
spl_d8f0b609,exp_b64d86d4,usr_40edb5af,custom,1.1702,826.63,NPR,settled,2026-06-26T10:00:00+05:30,2026-08-18T10:00:00+05:30
spl_33b12c30,exp_b64d86d4,usr_a7185e16,custom,1.5199,1073.66,NPR,settled,2026-07-17T10:00:00+05:30,2026-08-18T10:00:00+05:30
spl_b3ccf733,exp_b64d86d4,usr_ab3f6d18,custom,2.1215,1498.68,NPR,settled,2026-06-22T10:00:00+05:30,2026-08-18T10:00:00+05:30
spl_f293100b,exp_c637640b,usr_d20b2a69,percentage,0.576,114.37,INR,settled,2026-08-06T10:00:00+05:30,2026-08-18T10:00:00+05:30
spl_59806721,exp_c637640b,usr_dc888b66,percentage,2.2599,448.70,INR,outstanding,,2026-08-18T10:00:00+05:30
spl_0a8d100f,exp_c637640b,usr_bc4b67f6,percentage,1.4516,288.22,INR,outstanding,,2026-08-18T10:00:00+05:30
spl_645cfe26,exp_c16f8aae,usr_fe056e56,custom,0.5791,2110.24,INR,outstanding,,2026-08-18T10:00:00+05:30
spl_90fa9d3e,exp_5b952982,usr_aa216995,custom,1.0626,202.24,INR,outstanding,,2026-08-18T10:00:00+05:30
spl_901aaa12,exp_5b952982,usr_5bbebfef,custom,1.322,251.60,INR,outstanding,,2026-08-18T10:00:00+05:30
spl_ae8efec5,exp_5b952982,usr_95492664,custom,1.7049,324.48,INR,settled,2026-07-25T10:00:00+05:30,2026-08-18T10:00:00+05:30
spl_771bbb9e,exp_5b952982,usr_98a69060,custom,0.8245,156.92,INR,settled,2026-08-07T10:00:00+05:30,2026-08-18T10:00:00+05:30
spl_5c2dc052,exp_7c09b2ff,usr_95492664,equal,1,1354.59,INR,outstanding,,2026-08-18T10:00:00+05:30
spl_5ae848e0,exp_7c09b2ff,usr_5bbebfef,equal,1,1354.59,INR,outstanding,,2026-08-18T10:00:00+05:30
spl_65c5e2a1,exp_a22e7170,usr_98ca8444,equal,1,61.96,QAR,outstanding,,2026-08-18T10:00:00+05:30
spl_af544d65,exp_a22e7170,usr_fa3a9dd6,equal,1,61.97,QAR,outstanding,,2026-08-18T10:00:00+05:30
spl_35681d21,exp_a22e7170,usr_82545d82,equal,1,61.97,QAR,outstanding,,2026-08-18T10:00:00+05:30
spl_20dbfa9f,exp_a22e7170,usr_0eb7982c,equal,1,61.97,QAR,settled,2026-06-25T10:00:00+05:30,2026-08-18T10:00:00+05:30
spl_db989791,exp_37a45e24,usr_d8cab59f,equal,1,1439034.01,IDR,outstanding,,2026-08-18T10:00:00+05:30
spl_15fd48e9,exp_16eda60e,usr_247f37bf,equal,1,7553.13,INR,outstanding,,2026-08-18T10:00:00+05:30
spl_603a7007,exp_fc833af9,usr_96b84c82,equal,1,1735.91,INR,settled,2026-08-11T10:00:00+05:30,2026-08-18T10:00:00+05:30
spl_9f5b5152,exp_d4402e8a,usr_e3e0cd9d,custom,1.3887,277.05,INR,outstanding,,2026-08-18T10:00:00+05:30
spl_fe7933b8,exp_c8c9b470,usr_c41a26c3,equal,1,1496.44,INR,outstanding,,2026-08-18T10:00:00+05:30
spl_cdc99014,exp_c8c9b470,usr_1dd8f348,equal,1,1496.44,INR,outstanding,,2026-08-18T10:00:00+05:30
spl_5235277d,exp_c8c9b470,usr_454b4262,equal,1,1496.44,INR,outstanding,,2026-08-18T10:00:00+05:30
spl_ba8a7b19,exp_c8c9b470,usr_da6b9625,equal,1,1496.44,INR,outstanding,,2026-08-18T10:00:00+05:30
spl_af475035,exp_647d276d,usr_f271c461,equal,1,651.26,INR,outstanding,,2026-08-18T10:00:00+05:30
spl_a122e5e8,exp_4a2b68cd,usr_3e25dcc6,equal,1,37.09,THB,outstanding,,2026-08-18T10:00:00+05:30
spl_1ece9221,exp_4a2b68cd,usr_81dbf021,equal,1,37.09,THB,settled,2026-08-14T10:00:00+05:30,2026-08-18T10:00:00+05:30
spl_4366b71c,exp_4a2b68cd,usr_65b43f7e,equal,1,37.10,THB,settled,2026-07-13T10:00:00+05:30,2026-08-18T10:00:00+05:30
spl_87b69333,exp_4a2b68cd,usr_e2ca58e8,equal,1,37.10,THB,settled,2026-08-14T10:00:00+05:30,2026-08-18T10:00:00+05:30
spl_239c6073,exp_12db7ae1,usr_5307f01f,equal,1,245.07,INR,settled,2026-07-05T10:00:00+05:30,2026-08-18T10:00:00+05:30
spl_d6bc623d,exp_12db7ae1,usr_0e9166f0,equal,1,245.07,INR,outstanding,,2026-08-18T10:00:00+05:30
spl_aaaa23ec,exp_12db7ae1,usr_4a53ac63,equal,1,245.07,INR,settled,2026-08-13T10:00:00+05:30,2026-08-18T10:00:00+05:30
spl_345c5c38,exp_14a391e5,usr_8a0aaa50,equal,1,954.91,LKR,outstanding,,2026-08-18T10:00:00+05:30
spl_b5ef8ceb,exp_14a391e5,usr_cb3be250,equal,1,954.90,LKR,outstanding,,2026-08-18T10:00:00+05:30
spl_9c3dac37,exp_14a391e5,usr_3190040f,equal,1,954.90,LKR,settled,2026-08-09T10:00:00+05:30,2026-08-18T10:00:00+05:30
spl_1b7a0159,exp_28ff8c54,usr_651a4d17,custom,2.1408,767.76,INR,outstanding,,2026-08-18T10:00:00+05:30
spl_89a8b31e,exp_28ff8c54,usr_62a77a41,custom,1.9425,696.63,INR,outstanding,,2026-08-18T10:00:00+05:30
spl_0b0893ce,exp_efafbf24,usr_cb3be250,equal,1,648.17,INR,outstanding,,2026-08-18T10:00:00+05:30
spl_1ef53a55,exp_efafbf24,usr_fd729274,equal,1,648.17,INR,outstanding,,2026-08-18T10:00:00+05:30
spl_11523ff8,exp_f3c96ff2,usr_4db9e8d2,shares,1.737,1622.53,INR,outstanding,,2026-08-18T10:00:00+05:30
spl_70b559f3,exp_ebb7fc1a,usr_1217680f,equal,1,2765.38,INR,outstanding,,2026-08-18T10:00:00+05:30
spl_24064d79,exp_ebb7fc1a,usr_4012e3f7,equal,1,2765.39,INR,outstanding,,2026-08-18T10:00:00+05:30
spl_dc3393cb,exp_63f6c38d,usr_9473419d,equal,1,6182.88,INR,outstanding,,2026-08-18T10:00:00+05:30
spl_50ed8b1e,exp_93507ee6,usr_2fca7c46,shares,0.8213,223.76,INR,outstanding,,2026-08-18T10:00:00+05:30
spl_7a916a3d,exp_93507ee6,usr_e6dcafe4,shares,2.4976,680.41,INR,outstanding,,2026-08-18T10:00:00+05:30
spl_fb35d8b5,exp_93507ee6,usr_6c5b2519,shares,0.9863,268.68,INR,outstanding,,2026-08-18T10:00:00+05:30
spl_465f9f58,exp_06d9b84f,usr_7796e5e8,shares,1.1775,1421.99,LKR,outstanding,,2026-08-18T10:00:00+05:30
spl_4b37485e,exp_06d9b84f,usr_68f5f82d,shares,1.5699,1895.90,LKR,settled,2026-06-23T10:00:00+05:30,2026-08-18T10:00:00+05:30
spl_b5470123,exp_06d9b84f,usr_0551c67a,shares,0.5906,713.29,LKR,settled,2026-07-16T10:00:00+05:30,2026-08-18T10:00:00+05:30
spl_fca86c08,exp_06d9b84f,usr_1501196b,shares,1.0114,1221.42,LKR,written_off,,2026-08-18T10:00:00+05:30
spl_402f7187,exp_d03696dd,usr_2209582f,custom,2.1224,363.94,INR,outstanding,,2026-08-18T10:00:00+05:30
spl_b41c4aee,exp_d03696dd,usr_b831f448,custom,2.1383,366.68,INR,outstanding,,2026-08-18T10:00:00+05:30
spl_7bfa13f0,exp_d03696dd,usr_8f81432c,custom,1.4536,249.26,INR,settled,2026-07-03T10:00:00+05:30,2026-08-18T10:00:00+05:30
spl_3f5be822,exp_d03696dd,usr_7cb81b2c,custom,1.1324,194.18,INR,outstanding,,2026-08-18T10:00:00+05:30
spl_034ecadc,exp_e9e8fbba,usr_76043d79,equal,1,337.15,INR,outstanding,,2026-08-18T10:00:00+05:30
spl_4107d08d,exp_e9e8fbba,usr_c94b68cc,equal,1,337.14,INR,settled,2026-07-15T10:00:00+05:30,2026-08-18T10:00:00+05:30
spl_cb98ca35,exp_e9e8fbba,usr_d8ec0000,equal,1,337.14,INR,outstanding,,2026-08-18T10:00:00+05:30
spl_b94988a9,exp_e9e8fbba,usr_7157baa6,equal,1,337.14,INR,settled,2026-08-15T10:00:00+05:30,2026-08-18T10:00:00+05:30
spl_30bd2164,exp_83a39a54,usr_78513cd2,custom,1.0812,6.72,SGD,settled,2026-06-30T10:00:00+05:30,2026-08-18T10:00:00+05:30
spl_c6aba45b,exp_83a39a54,usr_fedbd227,custom,0.7911,4.92,SGD,outstanding,,2026-08-18T10:00:00+05:30
spl_fa2f9e0b,exp_2f58517d,usr_ddcb196c,custom,1.2146,2607.48,JPY,settled,2026-07-13T10:00:00+05:30,2026-08-18T10:00:00+05:30
spl_7f495c73,exp_2f58517d,usr_0ecee4ac,custom,0.9592,2059.23,JPY,settled,2026-06-21T10:00:00+05:30,2026-08-18T10:00:00+05:30
spl_3ca01f16,exp_84f8f570,usr_4db9e8d2,shares,2.2981,898.76,INR,settled,2026-07-27T10:00:00+05:30,2026-08-18T10:00:00+05:30
spl_1070912b,exp_81491942,usr_9473419d,percentage,0.6652,72.47,INR,settled,2026-08-04T10:00:00+05:30,2026-08-18T10:00:00+05:30
spl_59faf0e2,exp_81491942,usr_451855a4,percentage,0.7406,80.68,INR,outstanding,,2026-08-18T10:00:00+05:30
spl_88ac1c5a,exp_81491942,usr_6eabc4ca,percentage,1.8598,202.61,INR,settled,2026-08-15T10:00:00+05:30,2026-08-18T10:00:00+05:30
spl_498ec8dd,exp_81491942,usr_8e89346c,percentage,2.0923,227.94,INR,settled,2026-06-28T10:00:00+05:30,2026-08-18T10:00:00+05:30
spl_4e13bfdb,exp_929d3ad4,usr_5c4f42ed,custom,1.8967,667.39,INR,outstanding,,2026-08-18T10:00:00+05:30
spl_296e18c5,exp_220c2f2c,usr_8eb4e3e7,shares,1.5159,716.54,INR,settled,2026-07-27T10:00:00+05:30,2026-08-18T10:00:00+05:30
spl_d3a84a95,exp_220c2f2c,usr_42dc4da4,shares,1.5326,724.45,INR,outstanding,,2026-08-18T10:00:00+05:30
spl_e22a4739,exp_cffdace5,usr_05d0be25,equal,1,37.41,AED,settled,2026-07-06T10:00:00+05:30,2026-08-18T10:00:00+05:30
spl_f5f316e7,exp_0c54fc10,usr_6c522c49,equal,1,939.39,INR,outstanding,,2026-08-18T10:00:00+05:30
spl_76712a38,exp_0c54fc10,usr_805d11a5,equal,1,939.39,INR,outstanding,,2026-08-18T10:00:00+05:30
spl_79b99114,exp_68c60645,usr_13d8f6bd,custom,1.0581,132.49,INR,settled,2026-08-05T10:00:00+05:30,2026-08-18T10:00:00+05:30
spl_79fa6522,exp_68c60645,usr_ee5c9717,custom,1.1791,147.64,INR,outstanding,,2026-08-18T10:00:00+05:30
spl_816a645e,exp_68c60645,usr_57890fbe,custom,2.3796,297.97,INR,outstanding,,2026-08-18T10:00:00+05:30
spl_2e3ba3bd,exp_68c60645,usr_7e89b5af,custom,1.658,207.61,INR,outstanding,,2026-08-18T10:00:00+05:30
spl_31a2de92,exp_38414811,usr_ee03ca6c,equal,1,7282.66,INR,settled,2026-08-13T10:00:00+05:30,2026-08-18T10:00:00+05:30
spl_9fc67ddb,exp_28e8345a,usr_7e340c2a,percentage,0.8199,2235.01,INR,outstanding,,2026-08-18T10:00:00+05:30
spl_bcd72acd,exp_fbf77f85,usr_18260fc4,equal,1,1240.08,INR,settled,2026-08-02T10:00:00+05:30,2026-08-18T10:00:00+05:30
spl_8ff08103,exp_06a7eec3,usr_efe9a3aa,custom,2.0296,3496.43,INR,settled,2026-07-19T10:00:00+05:30,2026-08-18T10:00:00+05:30
spl_9125c210,exp_2586702f,usr_1dc66e29,equal,1,7053.56,INR,outstanding,,2026-08-18T10:00:00+05:30
spl_39c9a61a,exp_4b17573d,usr_b452b228,equal,1,9296.24,INR,outstanding,,2026-08-18T10:00:00+05:30
spl_56c6778d,exp_d89b655d,usr_7edfea3c,equal,1,1569.56,INR,outstanding,,2026-08-18T10:00:00+05:30
spl_996d65a8,exp_d89b655d,usr_749f5098,equal,1,1569.55,INR,outstanding,,2026-08-18T10:00:00+05:30
spl_77953a5f,exp_d89b655d,usr_7f9533ad,equal,1,1569.55,INR,settled,2026-06-22T10:00:00+05:30,2026-08-18T10:00:00+05:30
spl_795db046,exp_b7096c79,usr_de5d9e34,equal,1,6347.48,NPR,outstanding,,2026-08-18T10:00:00+05:30
spl_5a26babf,exp_c5550bb4,usr_ca24d130,equal,1,3897.55,INR,settled,2026-07-18T10:00:00+05:30,2026-08-18T10:00:00+05:30
spl_b2a235c1,exp_b9e37c27,usr_2b11a6c9,percentage,1.3153,707.34,INR,outstanding,,2026-08-18T10:00:00+05:30
spl_6bc2ea72,exp_d9735647,usr_05306731,equal,1,995.53,INR,outstanding,,2026-08-18T10:00:00+05:30
spl_60e01136,exp_d9735647,usr_e2966606,equal,1,995.53,INR,outstanding,,2026-08-18T10:00:00+05:30
spl_53a4bbe3,exp_c8f096e0,usr_81ed406f,equal,1,481.35,INR,outstanding,,2026-08-18T10:00:00+05:30
spl_e6d9133e,exp_c8f096e0,usr_bff7bdb8,equal,1,481.35,INR,outstanding,,2026-08-18T10:00:00+05:30
spl_abc23206,exp_c8f096e0,usr_a685483e,equal,1,481.35,INR,settled,2026-07-20T10:00:00+05:30,2026-08-18T10:00:00+05:30
spl_bed27645,exp_c8f096e0,usr_c9451968,equal,1,481.35,INR,outstanding,,2026-08-18T10:00:00+05:30
spl_d4900de4,exp_6fb79a00,usr_74ed32ff,shares,1.3573,179.43,INR,outstanding,,2026-08-18T10:00:00+05:30
spl_f64da138,exp_6fb79a00,usr_60c3a39a,shares,1.9272,254.75,INR,outstanding,,2026-08-18T10:00:00+05:30
spl_b005894f,exp_6fb79a00,usr_a0f188fa,shares,1.189,157.18,INR,outstanding,,2026-08-18T10:00:00+05:30
spl_722ff1f6,exp_6fb79a00,usr_d0d42055,shares,2.3897,315.89,INR,settled,2026-08-07T10:00:00+05:30,2026-08-18T10:00:00+05:30
spl_32bcedd2,exp_fd52704b,usr_f271c461,custom,0.6195,1374.11,INR,outstanding,,2026-08-18T10:00:00+05:30
spl_b347003f,exp_94beb58e,usr_bedf358a,equal,1,2255.15,INR,outstanding,,2026-08-18T10:00:00+05:30
spl_0accf11d,exp_94beb58e,usr_e6dcafe4,equal,1,2255.16,INR,outstanding,,2026-08-18T10:00:00+05:30
spl_9b9eba0f,exp_94beb58e,usr_712600f0,equal,1,2255.16,INR,settled,2026-07-27T10:00:00+05:30,2026-08-18T10:00:00+05:30
spl_52a46046,exp_0ad3de90,usr_aef2d4f6,percentage,2.1518,698.81,INR,settled,2026-07-07T10:00:00+05:30,2026-08-18T10:00:00+05:30
spl_ed7093e6,exp_0ad3de90,usr_ce2e54f4,percentage,1.0169,330.24,INR,settled,2026-07-01T10:00:00+05:30,2026-08-18T10:00:00+05:30
spl_118acce3,exp_47a4c2a1,usr_ad8b46f0,equal,1,46.08,MVR,outstanding,,2026-08-18T10:00:00+05:30
spl_ebecd1db,exp_ea14d148,usr_1886c078,custom,0.7017,380.04,MVR,outstanding,,2026-08-18T10:00:00+05:30
spl_0057fefe,exp_1c5c84d8,usr_5c4f42ed,equal,1,460.75,INR,written_off,,2026-08-18T10:00:00+05:30
spl_c595d366,exp_006df5aa,usr_3038e2f7,percentage,2.4199,1866.20,INR,settled,2026-08-04T10:00:00+05:30,2026-08-18T10:00:00+05:30
spl_dbb761b8,exp_629439fc,usr_8ba42edb,custom,0.8054,6083.71,INR,outstanding,,2026-08-18T10:00:00+05:30
spl_a2e1b37e,exp_2f5a5409,usr_9de6bd6d,custom,2.2084,771.90,INR,outstanding,,2026-08-18T10:00:00+05:30
spl_836e28ed,exp_e085117f,usr_e1fb52ea,custom,0.9564,1404.44,INR,outstanding,,2026-08-18T10:00:00+05:30
spl_3ae2aeb4,exp_97ee0d4c,usr_58d2b52f,equal,1,129.12,MVR,settled,2026-06-20T10:00:00+05:30,2026-08-18T10:00:00+05:30
spl_faf93fe2,exp_4b6a7f84,usr_8fe264b1,equal,1,3104.82,INR,outstanding,,2026-08-18T10:00:00+05:30
spl_f552d0ab,exp_7ae1e1ab,usr_6be041f5,equal,1,16502.70,LKR,settled,2026-08-11T10:00:00+05:30,2026-08-18T10:00:00+05:30
spl_45fcf221,exp_b07a8e84,usr_d1c73fb8,equal,1,6588.09,INR,outstanding,,2026-08-18T10:00:00+05:30
spl_67fa9dda,exp_09be55aa,usr_0551c67a,custom,2.0662,452.85,INR,settled,2026-07-03T10:00:00+05:30,2026-08-18T10:00:00+05:30
spl_3dbd183e,exp_09be55aa,usr_aefdae86,custom,0.5009,109.78,INR,settled,2026-07-31T10:00:00+05:30,2026-08-18T10:00:00+05:30
spl_ec92737e,exp_09be55aa,usr_e6dca418,custom,0.8295,181.81,INR,written_off,,2026-08-18T10:00:00+05:30
spl_5b6e54ce,exp_09be55aa,usr_ce941853,custom,2.426,531.70,INR,settled,2026-07-02T10:00:00+05:30,2026-08-18T10:00:00+05:30
spl_cbf1990e,exp_71e25f83,usr_02d5e350,percentage,1.5446,1808.30,INR,outstanding,,2026-08-18T10:00:00+05:30
spl_92f8aa33,exp_1b525356,usr_e94f06ca,custom,0.9348,62.69,AED,outstanding,,2026-08-18T10:00:00+05:30
spl_49977e60,exp_7dbd6e52,usr_5527167d,equal,1,576.61,INR,outstanding,,2026-08-18T10:00:00+05:30
spl_f17f6b48,exp_b175bc26,usr_50dd9495,custom,1.5256,656.50,THB,settled,2026-08-07T10:00:00+05:30,2026-08-18T10:00:00+05:30
spl_7acd3016,exp_07467f47,usr_13fe39d3,equal,1,2337.67,INR,settled,2026-07-08T10:00:00+05:30,2026-08-18T10:00:00+05:30
spl_8760a94d,exp_ded0b3e2,usr_ee57ec9a,custom,1.9551,123.39,INR,outstanding,,2026-08-18T10:00:00+05:30
spl_8914cfa2,exp_ded0b3e2,usr_7d0ce609,custom,1.0069,63.54,INR,outstanding,,2026-08-18T10:00:00+05:30
spl_1f8bca8a,exp_ded0b3e2,usr_c24f45f3,custom,2.0204,127.51,INR,settled,2026-07-10T10:00:00+05:30,2026-08-18T10:00:00+05:30
spl_803dd562,exp_7b270584,usr_17083a9e,custom,2.0669,215.34,INR,outstanding,,2026-08-18T10:00:00+05:30
spl_06bd2f26,exp_7b270584,usr_07f03d4c,custom,1.0579,110.21,INR,outstanding,,2026-08-18T10:00:00+05:30
spl_639e5ff8,exp_ddb3f411,usr_7796e5e8,equal,1,2404.95,INR,outstanding,,2026-08-18T10:00:00+05:30
spl_bc988194,exp_4d7db78d,usr_c659e4bf,equal,1,1026.26,INR,outstanding,,2026-08-18T10:00:00+05:30
spl_24faeb35,exp_0a94cde7,usr_9694b4a3,percentage,1.4378,542.02,INR,settled,2026-07-19T10:00:00+05:30,2026-08-18T10:00:00+05:30
spl_779da72b,exp_25be5f8a,usr_b6d5d98c,equal,1,44.16,QAR,outstanding,,2026-08-18T10:00:00+05:30
spl_c1050586,exp_66f6fffc,usr_3134253d,shares,0.6924,1270.74,INR,settled,2026-06-20T10:00:00+05:30,2026-08-18T10:00:00+05:30
spl_2b2a44a9,exp_66f6fffc,usr_50bced56,shares,1.7433,3199.23,INR,settled,2026-07-29T10:00:00+05:30,2026-08-18T10:00:00+05:30
spl_6268ccca,exp_66f6fffc,usr_3ccdc15e,shares,0.7947,1458.46,INR,outstanding,,2026-08-18T10:00:00+05:30
spl_eb0bedd8,exp_79d0a4bc,usr_bc67142c,custom,2.1068,60.60,MVR,settled,2026-07-27T10:00:00+05:30,2026-08-18T10:00:00+05:30
spl_ddd0a2aa,exp_cf95c65a,usr_424fbf1a,equal,1,178.96,THB,settled,2026-08-13T10:00:00+05:30,2026-08-18T10:00:00+05:30
spl_f316f710,exp_cf95c65a,usr_bc4a9809,equal,1,178.97,THB,outstanding,,2026-08-18T10:00:00+05:30
spl_8f3f5243,exp_2ae7c42a,usr_3393c7a2,custom,2.2045,31.49,MVR,outstanding,,2026-08-18T10:00:00+05:30
spl_7e66028b,exp_2ae7c42a,usr_268fdb85,custom,0.8863,12.66,MVR,outstanding,,2026-08-18T10:00:00+05:30
spl_ee2b58b0,exp_2ae7c42a,usr_b50df034,custom,1.8158,25.93,MVR,outstanding,,2026-08-18T10:00:00+05:30
spl_188eb888,exp_2ae7c42a,usr_72796feb,custom,0.9714,13.87,MVR,outstanding,,2026-08-18T10:00:00+05:30
spl_218385e0,exp_5399f841,usr_3b2b4279,shares,1.3551,1285.25,INR,outstanding,,2026-08-18T10:00:00+05:30
spl_ecdeb323,exp_18eedb42,usr_67ff2106,equal,1,5875.82,LKR,outstanding,,2026-08-18T10:00:00+05:30
spl_55636722,exp_46a693b4,usr_1239733b,equal,1,9054.63,INR,settled,2026-06-20T10:00:00+05:30,2026-08-18T10:00:00+05:30
spl_2daeca32,exp_9dd6db52,usr_7f6d27fe,custom,1.1864,2000.93,INR,outstanding,,2026-08-18T10:00:00+05:30
spl_e913d37b,exp_acd46468,usr_9738df4b,equal,1,503.26,INR,settled,2026-08-12T10:00:00+05:30,2026-08-18T10:00:00+05:30
spl_f2d8a12f,exp_acd46468,usr_37079a82,equal,1,503.25,INR,settled,2026-07-19T10:00:00+05:30,2026-08-18T10:00:00+05:30
spl_14b28260,exp_acd46468,usr_ee6409a7,equal,1,503.25,INR,outstanding,,2026-08-18T10:00:00+05:30
spl_254d34ea,exp_e571f8a6,usr_22e61dad,equal,1,330.74,INR,outstanding,,2026-08-18T10:00:00+05:30
spl_41c89136,exp_e571f8a6,usr_acbd09a0,equal,1,330.75,INR,outstanding,,2026-08-18T10:00:00+05:30
spl_d583c47d,exp_e571f8a6,usr_48f9bd76,equal,1,330.75,INR,outstanding,,2026-08-18T10:00:00+05:30
spl_712aed76,exp_ea7165aa,usr_8e84ba7a,equal,1,499.72,INR,settled,2026-07-13T10:00:00+05:30,2026-08-18T10:00:00+05:30
spl_7511e492,exp_b26ed935,usr_e27e3b52,percentage,1.1736,8234.40,INR,outstanding,,2026-08-18T10:00:00+05:30
spl_feb66bf1,exp_7c7680c3,usr_dcc95fd2,custom,1.9937,1290.31,INR,outstanding,,2026-08-18T10:00:00+05:30
spl_a1fb30cd,exp_386ea515,usr_9cb9eedc,percentage,1.9798,4381.18,INR,settled,2026-07-17T10:00:00+05:30,2026-08-18T10:00:00+05:30
spl_133b730e,exp_8cad5d4a,usr_2109396c,equal,1,1.62,SGD,settled,2026-08-09T10:00:00+05:30,2026-08-18T10:00:00+05:30
spl_681588c6,exp_8cad5d4a,usr_aef2d4f6,equal,1,1.62,SGD,outstanding,,2026-08-18T10:00:00+05:30
spl_8fefef9d,exp_4cc3aa56,usr_5bbebfef,equal,1,734.74,INR,outstanding,,2026-08-18T10:00:00+05:30
spl_20e68837,exp_4cc3aa56,usr_3d92578a,equal,1,734.74,INR,outstanding,,2026-08-18T10:00:00+05:30
spl_149e920a,exp_2aa845a1,usr_78bee927,custom,0.5593,115.79,INR,outstanding,,2026-08-18T10:00:00+05:30
spl_345e440c,exp_2aa845a1,usr_9694b4a3,custom,1.404,290.68,INR,outstanding,,2026-08-18T10:00:00+05:30
spl_681857c2,exp_2aa845a1,usr_ea41e115,custom,1.106,228.99,INR,outstanding,,2026-08-18T10:00:00+05:30
spl_9666f50e,exp_2aa845a1,usr_aef2d4f6,custom,0.8113,167.97,INR,outstanding,,2026-08-18T10:00:00+05:30
spl_db72bc7f,exp_62529ea8,usr_633c636b,percentage,0.7067,288.35,INR,settled,2026-06-24T10:00:00+05:30,2026-08-18T10:00:00+05:30
spl_00053f41,exp_62529ea8,usr_a0980823,percentage,0.9854,402.07,INR,written_off,,2026-08-18T10:00:00+05:30
spl_1180b09a,exp_62529ea8,usr_44ef2e9c,percentage,2.2615,922.78,INR,outstanding,,2026-08-18T10:00:00+05:30
spl_0cd6fab4,exp_62529ea8,usr_050830ac,percentage,1.5154,618.35,INR,outstanding,,2026-08-18T10:00:00+05:30
spl_2ff3d0b1,exp_20ec5b6f,usr_4787696f,equal,1,56.72,CHF,outstanding,,2026-08-18T10:00:00+05:30
spl_7cd34c55,exp_d5344fc4,usr_2de68d4f,custom,0.5094,1167.59,INR,settled,2026-06-30T10:00:00+05:30,2026-08-18T10:00:00+05:30
spl_ef13cd80,exp_2722f001,usr_cf744020,equal,1,428.07,INR,settled,2026-07-04T10:00:00+05:30,2026-08-18T10:00:00+05:30
spl_22c923d4,exp_c3f34110,usr_c4b23b72,custom,1.4125,1831.25,LKR,outstanding,,2026-08-18T10:00:00+05:30
spl_50d7720e,exp_9f044bb3,usr_d59d0fa9,equal,1,14348.54,NPR,outstanding,,2026-08-18T10:00:00+05:30
spl_17130522,exp_af935fbe,usr_4794174d,equal,1,796.07,INR,outstanding,,2026-08-18T10:00:00+05:30
spl_0105fdcb,exp_7340647f,usr_4d8f3b3a,shares,0.8495,8004.20,INR,outstanding,,2026-08-18T10:00:00+05:30
spl_99ef886e,exp_e024e41e,usr_b86dd891,equal,1,329.06,INR,outstanding,,2026-08-18T10:00:00+05:30
spl_487cb528,exp_3ba8bdf1,usr_81dbf021,equal,1,6942.75,NPR,outstanding,,2026-08-18T10:00:00+05:30
spl_64d1b4b9,exp_c3b0b528,usr_ddcb196c,percentage,1.2318,4586.79,INR,settled,2026-07-11T10:00:00+05:30,2026-08-18T10:00:00+05:30
spl_20fd34e9,exp_f0f56b39,usr_dc032205,equal,1,1626.55,INR,settled,2026-07-22T10:00:00+05:30,2026-08-18T10:00:00+05:30
spl_62b5846f,exp_f0f56b39,usr_a9008871,equal,1,1626.54,INR,settled,2026-07-10T10:00:00+05:30,2026-08-18T10:00:00+05:30
spl_519db20a,exp_f0f56b39,usr_81ed406f,equal,1,1626.54,INR,outstanding,,2026-08-18T10:00:00+05:30
spl_35a042dd,exp_f0f56b39,usr_a93726c0,equal,1,1626.54,INR,settled,2026-07-09T10:00:00+05:30,2026-08-18T10:00:00+05:30
spl_d4c97da2,exp_8b72bf33,usr_651a4d17,custom,0.7659,2034.43,INR,settled,2026-07-16T10:00:00+05:30,2026-08-18T10:00:00+05:30
spl_28c796bd,exp_bdfa3247,usr_bc9d20fa,percentage,1.8724,1093.95,INR,outstanding,,2026-08-18T10:00:00+05:30
spl_edcf5039,exp_b8f0ee20,usr_824b14a8,shares,1.5017,1148.20,INR,outstanding,,2026-08-18T10:00:00+05:30
spl_eba1cb1a,exp_93055680,usr_7d0ce609,equal,1,168.06,MYR,settled,2026-07-15T10:00:00+05:30,2026-08-18T10:00:00+05:30
spl_2078d545,exp_8aaa41d9,usr_58d2b52f,percentage,1.3845,998.24,INR,outstanding,,2026-08-18T10:00:00+05:30
spl_5e7a3f8d,exp_8650c118,usr_79248234,custom,2.2343,1017.90,INR,settled,2026-08-14T10:00:00+05:30,2026-08-18T10:00:00+05:30
spl_84f74760,exp_8650c118,usr_95bee04e,custom,1.0994,500.86,INR,outstanding,,2026-08-18T10:00:00+05:30
spl_a0e2bc51,exp_8650c118,usr_6edece59,custom,0.6663,303.53,INR,outstanding,,2026-08-18T10:00:00+05:30
spl_3bfa4d2f,exp_001a3c27,usr_9473419d,equal,1,645.48,INR,outstanding,,2026-08-18T10:00:00+05:30
spl_e230c42b,exp_001a3c27,usr_451855a4,equal,1,645.48,INR,outstanding,,2026-08-18T10:00:00+05:30
spl_a30d3121,exp_001a3c27,usr_6eabc4ca,equal,1,645.49,INR,outstanding,,2026-08-18T10:00:00+05:30
spl_b6f6dcdb,exp_001a3c27,usr_8b3ba681,equal,1,645.49,INR,outstanding,,2026-08-18T10:00:00+05:30
spl_3955c2c2,exp_af8b2050,usr_24f139e5,equal,1,4767.84,INR,outstanding,,2026-08-18T10:00:00+05:30
spl_6dd1fa87,exp_af8b2050,usr_157e58e7,equal,1,4767.84,INR,outstanding,,2026-08-18T10:00:00+05:30
spl_c692d42e,exp_cc9d6f42,usr_dace411a,equal,1,392.27,INR,outstanding,,2026-08-18T10:00:00+05:30
spl_bf0aff80,exp_cc9d6f42,usr_c749abe0,equal,1,392.26,INR,outstanding,,2026-08-18T10:00:00+05:30
spl_96fbe11e,exp_cc9d6f42,usr_693c20b9,equal,1,392.26,INR,outstanding,,2026-08-18T10:00:00+05:30
spl_a47960f6,exp_cc9d6f42,usr_96e3c90b,equal,1,392.26,INR,settled,2026-06-29T10:00:00+05:30,2026-08-18T10:00:00+05:30
spl_0feb0e44,exp_fe4d02f3,usr_17b45921,percentage,1.3205,306.95,AED,outstanding,,2026-08-18T10:00:00+05:30
spl_d82587b7,exp_5b4755e0,usr_d73f4c7f,equal,1,22.64,AED,settled,2026-08-06T10:00:00+05:30,2026-08-18T10:00:00+05:30
spl_af3f5636,exp_5b4755e0,usr_02b3a36d,equal,1,22.65,AED,outstanding,,2026-08-18T10:00:00+05:30
spl_09b4dec3,exp_5b4755e0,usr_49544c26,equal,1,22.65,AED,outstanding,,2026-08-18T10:00:00+05:30
spl_d94aba34,exp_30e83656,usr_1a6892bf,equal,1,6668.59,INR,settled,2026-08-05T10:00:00+05:30,2026-08-18T10:00:00+05:30
spl_22676870,exp_409ef953,usr_42a441dc,equal,1,168.31,INR,outstanding,,2026-08-18T10:00:00+05:30
spl_8fb1cc29,exp_409ef953,usr_399971ee,equal,1,168.30,INR,outstanding,,2026-08-18T10:00:00+05:30
spl_f04ac85a,exp_409ef953,usr_b5327682,equal,1,168.30,INR,outstanding,,2026-08-18T10:00:00+05:30
spl_c80d1466,exp_409ef953,usr_ce11983a,equal,1,168.30,INR,outstanding,,2026-08-18T10:00:00+05:30
spl_417b3281,exp_b1acd25a,usr_0dc68a1c,equal,1,179.48,INR,settled,2026-07-11T10:00:00+05:30,2026-08-18T10:00:00+05:30
spl_c959d230,exp_b1acd25a,usr_410809ba,equal,1,179.49,INR,settled,2026-08-09T10:00:00+05:30,2026-08-18T10:00:00+05:30
spl_0c22f0ae,exp_f3f05041,usr_651a4d17,custom,1.1746,424.37,INR,settled,2026-06-21T10:00:00+05:30,2026-08-18T10:00:00+05:30
spl_6dc777f7,exp_f3f05041,usr_62a77a41,custom,1.5073,544.59,INR,outstanding,,2026-08-18T10:00:00+05:30
spl_6b95df0d,exp_4163d4c1,usr_fedbd227,equal,1,525.72,INR,outstanding,,2026-08-18T10:00:00+05:30
spl_7f96f3ef,exp_ee7bf957,usr_d20b2a69,equal,1,326.50,INR,settled,2026-06-20T10:00:00+05:30,2026-08-18T10:00:00+05:30
spl_f4de01d4,exp_ee7bf957,usr_dc888b66,equal,1,326.49,INR,outstanding,,2026-08-18T10:00:00+05:30
spl_476a87db,exp_ee7bf957,usr_bc4b67f6,equal,1,326.49,INR,settled,2026-08-03T10:00:00+05:30,2026-08-18T10:00:00+05:30
spl_66eb470d,exp_07e91351,usr_d8cab59f,equal,1,494.73,INR,settled,2026-08-09T10:00:00+05:30,2026-08-18T10:00:00+05:30
spl_5f01d1a9,exp_e0f504b9,usr_c426b4e1,equal,1,1244.13,INR,settled,2026-07-05T10:00:00+05:30,2026-08-18T10:00:00+05:30
spl_4100924c,exp_83f010a5,usr_beeb010f,custom,0.5627,2219.69,INR,outstanding,,2026-08-18T10:00:00+05:30
spl_6b5e7eb6,exp_83f010a5,usr_9cb9eedc,custom,1.8279,7210.44,INR,settled,2026-07-03T10:00:00+05:30,2026-08-18T10:00:00+05:30
spl_ecfd2c68,exp_e1a53281,usr_a531d952,shares,1.6328,358.89,THB,outstanding,,2026-08-18T10:00:00+05:30
spl_d94d8be6,exp_e1a53281,usr_72d88a70,shares,1.9956,438.64,THB,outstanding,,2026-08-18T10:00:00+05:30
spl_a025f522,exp_e1a53281,usr_9d32306d,shares,1.375,302.22,THB,settled,2026-07-16T10:00:00+05:30,2026-08-18T10:00:00+05:30
spl_0f12a4ec,exp_ed5645d7,usr_8a0aaa50,equal,1,5149.81,LKR,outstanding,,2026-08-18T10:00:00+05:30
spl_2e7e9bc6,exp_ed5645d7,usr_cb3be250,equal,1,5149.81,LKR,outstanding,,2026-08-18T10:00:00+05:30
spl_3746dc31,exp_ed5645d7,usr_3190040f,equal,1,5149.81,LKR,settled,2026-07-29T10:00:00+05:30,2026-08-18T10:00:00+05:30
spl_c020f59e,exp_fb1901dd,usr_7796e5e8,percentage,2.2261,1357.09,LKR,written_off,,2026-08-18T10:00:00+05:30
spl_e0db3ee6,exp_fb1901dd,usr_68f5f82d,percentage,1.7529,1068.62,LKR,settled,2026-08-05T10:00:00+05:30,2026-08-18T10:00:00+05:30
spl_7e8e7d60,exp_fb1901dd,usr_0551c67a,percentage,2.1525,1312.21,LKR,outstanding,,2026-08-18T10:00:00+05:30
spl_f3ae4803,exp_fb1901dd,usr_1501196b,percentage,1.8815,1147.01,LKR,outstanding,,2026-08-18T10:00:00+05:30
spl_e174a731,exp_07d16632,usr_e4376908,equal,1,429.90,INR,outstanding,,2026-08-18T10:00:00+05:30
spl_c1ea88c1,exp_e72d138a,usr_5dec704e,equal,1,1070.61,INR,outstanding,,2026-08-18T10:00:00+05:30
spl_40976bec,exp_00426b40,usr_1dd8f348,percentage,1.8462,269105.09,IDR,outstanding,,2026-08-18T10:00:00+05:30
spl_358d026b,exp_f35848da,usr_ce09de03,custom,1.5721,838.28,INR,outstanding,,2026-08-18T10:00:00+05:30
spl_0a91896d,exp_e570f997,usr_638c6951,custom,0.6829,51.79,INR,settled,2026-06-25T10:00:00+05:30,2026-08-18T10:00:00+05:30
spl_11e21eb6,exp_e570f997,usr_9c3deed5,custom,0.8282,62.82,INR,outstanding,,2026-08-18T10:00:00+05:30
spl_727f039f,exp_e570f997,usr_88af6903,custom,2.4076,182.62,INR,outstanding,,2026-08-18T10:00:00+05:30
spl_f54cb808,exp_e570f997,usr_a0b28bd2,custom,2.1825,165.55,INR,settled,2026-06-26T10:00:00+05:30,2026-08-18T10:00:00+05:30
spl_67d8cfc4,exp_f213ec22,usr_2de68d4f,custom,1.8519,884.11,INR,settled,2026-08-03T10:00:00+05:30,2026-08-18T10:00:00+05:30
spl_e5606b6d,exp_f213ec22,usr_bedf358a,custom,1.7003,811.73,INR,settled,2026-07-27T10:00:00+05:30,2026-08-18T10:00:00+05:30
spl_ca958ef7,exp_f213ec22,usr_4caa1cc0,custom,1.0492,500.90,INR,outstanding,,2026-08-18T10:00:00+05:30
spl_71ecf6ff,exp_c3bb75d4,usr_f855344d,shares,0.8784,302.91,INR,settled,2026-06-24T10:00:00+05:30,2026-08-18T10:00:00+05:30
spl_79ff83e4,exp_ad30702d,usr_ab49979e,equal,1,4273.40,INR,outstanding,,2026-08-18T10:00:00+05:30
spl_b247692a,exp_dd77645b,usr_ce38459a,custom,2.4784,60.73,QAR,outstanding,,2026-08-18T10:00:00+05:30
spl_ca9b1f18,exp_69c49c68,usr_b021d103,equal,1,2469.15,INR,outstanding,,2026-08-18T10:00:00+05:30
spl_a602bfe6,exp_69c49c68,usr_f94cda41,equal,1,2469.15,INR,written_off,,2026-08-18T10:00:00+05:30
spl_1b393834,exp_237732fe,usr_4794174d,equal,1,689.74,INR,written_off,,2026-08-18T10:00:00+05:30
spl_3f1e1443,exp_4530582d,usr_865c98a2,equal,1,63.22,QAR,settled,2026-07-22T10:00:00+05:30,2026-08-18T10:00:00+05:30
spl_4a33e7db,exp_994df7de,usr_0567fe37,equal,1,1318.57,INR,outstanding,,2026-08-18T10:00:00+05:30
spl_19a83d08,exp_994df7de,usr_e7b2dd09,equal,1,1318.57,INR,outstanding,,2026-08-18T10:00:00+05:30
spl_8c45b563,exp_994df7de,usr_32a5a217,equal,1,1318.57,INR,settled,2026-08-08T10:00:00+05:30,2026-08-18T10:00:00+05:30
spl_94259fef,exp_994df7de,usr_edf2bbfa,equal,1,1318.57,INR,settled,2026-08-07T10:00:00+05:30,2026-08-18T10:00:00+05:30
spl_8cd9ba1e,exp_e3fcbb18,usr_98a69060,equal,1,1051.36,INR,outstanding,,2026-08-18T10:00:00+05:30
spl_6b7bff52,exp_da5a62e0,usr_ecb18174,equal,1,11.04,SGD,outstanding,,2026-08-18T10:00:00+05:30
spl_0a34f995,exp_da5a62e0,usr_53cbafa7,equal,1,11.05,SGD,outstanding,,2026-08-18T10:00:00+05:30
spl_9f660e8d,exp_417f290f,usr_24f139e5,shares,1.1995,442.34,INR,outstanding,,2026-08-18T10:00:00+05:30
spl_df8bf43f,exp_417f290f,usr_157e58e7,shares,1.1303,416.83,INR,settled,2026-06-23T10:00:00+05:30,2026-08-18T10:00:00+05:30
spl_d9f94b10,exp_6e1ffa28,usr_51275e79,percentage,2.4808,3793.96,NPR,outstanding,,2026-08-18T10:00:00+05:30
spl_d5720f17,exp_6e1ffa28,usr_6498a0a8,percentage,1.1739,1795.34,NPR,outstanding,,2026-08-18T10:00:00+05:30
spl_80e1b8ec,exp_6e1ffa28,usr_866a8f33,percentage,1.3801,2110.67,NPR,outstanding,,2026-08-18T10:00:00+05:30
spl_51fad0ff,exp_e086da9f,usr_fedbd227,equal,1,2323.12,INR,settled,2026-07-26T10:00:00+05:30,2026-08-18T10:00:00+05:30
spl_5b290679,exp_baf888fc,usr_e4376908,equal,1,1751.09,INR,outstanding,,2026-08-18T10:00:00+05:30
spl_bfd54a4d,exp_8ec65119,usr_72796feb,equal,1,24.64,THB,outstanding,,2026-08-18T10:00:00+05:30
spl_622820b9,exp_8ec65119,usr_e6863416,equal,1,24.63,THB,outstanding,,2026-08-18T10:00:00+05:30
spl_9623198d,exp_8ec65119,usr_2162d6ff,equal,1,24.63,THB,outstanding,,2026-08-18T10:00:00+05:30
spl_5e80608a,exp_8ec65119,usr_ce2e54f4,equal,1,24.63,THB,outstanding,,2026-08-18T10:00:00+05:30
spl_de3c9493,exp_f6e65642,usr_0e9166f0,equal,1,865.39,INR,outstanding,,2026-08-18T10:00:00+05:30
spl_7580bbfb,exp_d25d7ef0,usr_651a4d17,equal,1,887.66,INR,written_off,,2026-08-18T10:00:00+05:30
spl_eb04a39d,exp_d25d7ef0,usr_62a77a41,equal,1,887.67,INR,outstanding,,2026-08-18T10:00:00+05:30
spl_09913078,exp_5d48f87c,usr_d504f21d,custom,1.725,155.85,QAR,outstanding,,2026-08-18T10:00:00+05:30
spl_8dba808f,exp_6cfd3904,usr_6b052f91,shares,1.3507,2111.66,INR,outstanding,,2026-08-18T10:00:00+05:30
spl_923896e9,exp_6cfd3904,usr_66a4a013,shares,1.9916,3113.67,INR,outstanding,,2026-08-18T10:00:00+05:30
spl_fcf997d4,exp_6cfd3904,usr_f4293e56,shares,2.3614,3691.76,INR,outstanding,,2026-08-18T10:00:00+05:30
spl_48940c53,exp_4174b294,usr_6be041f5,equal,1,1962.26,INR,settled,2026-07-19T10:00:00+05:30,2026-08-18T10:00:00+05:30
spl_8c83453f,exp_1730653b,usr_e1f3dfbc,shares,0.9019,704.35,INR,settled,2026-08-09T10:00:00+05:30,2026-08-18T10:00:00+05:30
spl_451bd820,exp_1730653b,usr_4f00071d,shares,0.9435,736.87,INR,outstanding,,2026-08-18T10:00:00+05:30
spl_84b0b129,exp_1730653b,usr_8d55da4d,shares,1.535,1198.83,INR,settled,2026-07-15T10:00:00+05:30,2026-08-18T10:00:00+05:30
spl_472acbdc,exp_b241188f,usr_f9060fbb,equal,1,745.55,INR,outstanding,,2026-08-18T10:00:00+05:30
spl_8b4d4b11,exp_9561e692,usr_04abf061,percentage,1.6966,506.76,INR,outstanding,,2026-08-18T10:00:00+05:30
spl_4c18f085,exp_9561e692,usr_5bfe40e4,percentage,2.1993,656.93,INR,settled,2026-07-03T10:00:00+05:30,2026-08-18T10:00:00+05:30
spl_688a4ad3,exp_e8f044ab,usr_18a2e06d,equal,1,3304.23,INR,outstanding,,2026-08-18T10:00:00+05:30
spl_a55a5483,exp_39b29454,usr_196ca537,equal,1,34.50,CHF,settled,2026-08-11T10:00:00+05:30,2026-08-18T10:00:00+05:30
spl_a00933c2,exp_007507d5,usr_7af1e427,custom,2.1607,147.69,INR,written_off,,2026-08-18T10:00:00+05:30
spl_09173720,exp_007507d5,usr_0f63f4f1,custom,2.4594,168.10,INR,outstanding,,2026-08-18T10:00:00+05:30
spl_f6f4e8e3,exp_007507d5,usr_cabd8a19,custom,0.8821,60.29,INR,outstanding,,2026-08-18T10:00:00+05:30
spl_65032de6,exp_007507d5,usr_9e65154f,custom,1.747,119.41,INR,written_off,,2026-08-18T10:00:00+05:30
spl_5c165084,exp_388e932a,usr_ddcb196c,equal,1,411.70,INR,settled,2026-07-03T10:00:00+05:30,2026-08-18T10:00:00+05:30
spl_82bc8622,exp_c36ecec5,usr_5b31e64c,custom,2.2365,1018.96,INR,outstanding,,2026-08-18T10:00:00+05:30
spl_b70aba3c,exp_3233c06d,usr_840ca16a,custom,0.5776,616.62,THB,outstanding,,2026-08-18T10:00:00+05:30
spl_2e128e9d,exp_3233c06d,usr_13fe39d3,custom,2.1497,2295.06,THB,settled,2026-08-07T10:00:00+05:30,2026-08-18T10:00:00+05:30
spl_cbf150ff,exp_011c3156,usr_36c3dbed,equal,1,1248.86,INR,settled,2026-07-05T10:00:00+05:30,2026-08-18T10:00:00+05:30
spl_c0dcbc0a,exp_011c3156,usr_4e1b489a,equal,1,1248.87,INR,settled,2026-07-03T10:00:00+05:30,2026-08-18T10:00:00+05:30
spl_25609e44,exp_011c3156,usr_e1f3dfbc,equal,1,1248.87,INR,settled,2026-08-05T10:00:00+05:30,2026-08-18T10:00:00+05:30
spl_5c5a37ad,exp_011c3156,usr_1e3c81bb,equal,1,1248.87,INR,outstanding,,2026-08-18T10:00:00+05:30
spl_5cb8d112,exp_8bba3954,usr_bc9d20fa,percentage,1.6575,972.62,INR,settled,2026-07-08T10:00:00+05:30,2026-08-18T10:00:00+05:30
spl_58cc88d2,exp_117d0f69,usr_4b9412c5,equal,1,2131.89,INR,settled,2026-07-19T10:00:00+05:30,2026-08-18T10:00:00+05:30
spl_d532bb14,exp_a822d026,usr_08b8f8e9,equal,1,1725.55,INR,written_off,,2026-08-18T10:00:00+05:30
spl_8f2d6c83,exp_80cbb508,usr_ee57ec9a,equal,1,1188.07,INR,outstanding,,2026-08-18T10:00:00+05:30
spl_69d25af2,exp_2de642f3,usr_6c3fae7b,equal,1,134.33,SGD,outstanding,,2026-08-18T10:00:00+05:30
spl_0449cb65,exp_387fbcd0,usr_4efab0b7,custom,0.6318,45.48,INR,outstanding,,2026-08-18T10:00:00+05:30
spl_861f0206,exp_387fbcd0,usr_e5415ac7,custom,2.2903,164.85,INR,outstanding,,2026-08-18T10:00:00+05:30
spl_0b16f3c8,exp_387fbcd0,usr_bc67142c,custom,0.5542,39.89,INR,settled,2026-07-01T10:00:00+05:30,2026-08-18T10:00:00+05:30
spl_f8574956,exp_387fbcd0,usr_ee5c9717,custom,2.3947,172.36,INR,outstanding,,2026-08-18T10:00:00+05:30
spl_7be9482a,exp_ffda0985,usr_57890fbe,shares,0.5636,196.05,INR,settled,2026-07-01T10:00:00+05:30,2026-08-18T10:00:00+05:30
spl_09c59f14,exp_ffda0985,usr_268fdb85,shares,0.5459,189.89,INR,settled,2026-06-27T10:00:00+05:30,2026-08-18T10:00:00+05:30
spl_649d3bdd,exp_ffda0985,usr_1501196b,shares,2.4517,852.84,INR,outstanding,,2026-08-18T10:00:00+05:30
spl_f1093f8f,exp_ffda0985,usr_af17aeaa,shares,0.8483,295.08,INR,outstanding,,2026-08-18T10:00:00+05:30
spl_b1e400f1,exp_b0add401,usr_e1d938d9,equal,1,2277.63,INR,settled,2026-08-14T10:00:00+05:30,2026-08-18T10:00:00+05:30
spl_638dfe87,exp_25ad0e50,usr_672d3dd6,equal,1,2191.86,NPR,outstanding,,2026-08-18T10:00:00+05:30
spl_995b566c,exp_38033ed9,usr_c8025f92,equal,1,2226.26,JPY,outstanding,,2026-08-18T10:00:00+05:30
spl_462156ff,exp_a21f153c,usr_525b1d3c,custom,1.6639,764.00,INR,settled,2026-07-05T10:00:00+05:30,2026-08-18T10:00:00+05:30
spl_ed873534,exp_795a4280,usr_8d2c2759,percentage,1.6467,1322.20,INR,settled,2026-08-06T10:00:00+05:30,2026-08-18T10:00:00+05:30
spl_2a0d131c,exp_795a4280,usr_78513cd2,percentage,2.2634,1817.35,INR,settled,2026-08-16T10:00:00+05:30,2026-08-18T10:00:00+05:30
spl_097fa0aa,exp_795a4280,usr_9474016b,percentage,1.396,1120.94,INR,outstanding,,2026-08-18T10:00:00+05:30
spl_94595f87,exp_bedcceea,usr_74ed32ff,equal,1,1022.08,INR,outstanding,,2026-08-18T10:00:00+05:30
spl_dd90cdb0,exp_bedcceea,usr_60c3a39a,equal,1,1022.08,INR,settled,2026-06-27T10:00:00+05:30,2026-08-18T10:00:00+05:30
spl_027a4c82,exp_bedcceea,usr_a0f188fa,equal,1,1022.08,INR,outstanding,,2026-08-18T10:00:00+05:30
spl_e5e707bb,exp_bedcceea,usr_d0d42055,equal,1,1022.08,INR,outstanding,,2026-08-18T10:00:00+05:30
spl_6a7d7e7b,exp_773a7a14,usr_08b8f8e9,custom,2.3859,3435.66,INR,settled,2026-08-13T10:00:00+05:30,2026-08-18T10:00:00+05:30
spl_62194795,exp_f69cde55,usr_5307f01f,equal,1,560.98,INR,settled,2026-06-20T10:00:00+05:30,2026-08-18T10:00:00+05:30
spl_f673d620,exp_f69cde55,usr_e10845c8,equal,1,560.97,INR,settled,2026-06-30T10:00:00+05:30,2026-08-18T10:00:00+05:30
spl_89c6390d,exp_f69cde55,usr_34f98272,equal,1,560.97,INR,outstanding,,2026-08-18T10:00:00+05:30
spl_f2428c21,exp_f69cde55,usr_8ddbc4ab,equal,1,560.97,INR,outstanding,,2026-08-18T10:00:00+05:30
spl_4381f140,exp_56298ec1,usr_cf6d7fc2,equal,1,876.02,INR,outstanding,,2026-08-18T10:00:00+05:30
spl_f0db84ee,exp_56298ec1,usr_fbf7ac58,equal,1,876.02,INR,outstanding,,2026-08-18T10:00:00+05:30
spl_b1792d30,exp_026b50e0,usr_0b8f3bdc,custom,1.9077,2330.01,INR,outstanding,,2026-08-18T10:00:00+05:30
spl_e1893fdf,exp_8cfbf36f,usr_b831f448,custom,1.024,218.78,INR,outstanding,,2026-08-18T10:00:00+05:30
spl_06dd081b,exp_8cfbf36f,usr_fe056e56,custom,0.8532,182.30,INR,outstanding,,2026-08-18T10:00:00+05:30
spl_2223f1b3,exp_480353ed,usr_c582abb2,equal,1,1574.35,INR,outstanding,,2026-08-18T10:00:00+05:30
spl_d203422f,exp_25e1edee,usr_538f6e20,percentage,0.5798,499.02,INR,outstanding,,2026-08-18T10:00:00+05:30
spl_d4d0fa80,exp_25e1edee,usr_942658c9,percentage,0.9936,855.20,INR,outstanding,,2026-08-18T10:00:00+05:30
spl_563a2257,exp_68741cda,usr_d312cbff,custom,1.6184,858.74,INR,settled,2026-07-12T10:00:00+05:30,2026-08-18T10:00:00+05:30
spl_b98db16e,exp_b52a9c70,usr_5f1e6e1c,equal,1,11116.74,JPY,outstanding,,2026-08-18T10:00:00+05:30
spl_fd041d7d,exp_96cb8456,usr_e4980687,percentage,1.08,445.78,MVR,outstanding,,2026-08-18T10:00:00+05:30
spl_b603e99b,exp_96cb8456,usr_df582802,percentage,1.8093,746.83,MVR,settled,2026-08-08T10:00:00+05:30,2026-08-18T10:00:00+05:30
spl_311c8db3,exp_106c8e04,usr_2fca7c46,equal,1,1817.94,INR,settled,2026-08-06T10:00:00+05:30,2026-08-18T10:00:00+05:30
spl_1a9d8689,exp_106c8e04,usr_95d28a5d,equal,1,1817.93,INR,settled,2026-08-10T10:00:00+05:30,2026-08-18T10:00:00+05:30
spl_d74ecf1d,exp_106c8e04,usr_0382185a,equal,1,1817.93,INR,settled,2026-06-28T10:00:00+05:30,2026-08-18T10:00:00+05:30
spl_197fa2da,exp_ee040ede,usr_bc9d20fa,equal,1,609.33,INR,settled,2026-08-02T10:00:00+05:30,2026-08-18T10:00:00+05:30
spl_322dcc29,exp_e29d0bf2,usr_40edb5af,equal,1,216.58,AED,outstanding,,2026-08-18T10:00:00+05:30
spl_742eb9a6,exp_e29d0bf2,usr_5f22c672,equal,1,216.59,AED,outstanding,,2026-08-18T10:00:00+05:30
spl_1532feb6,exp_9890e612,usr_49c29e32,custom,1.3837,3206.34,INR,outstanding,,2026-08-18T10:00:00+05:30
spl_6c193e16,exp_e453d4ee,usr_22e61dad,equal,1,647.87,INR,settled,2026-06-29T10:00:00+05:30,2026-08-18T10:00:00+05:30
spl_705ddee8,exp_e453d4ee,usr_acbd09a0,equal,1,647.86,INR,outstanding,,2026-08-18T10:00:00+05:30
spl_b2518d4f,exp_e453d4ee,usr_48f9bd76,equal,1,647.86,INR,outstanding,,2026-08-18T10:00:00+05:30
spl_582b1304,exp_daf46291,usr_ab49979e,shares,0.6466,4486.26,INR,settled,2026-07-08T10:00:00+05:30,2026-08-18T10:00:00+05:30
spl_82cc968d,exp_72993fec,usr_51247360,custom,2.2209,6763.50,INR,outstanding,,2026-08-18T10:00:00+05:30
spl_a511a538,exp_437afc15,usr_4f7fc3a8,equal,1,2261.84,INR,outstanding,,2026-08-18T10:00:00+05:30
spl_1c98b6a1,exp_437afc15,usr_8317ab30,equal,1,2261.85,INR,settled,2026-08-12T10:00:00+05:30,2026-08-18T10:00:00+05:30
spl_f72e7250,exp_437afc15,usr_b831f448,equal,1,2261.85,INR,settled,2026-07-05T10:00:00+05:30,2026-08-18T10:00:00+05:30
spl_ae4a8f97,exp_437afc15,usr_8f81432c,equal,1,2261.85,INR,settled,2026-07-29T10:00:00+05:30,2026-08-18T10:00:00+05:30
spl_75a8f8c1,exp_5ac9ebc0,usr_e851fdeb,equal,1,790.72,INR,outstanding,,2026-08-18T10:00:00+05:30
spl_b7187f51,exp_5ac9ebc0,usr_5f1e6e1c,equal,1,790.72,INR,settled,2026-08-02T10:00:00+05:30,2026-08-18T10:00:00+05:30
spl_b6344a61,exp_5ac9ebc0,usr_ab81846d,equal,1,790.73,INR,outstanding,,2026-08-18T10:00:00+05:30
spl_ecbceb41,exp_5ac9ebc0,usr_6043ede2,equal,1,790.73,INR,settled,2026-08-16T10:00:00+05:30,2026-08-18T10:00:00+05:30
spl_d2b802e1,exp_de897698,usr_0dc99bd5,percentage,1.2465,1264.81,INR,settled,2026-06-21T10:00:00+05:30,2026-08-18T10:00:00+05:30
spl_3bb44631,exp_fe182f5a,usr_abeaa148,shares,1.1268,2056.76,INR,outstanding,,2026-08-18T10:00:00+05:30
spl_12b81607,exp_fe182f5a,usr_4cb26745,shares,1.0566,1928.55,INR,outstanding,,2026-08-18T10:00:00+05:30
spl_1e1e931f,exp_fe182f5a,usr_e10845c8,shares,1.4037,2562.15,INR,settled,2026-06-27T10:00:00+05:30,2026-08-18T10:00:00+05:30
spl_aa4ef0d4,exp_fe182f5a,usr_de5d9e34,shares,1.676,3059.21,INR,outstanding,,2026-08-18T10:00:00+05:30
spl_96d35f7c,exp_09f366ab,usr_247f37bf,custom,0.6239,1541.66,JPY,outstanding,,2026-08-18T10:00:00+05:30
spl_64547499,exp_bacc7d4c,usr_bc4b67f6,percentage,0.7346,118.74,INR,outstanding,,2026-08-18T10:00:00+05:30
spl_38f78633,exp_bacc7d4c,usr_67de0711,percentage,1.0154,164.13,INR,outstanding,,2026-08-18T10:00:00+05:30
spl_1373677e,exp_bacc7d4c,usr_580a5fe8,percentage,1.1478,185.53,INR,settled,2026-07-18T10:00:00+05:30,2026-08-18T10:00:00+05:30
spl_147c8b74,exp_99d33f6d,usr_70139660,equal,1,377.98,AED,outstanding,,2026-08-18T10:00:00+05:30
spl_29153087,exp_f0e6d0c8,usr_1cfaf7a0,equal,1,2144.24,NPR,outstanding,,2026-08-18T10:00:00+05:30
spl_b60a0563,exp_9fbb499b,usr_bff7bdb8,equal,1,822.46,INR,outstanding,,2026-08-18T10:00:00+05:30
spl_719902da,exp_a8008108,usr_7576a6e0,percentage,1.9034,501.40,INR,outstanding,,2026-08-18T10:00:00+05:30
spl_d4680465,exp_a8008108,usr_dc032205,percentage,2.0981,552.71,INR,outstanding,,2026-08-18T10:00:00+05:30
spl_c9a44aee,exp_e4330d85,usr_54e4f5fd,equal,1,8526.23,INR,outstanding,,2026-08-18T10:00:00+05:30
spl_4b57c1ae,exp_498030bc,usr_13d8f6bd,percentage,1.3922,931.77,INR,outstanding,,2026-08-18T10:00:00+05:30
spl_cf8034f3,exp_498030bc,usr_2808d36a,percentage,1.1069,740.80,INR,outstanding,,2026-08-18T10:00:00+05:30
spl_9dfa2f90,exp_fb275c31,usr_ea479c41,equal,1,1459.98,INR,settled,2026-08-06T10:00:00+05:30,2026-08-18T10:00:00+05:30
spl_852d4c5d,exp_fb275c31,usr_1f2ffeef,equal,1,1459.98,INR,settled,2026-07-14T10:00:00+05:30,2026-08-18T10:00:00+05:30
spl_f9413e3d,exp_bcee68b3,usr_81dbf021,custom,1.5095,1769.43,NPR,settled,2026-08-04T10:00:00+05:30,2026-08-18T10:00:00+05:30
spl_fe30588c,exp_37f2953b,usr_24e54a31,equal,1,236.41,THB,outstanding,,2026-08-18T10:00:00+05:30
spl_45ac9efb,exp_37f2953b,usr_108e6f0f,equal,1,236.41,THB,outstanding,,2026-08-18T10:00:00+05:30
spl_236dee5f,exp_1100abc7,usr_865c98a2,percentage,1.6713,54.39,QAR,outstanding,,2026-08-18T10:00:00+05:30
spl_4432bc36,exp_11dc9839,usr_0389057b,custom,1.8424,1071.73,INR,outstanding,,2026-08-18T10:00:00+05:30
spl_bb802845,exp_2c810a61,usr_72d88a70,percentage,0.5349,86923.58,IDR,outstanding,,2026-08-18T10:00:00+05:30
spl_2d1fec84,exp_2c810a61,usr_a6999f45,percentage,1.0335,167944.08,IDR,outstanding,,2026-08-18T10:00:00+05:30
spl_eeffbdb6,exp_c93d930d,usr_fae4d064,custom,1.702,50.73,MYR,outstanding,,2026-08-18T10:00:00+05:30
spl_30ad756a,exp_962b8cfa,usr_0b483652,equal,1,2240.85,INR,outstanding,,2026-08-18T10:00:00+05:30
spl_a41c00bb,exp_962b8cfa,usr_cb3be250,equal,1,2240.86,INR,outstanding,,2026-08-18T10:00:00+05:30
spl_9c4e9a78,exp_962b8cfa,usr_20ea4b19,equal,1,2240.86,INR,outstanding,,2026-08-18T10:00:00+05:30
spl_fca9116f,exp_c1ecf83a,usr_b50df034,equal,1,6445.11,INR,settled,2026-06-21T10:00:00+05:30,2026-08-18T10:00:00+05:30
spl_3cab36e2,exp_3012a14e,usr_98a69060,percentage,2.3638,624.99,INR,outstanding,,2026-08-18T10:00:00+05:30
spl_fb57ef5d,exp_1a76ffcd,usr_a25f0129,equal,1,1360.99,INR,outstanding,,2026-08-18T10:00:00+05:30
spl_c54d91da,exp_cab00626,usr_5bbebfef,equal,1,770.80,INR,outstanding,,2026-08-18T10:00:00+05:30
spl_9aea20a2,exp_b895cfc5,usr_08b8f8e9,equal,1,2674.00,INR,outstanding,,2026-08-18T10:00:00+05:30
spl_54c0e415,exp_70c34bb6,usr_dce3bc90,equal,1,889.46,INR,settled,2026-08-14T10:00:00+05:30,2026-08-18T10:00:00+05:30
spl_d4359f31,exp_69e08648,usr_0dc68a1c,shares,2.476,2926.83,INR,outstanding,,2026-08-18T10:00:00+05:30
spl_2f4e7357,exp_69e08648,usr_410809ba,shares,2.1549,2547.31,INR,settled,2026-08-07T10:00:00+05:30,2026-08-18T10:00:00+05:30
spl_cdb6d594,exp_3df302c2,usr_8e89346c,percentage,1.2013,2695.94,LKR,settled,2026-08-09T10:00:00+05:30,2026-08-18T10:00:00+05:30
spl_e20f0b66,exp_0816e6ee,usr_e3e0cd9d,equal,1,1344.87,INR,settled,2026-07-30T10:00:00+05:30,2026-08-18T10:00:00+05:30
spl_341ab7ad,exp_0cdb4ba1,usr_2c93ab7f,equal,1,1603.42,INR,outstanding,,2026-08-18T10:00:00+05:30
spl_a9a7ea68,exp_d5b1d057,usr_6479c45c,custom,1.3067,353.75,INR,settled,2026-08-06T10:00:00+05:30,2026-08-18T10:00:00+05:30
spl_60837d4b,exp_d5b1d057,usr_a8caec17,custom,0.5422,146.79,INR,outstanding,,2026-08-18T10:00:00+05:30
spl_122dc60e,exp_d5b1d057,usr_2bd5e70b,custom,2.1962,594.56,INR,settled,2026-07-30T10:00:00+05:30,2026-08-18T10:00:00+05:30
spl_c7176350,exp_7eb0fa38,usr_de458aa5,equal,1,2087.42,BTN,outstanding,,2026-08-18T10:00:00+05:30
spl_b6fbba99,exp_8e1090e9,usr_74ed32ff,equal,1,92.17,INR,settled,2026-07-04T10:00:00+05:30,2026-08-18T10:00:00+05:30
spl_3648794b,exp_8e1090e9,usr_60c3a39a,equal,1,92.17,INR,outstanding,,2026-08-18T10:00:00+05:30
spl_a9a392ec,exp_8e1090e9,usr_a0f188fa,equal,1,92.18,INR,outstanding,,2026-08-18T10:00:00+05:30
spl_1f9f764c,exp_8e1090e9,usr_d0d42055,equal,1,92.18,INR,outstanding,,2026-08-18T10:00:00+05:30
spl_d6f99801,exp_2f3a0271,usr_1501196b,equal,1,1583.55,INR,settled,2026-08-07T10:00:00+05:30,2026-08-18T10:00:00+05:30
spl_f2915510,exp_3fb24008,usr_13d8f6bd,shares,2.3636,412.52,INR,settled,2026-06-21T10:00:00+05:30,2026-08-18T10:00:00+05:30
spl_d012b748,exp_3fb24008,usr_ee5c9717,shares,0.5776,100.82,INR,settled,2026-07-12T10:00:00+05:30,2026-08-18T10:00:00+05:30
spl_7c2b3ef3,exp_3fb24008,usr_57890fbe,shares,1.6384,285.94,INR,settled,2026-08-01T10:00:00+05:30,2026-08-18T10:00:00+05:30
spl_3b16e7c8,exp_3fb24008,usr_7e89b5af,shares,2.2643,395.18,INR,outstanding,,2026-08-18T10:00:00+05:30
spl_c33181c1,exp_9d5c1fd2,usr_1ef037a0,custom,1.9375,512.45,INR,outstanding,,2026-08-18T10:00:00+05:30
spl_d15e5635,exp_3d508b72,usr_d8cab59f,equal,1,52.48,INR,settled,2026-06-29T10:00:00+05:30,2026-08-18T10:00:00+05:30
spl_1073657e,exp_3d508b72,usr_96a8d3c5,equal,1,52.47,INR,outstanding,,2026-08-18T10:00:00+05:30
spl_b120888f,exp_3d508b72,usr_9db3efff,equal,1,52.47,INR,settled,2026-08-16T10:00:00+05:30,2026-08-18T10:00:00+05:30
spl_a4887095,exp_3d508b72,usr_3c2f4109,equal,1,52.47,INR,outstanding,,2026-08-18T10:00:00+05:30
spl_c9e25f3a,exp_1e8276ec,usr_d9d2bfaa,equal,1,448.58,INR,settled,2026-07-07T10:00:00+05:30,2026-08-18T10:00:00+05:30
spl_425bd5a0,exp_1e8276ec,usr_8b3ba681,equal,1,448.57,INR,outstanding,,2026-08-18T10:00:00+05:30
spl_fbe89ef8,exp_1e8276ec,usr_bc8d5d3b,equal,1,448.57,INR,outstanding,,2026-08-18T10:00:00+05:30
spl_cc5c4d54,exp_1e8276ec,usr_e7722766,equal,1,448.57,INR,outstanding,,2026-08-18T10:00:00+05:30
spl_c40b9c7b,exp_a6247ac8,usr_40edb5af,shares,1.1912,271.78,INR,outstanding,,2026-08-18T10:00:00+05:30
spl_7413845c,exp_a6247ac8,usr_5f22c672,shares,1.8284,417.17,INR,settled,2026-06-27T10:00:00+05:30,2026-08-18T10:00:00+05:30
spl_323c488b,exp_6668b7de,usr_840ca16a,custom,1.266,1467.03,INR,settled,2026-07-05T10:00:00+05:30,2026-08-18T10:00:00+05:30
spl_0ec10350,exp_6668b7de,usr_c6f0707f,custom,1.5683,1817.31,INR,outstanding,,2026-08-18T10:00:00+05:30
spl_188c7c66,exp_6668b7de,usr_949a215d,custom,0.7268,842.22,INR,outstanding,,2026-08-18T10:00:00+05:30
spl_c7fc726a,exp_6668b7de,usr_f94b1e02,custom,1.8815,2180.19,INR,outstanding,,2026-08-18T10:00:00+05:30
spl_35977f93,exp_8c141d49,usr_62b3f8b8,equal,1,2250.55,INR,settled,2026-08-03T10:00:00+05:30,2026-08-18T10:00:00+05:30
spl_f24e74b9,exp_8b34ba02,usr_ddfd9a4a,percentage,0.7623,6526.03,INR,outstanding,,2026-08-18T10:00:00+05:30
spl_8db9928c,exp_715f57a9,usr_693c20b9,custom,1.9852,542.86,INR,settled,2026-06-28T10:00:00+05:30,2026-08-18T10:00:00+05:30
spl_c8357142,exp_715f57a9,usr_d89a1dce,custom,2.1498,587.85,INR,outstanding,,2026-08-18T10:00:00+05:30
spl_bab30811,exp_715f57a9,usr_0e9166f0,custom,0.9405,257.18,INR,settled,2026-08-03T10:00:00+05:30,2026-08-18T10:00:00+05:30
spl_0022e67d,exp_715f57a9,usr_be1c9458,custom,1.4764,403.72,INR,outstanding,,2026-08-18T10:00:00+05:30
spl_f7a502dd,exp_a81f753b,usr_87ae707a,equal,1,6241.21,JPY,settled,2026-07-02T10:00:00+05:30,2026-08-18T10:00:00+05:30
spl_8de115ff,exp_ca5e7223,usr_247f37bf,equal,1,710.31,INR,settled,2026-08-14T10:00:00+05:30,2026-08-18T10:00:00+05:30
spl_a783f513,exp_b588e6d2,usr_7101a5b5,equal,1,13.12,CHF,settled,2026-07-31T10:00:00+05:30,2026-08-18T10:00:00+05:30
spl_2ab294cc,exp_32e7d2f0,usr_90afe18c,custom,2.1572,12.90,AED,outstanding,,2026-08-18T10:00:00+05:30
spl_1e677374,exp_32e7d2f0,usr_5f3244b4,custom,1.1617,6.94,AED,settled,2026-08-03T10:00:00+05:30,2026-08-18T10:00:00+05:30
spl_f44a5608,exp_32e7d2f0,usr_78b510fb,custom,0.8125,4.86,AED,outstanding,,2026-08-18T10:00:00+05:30
spl_d4931d0a,exp_32e7d2f0,usr_b8779399,custom,1.1936,7.14,AED,outstanding,,2026-08-18T10:00:00+05:30
spl_b636b36d,exp_3cf073ed,usr_fa3a9dd6,equal,1,384.47,INR,outstanding,,2026-08-18T10:00:00+05:30
spl_a3107644,exp_3cf073ed,usr_b831f448,equal,1,384.48,INR,outstanding,,2026-08-18T10:00:00+05:30
spl_941c77fe,exp_3cf073ed,usr_f96768fc,equal,1,384.48,INR,settled,2026-07-19T10:00:00+05:30,2026-08-18T10:00:00+05:30
spl_79065826,exp_3cf073ed,usr_78afc45f,equal,1,384.48,INR,outstanding,,2026-08-18T10:00:00+05:30
spl_56fa0756,exp_c220b8ac,usr_fc544c58,equal,1,1324.99,INR,outstanding,,2026-08-18T10:00:00+05:30
spl_3b39ae8c,exp_87c15e60,usr_8a0aaa50,equal,1,9706.22,LKR,outstanding,,2026-08-18T10:00:00+05:30
spl_6ff2bf09,exp_87c15e60,usr_cb3be250,equal,1,9706.23,LKR,outstanding,,2026-08-18T10:00:00+05:30
spl_7a2318e8,exp_87c15e60,usr_3190040f,equal,1,9706.23,LKR,outstanding,,2026-08-18T10:00:00+05:30
spl_d363239b,exp_b162d50c,usr_8cace6bd,equal,1,342.99,INR,settled,2026-06-29T10:00:00+05:30,2026-08-18T10:00:00+05:30
spl_e95694a4,exp_b162d50c,usr_78bb2d82,equal,1,342.98,INR,settled,2026-07-05T10:00:00+05:30,2026-08-18T10:00:00+05:30
spl_f09dae91,exp_b162d50c,usr_6cdfb2c8,equal,1,342.98,INR,outstanding,,2026-08-18T10:00:00+05:30
spl_b79285ea,exp_b162d50c,usr_737d4dab,equal,1,342.98,INR,outstanding,,2026-08-18T10:00:00+05:30
spl_a761464c,exp_e6f4f9ea,usr_d59d0fa9,custom,1.1407,7026.27,INR,outstanding,,2026-08-18T10:00:00+05:30
spl_34b72d01,exp_c4f33e98,usr_bc67142c,custom,1.6096,181.95,INR,settled,2026-07-09T10:00:00+05:30,2026-08-18T10:00:00+05:30
spl_cb116215,exp_c4f33e98,usr_464e9998,custom,1.8289,206.75,INR,settled,2026-06-21T10:00:00+05:30,2026-08-18T10:00:00+05:30
spl_879a1aa0,exp_c4f33e98,usr_356f993d,custom,1.4569,164.69,INR,settled,2026-08-04T10:00:00+05:30,2026-08-18T10:00:00+05:30
spl_61491ef8,exp_615b9990,usr_506012f1,custom,1.4902,434.49,INR,settled,2026-08-08T10:00:00+05:30,2026-08-18T10:00:00+05:30
spl_599d460a,exp_615b9990,usr_d9b13621,custom,2.312,674.10,INR,settled,2026-06-24T10:00:00+05:30,2026-08-18T10:00:00+05:30
spl_9fd105bf,exp_615b9990,usr_f8162b43,custom,1.7839,520.13,INR,outstanding,,2026-08-18T10:00:00+05:30
spl_c13a7812,exp_615b9990,usr_6d4dd52b,custom,1.8124,528.44,INR,outstanding,,2026-08-18T10:00:00+05:30
spl_eb8f3d0b,exp_deae3d56,usr_67ff2106,equal,1,9556.53,LKR,outstanding,,2026-08-18T10:00:00+05:30
spl_f22672b2,exp_6986e4a9,usr_424fbf1a,percentage,2.3508,2359.47,THB,settled,2026-07-02T10:00:00+05:30,2026-08-18T10:00:00+05:30
spl_d5aa9bc4,exp_6986e4a9,usr_bc4a9809,percentage,0.5189,520.82,THB,settled,2026-07-05T10:00:00+05:30,2026-08-18T10:00:00+05:30
spl_0bea5613,exp_bd3e4d51,usr_ee57ec9a,custom,2.3537,6666.06,INR,outstanding,,2026-08-18T10:00:00+05:30
spl_7ef0683d,exp_b228ba26,usr_58d2b52f,percentage,1.9731,54.18,MVR,outstanding,,2026-08-18T10:00:00+05:30
spl_c6541837,exp_68a97e04,usr_4e65d08a,custom,2.456,4175.21,INR,outstanding,,2026-08-18T10:00:00+05:30
spl_188563ce,exp_68a97e04,usr_e459a18c,custom,1.2908,2194.39,INR,outstanding,,2026-08-18T10:00:00+05:30
spl_b0deab62,exp_68a97e04,usr_633c636b,custom,1.7129,2911.93,INR,outstanding,,2026-08-18T10:00:00+05:30
spl_80889449,exp_62412fe3,usr_c4dc3602,equal,1,6708.01,INR,outstanding,,2026-08-18T10:00:00+05:30
spl_81f5b4ba,exp_c81c674e,usr_ab49979e,equal,1,1110.51,INR,outstanding,,2026-08-18T10:00:00+05:30
spl_70d23740,exp_f41eb0cf,usr_74ed32ff,custom,0.6502,423.66,INR,outstanding,,2026-08-18T10:00:00+05:30
spl_8d88daed,exp_352efd5f,usr_9474016b,equal,1,591.02,INR,settled,2026-06-27T10:00:00+05:30,2026-08-18T10:00:00+05:30
spl_82a57290,exp_352efd5f,usr_77cc5104,equal,1,591.02,INR,outstanding,,2026-08-18T10:00:00+05:30
spl_8694b65e,exp_352efd5f,usr_a352fc16,equal,1,591.02,INR,settled,2026-08-03T10:00:00+05:30,2026-08-18T10:00:00+05:30
spl_02922bab,exp_5b7b08c7,usr_21700d8e,equal,1,2870.24,INR,outstanding,,2026-08-18T10:00:00+05:30
spl_5e30739c,exp_5b7b08c7,usr_e60873aa,equal,1,2870.23,INR,outstanding,,2026-08-18T10:00:00+05:30
spl_638a0f13,exp_5b7b08c7,usr_3134253d,equal,1,2870.23,INR,settled,2026-07-05T10:00:00+05:30,2026-08-18T10:00:00+05:30
spl_2a77caac,exp_e0c64cc8,usr_7ad82b11,equal,1,550.61,INR,outstanding,,2026-08-18T10:00:00+05:30
spl_b87775d1,exp_32d619d0,usr_d1c73fb8,equal,1,94.92,MVR,outstanding,,2026-08-18T10:00:00+05:30
spl_72057cc0,exp_32d619d0,usr_7edfea3c,equal,1,94.92,MVR,outstanding,,2026-08-18T10:00:00+05:30
spl_bff9323d,exp_32d619d0,usr_e5bfa6cd,equal,1,94.92,MVR,outstanding,,2026-08-18T10:00:00+05:30
spl_f166cdde,exp_cea13457,usr_2bd5e70b,custom,2.4617,136.63,INR,outstanding,,2026-08-18T10:00:00+05:30
spl_77b4aba9,exp_cea13457,usr_b9d5e7c6,custom,1.2168,67.53,INR,settled,2026-08-07T10:00:00+05:30,2026-08-18T10:00:00+05:30
spl_6a69cc9b,exp_cea13457,usr_a352fc16,custom,1.3162,73.05,INR,outstanding,,2026-08-18T10:00:00+05:30
spl_207287c4,exp_cea13457,usr_77cc5104,custom,0.9783,54.30,INR,settled,2026-08-08T10:00:00+05:30,2026-08-18T10:00:00+05:30
spl_eeb96dae,exp_f6ec26da,usr_520d9624,custom,1.4391,1441.66,INR,outstanding,,2026-08-18T10:00:00+05:30
spl_e5814dd6,exp_f6ec26da,usr_053e7434,custom,2.1527,2156.41,INR,outstanding,,2026-08-18T10:00:00+05:30
spl_e32101c7,exp_d5f4c032,usr_a370271a,equal,1,1454.12,INR,settled,2026-06-29T10:00:00+05:30,2026-08-18T10:00:00+05:30
spl_6ecb7dca,exp_d5f4c032,usr_0389057b,equal,1,1454.12,INR,outstanding,,2026-08-18T10:00:00+05:30
spl_cd3d29a2,exp_5fd75df4,usr_35d340e3,equal,1,1072.52,INR,outstanding,,2026-08-18T10:00:00+05:30
spl_b7271b2f,exp_5fd75df4,usr_52de2228,equal,1,1072.52,INR,outstanding,,2026-08-18T10:00:00+05:30
spl_5f0946df,exp_6700acb6,usr_8add6423,custom,1.4079,2068.94,INR,settled,2026-08-02T10:00:00+05:30,2026-08-18T10:00:00+05:30
spl_b44648a9,exp_6700acb6,usr_2808d36a,custom,1.7401,2557.18,INR,settled,2026-07-08T10:00:00+05:30,2026-08-18T10:00:00+05:30
spl_c5edffa4,exp_6700acb6,usr_d504f21d,custom,1.5128,2223.01,INR,written_off,,2026-08-18T10:00:00+05:30
spl_d510b130,exp_6700acb6,usr_6bf6f0c2,custom,2.0131,2958.35,INR,outstanding,,2026-08-18T10:00:00+05:30
spl_7662cce6,exp_46ac28af,usr_65b43f7e,equal,1,5480.15,INR,settled,2026-08-06T10:00:00+05:30,2026-08-18T10:00:00+05:30
spl_1f5e90f5,exp_403ff396,usr_2de68d4f,equal,1,382.37,INR,settled,2026-07-21T10:00:00+05:30,2026-08-18T10:00:00+05:30
spl_976c94f9,exp_403ff396,usr_bedf358a,equal,1,382.38,INR,outstanding,,2026-08-18T10:00:00+05:30
spl_2da17cbd,exp_403ff396,usr_4caa1cc0,equal,1,382.38,INR,outstanding,,2026-08-18T10:00:00+05:30
spl_24d1770d,exp_3cc81f78,usr_e3b9431c,equal,1,10.12,AED,settled,2026-08-11T10:00:00+05:30,2026-08-18T10:00:00+05:30
spl_35ae1615,exp_368442ed,usr_492b38ba,equal,1,561.93,INR,outstanding,,2026-08-18T10:00:00+05:30
spl_748f1747,exp_368442ed,usr_5f22c672,equal,1,561.94,INR,outstanding,,2026-08-18T10:00:00+05:30
spl_3388b103,exp_052aeb61,usr_d245dd5d,equal,1,21.87,SGD,outstanding,,2026-08-18T10:00:00+05:30
spl_0146b875,exp_e2b0b6fa,usr_fc544c58,equal,1,434.64,INR,outstanding,,2026-08-18T10:00:00+05:30
spl_1308b1ad,exp_2df71a62,usr_8a133f67,equal,1,1527.33,INR,settled,2026-07-30T10:00:00+05:30,2026-08-18T10:00:00+05:30
spl_04da1821,exp_18f8350d,usr_4787696f,custom,1.6424,11.56,CHF,settled,2026-07-18T10:00:00+05:30,2026-08-18T10:00:00+05:30
spl_7276b366,exp_a381d2f5,usr_44604a9d,equal,1,534.69,INR,outstanding,,2026-08-18T10:00:00+05:30
spl_224de831,exp_a381d2f5,usr_14ca6dc1,equal,1,534.70,INR,settled,2026-07-17T10:00:00+05:30,2026-08-18T10:00:00+05:30
spl_3a71f418,exp_a381d2f5,usr_1bd9093b,equal,1,534.70,INR,outstanding,,2026-08-18T10:00:00+05:30
spl_b05a2d87,exp_1c630af1,usr_76ac5087,equal,1,1839.86,INR,settled,2026-07-21T10:00:00+05:30,2026-08-18T10:00:00+05:30
spl_959ad3f0,exp_8eee8e8b,usr_55a04c8d,equal,1,795.64,INR,outstanding,,2026-08-18T10:00:00+05:30
spl_bd8e04b3,exp_8eee8e8b,usr_0a7c6097,equal,1,795.64,INR,outstanding,,2026-08-18T10:00:00+05:30
spl_9cbcf484,exp_d80799c2,usr_824b14a8,equal,1,1971.08,INR,outstanding,,2026-08-18T10:00:00+05:30
spl_cbe3b782,exp_80e0fc2b,usr_651a4d17,equal,1,375.05,INR,outstanding,,2026-08-18T10:00:00+05:30
spl_7c34529d,exp_80e0fc2b,usr_62a77a41,equal,1,375.06,INR,settled,2026-07-14T10:00:00+05:30,2026-08-18T10:00:00+05:30
spl_31cf706b,exp_d5100d13,usr_525b1d3c,equal,1,7681.68,INR,settled,2026-07-30T10:00:00+05:30,2026-08-18T10:00:00+05:30
spl_a7271afa,exp_bd89bec8,usr_d1a44892,equal,1,29.61,MYR,outstanding,,2026-08-18T10:00:00+05:30
spl_b9a54089,exp_cb81ec39,usr_db178dbf,equal,1,107.93,INR,outstanding,,2026-08-18T10:00:00+05:30
spl_1a54a572,exp_cb81ec39,usr_adfa8422,equal,1,107.92,INR,outstanding,,2026-08-18T10:00:00+05:30
spl_2d51c0e4,exp_cb81ec39,usr_7b03ee88,equal,1,107.92,INR,outstanding,,2026-08-18T10:00:00+05:30
spl_1e3c5afd,exp_857a1d0c,usr_8e84ba7a,custom,0.5802,367.09,INR,outstanding,,2026-08-18T10:00:00+05:30
spl_122c43e0,exp_857a1d0c,usr_5f1e6e1c,custom,0.6517,412.32,INR,outstanding,,2026-08-18T10:00:00+05:30
spl_474dfe13,exp_857a1d0c,usr_fedbd227,custom,1.8196,1151.20,INR,settled,2026-08-07T10:00:00+05:30,2026-08-18T10:00:00+05:30
spl_6bd5839e,exp_857a1d0c,usr_65b43f7e,custom,2.4857,1572.64,INR,outstanding,,2026-08-18T10:00:00+05:30
spl_308e4d88,exp_540f17e1,usr_56e18e71,percentage,2.0638,792.36,INR,outstanding,,2026-08-18T10:00:00+05:30
spl_702d8ac4,exp_540f17e1,usr_5a747250,percentage,0.895,343.63,INR,settled,2026-07-20T10:00:00+05:30,2026-08-18T10:00:00+05:30
spl_60fad139,exp_540f17e1,usr_52257a0a,percentage,1.8944,727.30,INR,outstanding,,2026-08-18T10:00:00+05:30
spl_8bed4dfd,exp_28e61ba7,usr_01d12bc2,equal,1,202.64,INR,outstanding,,2026-08-18T10:00:00+05:30
spl_2f366402,exp_28e61ba7,usr_7faf6134,equal,1,202.64,INR,settled,2026-07-20T10:00:00+05:30,2026-08-18T10:00:00+05:30
spl_719cb182,exp_d5a52a6c,usr_0389057b,equal,1,1475.08,INR,written_off,,2026-08-18T10:00:00+05:30
spl_b21024c3,exp_418a9f55,usr_1cfaf7a0,percentage,1.7267,1890.36,NPR,outstanding,,2026-08-18T10:00:00+05:30
spl_9827eeb5,exp_efbf7be3,usr_0a31df91,equal,1,2090.53,INR,settled,2026-07-12T10:00:00+05:30,2026-08-18T10:00:00+05:30
spl_0fc22d24,exp_efbf7be3,usr_f7512c22,equal,1,2090.54,INR,outstanding,,2026-08-18T10:00:00+05:30
spl_c8b42ca3,exp_ab17379a,usr_8659fe93,equal,1,387.50,MVR,settled,2026-06-23T10:00:00+05:30,2026-08-18T10:00:00+05:30
spl_04bf0ded,exp_805a8310,usr_e076a69d,equal,1,1441.17,INR,settled,2026-06-28T10:00:00+05:30,2026-08-18T10:00:00+05:30
spl_4ba4d995,exp_8e2e0a9c,usr_d20b2a69,custom,1.1997,857.60,INR,settled,2026-07-21T10:00:00+05:30,2026-08-18T10:00:00+05:30
spl_b02bea0a,exp_8e2e0a9c,usr_dc888b66,custom,1.82,1301.04,INR,outstanding,,2026-08-18T10:00:00+05:30
spl_a5f48048,exp_8e2e0a9c,usr_bc4b67f6,custom,1.7411,1244.61,INR,settled,2026-06-23T10:00:00+05:30,2026-08-18T10:00:00+05:30
spl_52858516,exp_cb9cfe68,usr_1dc8f83e,equal,1,652.51,THB,outstanding,,2026-08-18T10:00:00+05:30
spl_21342b37,exp_b473ecd3,usr_e459a18c,equal,1,1278.20,INR,outstanding,,2026-08-18T10:00:00+05:30
spl_545ad006,exp_b473ecd3,usr_9694b4a3,equal,1,1278.20,INR,settled,2026-07-11T10:00:00+05:30,2026-08-18T10:00:00+05:30
spl_12443d54,exp_b473ecd3,usr_dace411a,equal,1,1278.21,INR,settled,2026-07-27T10:00:00+05:30,2026-08-18T10:00:00+05:30
spl_3630c0d4,exp_b473ecd3,usr_40edb5af,equal,1,1278.21,INR,settled,2026-07-07T10:00:00+05:30,2026-08-18T10:00:00+05:30
spl_87a530ef,exp_cf2b3a98,usr_373b76a9,equal,1,491.11,INR,settled,2026-06-23T10:00:00+05:30,2026-08-18T10:00:00+05:30
spl_7a98d5f3,exp_cf2b3a98,usr_d9b13621,equal,1,491.11,INR,outstanding,,2026-08-18T10:00:00+05:30
spl_7dbee9fb,exp_cf2b3a98,usr_f48b4353,equal,1,491.11,INR,outstanding,,2026-08-18T10:00:00+05:30
spl_324339c2,exp_cf2b3a98,usr_f8162b43,equal,1,491.11,INR,settled,2026-07-21T10:00:00+05:30,2026-08-18T10:00:00+05:30
spl_2a718264,exp_e744ce79,usr_3e25dcc6,equal,1,789.14,INR,outstanding,,2026-08-18T10:00:00+05:30
spl_81fc7fb0,exp_8d58f37e,usr_a370271a,custom,2.1264,11.52,QAR,outstanding,,2026-08-18T10:00:00+05:30
spl_e63b23e3,exp_8d58f37e,usr_0389057b,custom,0.9739,5.27,QAR,outstanding,,2026-08-18T10:00:00+05:30
spl_658f4b13,exp_45663890,usr_e94f06ca,equal,1,8990.12,INR,settled,2026-07-02T10:00:00+05:30,2026-08-18T10:00:00+05:30
spl_cfc35e1d,exp_e1d64aeb,usr_488b3ced,equal,1,480.79,INR,outstanding,,2026-08-18T10:00:00+05:30
spl_6120a596,exp_6a7d9430,usr_7e340c2a,equal,1,371.67,INR,outstanding,,2026-08-18T10:00:00+05:30
spl_bfa93dbe,exp_8c016d4c,usr_c41a26c3,custom,0.8368,9666.49,IDR,written_off,,2026-08-18T10:00:00+05:30
spl_2300fd30,exp_8c016d4c,usr_1dd8f348,custom,0.7717,8914.50,IDR,settled,2026-07-26T10:00:00+05:30,2026-08-18T10:00:00+05:30
spl_8064f0ae,exp_8c016d4c,usr_454b4262,custom,2.0864,24101.70,IDR,settled,2026-08-16T10:00:00+05:30,2026-08-18T10:00:00+05:30
spl_1f845562,exp_8c016d4c,usr_da6b9625,custom,0.8532,9856.60,IDR,outstanding,,2026-08-18T10:00:00+05:30
spl_bd2821fb,exp_4f05cb14,usr_8e272905,percentage,1.2008,187.55,INR,outstanding,,2026-08-18T10:00:00+05:30
spl_726f2492,exp_4f05cb14,usr_df77fb8e,percentage,2.3029,359.68,INR,settled,2026-06-23T10:00:00+05:30,2026-08-18T10:00:00+05:30
spl_43e24f09,exp_4f05cb14,usr_6c3fae7b,percentage,1.0202,159.34,INR,outstanding,,2026-08-18T10:00:00+05:30
spl_4fab54ce,exp_4b1d35d1,usr_9e33a102,custom,0.7458,128.78,INR,outstanding,,2026-08-18T10:00:00+05:30
spl_30732e63,exp_4b1d35d1,usr_42dc4da4,custom,1.4329,247.45,INR,outstanding,,2026-08-18T10:00:00+05:30
spl_a33f044f,exp_4b1d35d1,usr_9ae9cbcb,custom,2.4988,431.52,INR,settled,2026-07-19T10:00:00+05:30,2026-08-18T10:00:00+05:30
spl_22a6bc5b,exp_4b1d35d1,usr_893bfbd9,custom,2.4872,429.51,INR,settled,2026-07-04T10:00:00+05:30,2026-08-18T10:00:00+05:30
spl_c2250e43,exp_57cdec85,usr_f52d271a,shares,1.5116,500.37,INR,settled,2026-07-04T10:00:00+05:30,2026-08-18T10:00:00+05:30
spl_41c19cf1,exp_57cdec85,usr_05fc06c6,shares,0.8895,294.44,INR,outstanding,,2026-08-18T10:00:00+05:30
spl_919d6f9c,exp_a0f3efcc,usr_72d88a70,custom,2.3778,329.80,THB,outstanding,,2026-08-18T10:00:00+05:30
spl_b09d08b8,exp_a0f3efcc,usr_fb725464,custom,0.5244,72.73,THB,settled,2026-08-15T10:00:00+05:30,2026-08-18T10:00:00+05:30
spl_0e53b3ba,exp_a0f3efcc,usr_b376fa1f,custom,2.3723,329.05,THB,outstanding,,2026-08-18T10:00:00+05:30
spl_8a951219,exp_c97281f6,usr_db178dbf,equal,1,562.95,INR,settled,2026-07-03T10:00:00+05:30,2026-08-18T10:00:00+05:30
spl_b1c89802,exp_c97281f6,usr_adfa8422,equal,1,562.96,INR,outstanding,,2026-08-18T10:00:00+05:30
spl_7a48e4b4,exp_c97281f6,usr_7b03ee88,equal,1,562.96,INR,settled,2026-07-16T10:00:00+05:30,2026-08-18T10:00:00+05:30
spl_8d4bf5de,exp_68947a6a,usr_ab44eb3e,shares,1.6916,2611.74,INR,settled,2026-08-13T10:00:00+05:30,2026-08-18T10:00:00+05:30
spl_2bbc38d1,exp_68947a6a,usr_beed67f9,shares,2.2907,3536.71,INR,outstanding,,2026-08-18T10:00:00+05:30
spl_56179812,exp_4fc83944,usr_60cacdee,shares,1.7117,162.69,INR,settled,2026-06-22T10:00:00+05:30,2026-08-18T10:00:00+05:30
spl_b3b6c1fc,exp_4fc83944,usr_268fdb85,shares,0.6617,62.89,INR,outstanding,,2026-08-18T10:00:00+05:30
spl_ca7071f4,exp_4fc83944,usr_86b17c0e,shares,1.0757,102.24,INR,settled,2026-08-05T10:00:00+05:30,2026-08-18T10:00:00+05:30
spl_b19220e9,exp_4fc83944,usr_2162d6ff,shares,2.0501,194.85,INR,outstanding,,2026-08-18T10:00:00+05:30
spl_344dfd31,exp_f25cef41,usr_a6eaecde,percentage,1.6201,1947.06,INR,settled,2026-07-21T10:00:00+05:30,2026-08-18T10:00:00+05:30
spl_a1e0811e,exp_d6e8f854,usr_1cec1f14,equal,1,4077.26,INR,settled,2026-07-13T10:00:00+05:30,2026-08-18T10:00:00+05:30
spl_71c39a48,exp_d6e8f854,usr_2a2841d1,equal,1,4077.27,INR,outstanding,,2026-08-18T10:00:00+05:30
spl_6df4ffb9,exp_968a2d5a,usr_693c20b9,equal,1,44.27,AED,settled,2026-07-27T10:00:00+05:30,2026-08-18T10:00:00+05:30
spl_61c9f326,exp_968a2d5a,usr_d89a1dce,equal,1,44.28,AED,settled,2026-07-27T10:00:00+05:30,2026-08-18T10:00:00+05:30
spl_76d98545,exp_968a2d5a,usr_0e9166f0,equal,1,44.28,AED,outstanding,,2026-08-18T10:00:00+05:30
spl_5ed73091,exp_968a2d5a,usr_be1c9458,equal,1,44.28,AED,outstanding,,2026-08-18T10:00:00+05:30
spl_78c70c2c,exp_26b95cbf,usr_51294c66,percentage,1.8889,11751.47,NPR,outstanding,,2026-08-18T10:00:00+05:30
spl_09f998bc,exp_e80f2067,usr_e93a9eef,shares,2.1146,623.78,INR,settled,2026-07-07T10:00:00+05:30,2026-08-18T10:00:00+05:30
spl_ab9c910a,exp_e80f2067,usr_6f068e43,shares,1.8021,531.59,INR,settled,2026-07-06T10:00:00+05:30,2026-08-18T10:00:00+05:30
spl_ba4495de,exp_e80f2067,usr_f427bdf9,shares,2.0821,614.19,INR,written_off,,2026-08-18T10:00:00+05:30
spl_87862b10,exp_e80f2067,usr_a015811e,shares,2.4203,713.94,INR,outstanding,,2026-08-18T10:00:00+05:30
spl_8484cb00,exp_7e3dbd8a,usr_bac1ae76,custom,1.0203,209.83,INR,outstanding,,2026-08-18T10:00:00+05:30
spl_1d2d0725,exp_7e3dbd8a,usr_2182a4d3,custom,2.4337,500.49,INR,outstanding,,2026-08-18T10:00:00+05:30
spl_2cc41caa,exp_8ae614e4,usr_ba25cb52,percentage,1.5213,1684.19,INR,outstanding,,2026-08-18T10:00:00+05:30
spl_750bae08,exp_2c341fdf,usr_dc1bd238,equal,1,1428.27,INR,settled,2026-07-04T10:00:00+05:30,2026-08-18T10:00:00+05:30
spl_4201cfb0,exp_55bb1111,usr_8eb4e3e7,equal,1,1770.63,INR,outstanding,,2026-08-18T10:00:00+05:30
spl_68cae60e,exp_e6fe0edb,usr_70139660,equal,1,25.72,AED,settled,2026-08-12T10:00:00+05:30,2026-08-18T10:00:00+05:30
spl_fba25361,exp_c054f527,usr_54e4f5fd,custom,2.201,137.31,INR,outstanding,,2026-08-18T10:00:00+05:30
spl_941f18fe,exp_2457eb8c,usr_aaf1c470,equal,1,183.76,MVR,settled,2026-07-19T10:00:00+05:30,2026-08-18T10:00:00+05:30
spl_d0e4ff15,exp_2457eb8c,usr_b3f2baa1,equal,1,183.76,MVR,outstanding,,2026-08-18T10:00:00+05:30
spl_4f79aa64,exp_181b2c3c,usr_34e42e87,equal,1,2996.22,JPY,settled,2026-08-03T10:00:00+05:30,2026-08-18T10:00:00+05:30
spl_82ad6975,exp_181b2c3c,usr_51247360,equal,1,2996.23,JPY,settled,2026-08-01T10:00:00+05:30,2026-08-18T10:00:00+05:30
spl_a49276f8,exp_181b2c3c,usr_4d8f3b3a,equal,1,2996.23,JPY,settled,2026-07-01T10:00:00+05:30,2026-08-18T10:00:00+05:30
spl_6db9a5af,exp_e0d6ec3a,usr_6e20f92e,equal,1,158.34,MVR,settled,2026-07-21T10:00:00+05:30,2026-08-18T10:00:00+05:30
spl_2f3a4f54,exp_e0d6ec3a,usr_1dc66e29,equal,1,158.35,MVR,outstanding,,2026-08-18T10:00:00+05:30
spl_8a17570f,exp_8b6dcdc7,usr_fd8f7b49,shares,2.4156,437.66,INR,outstanding,,2026-08-18T10:00:00+05:30
spl_72825aad,exp_8b6dcdc7,usr_045378e4,shares,1.3714,248.47,INR,outstanding,,2026-08-18T10:00:00+05:30
spl_aa4be4e0,exp_8b6dcdc7,usr_6498a0a8,shares,1.2699,230.08,INR,outstanding,,2026-08-18T10:00:00+05:30
spl_da6b7d68,exp_e51ec199,usr_72818c78,equal,1,402.38,INR,outstanding,,2026-08-18T10:00:00+05:30
spl_7621e281,exp_e8d0ffa6,usr_1a6892bf,custom,0.5843,668.03,INR,outstanding,,2026-08-18T10:00:00+05:30
spl_98eb108c,exp_4a556102,usr_e2ca58e8,equal,1,96.79,MVR,outstanding,,2026-08-18T10:00:00+05:30
spl_6330df1d,exp_4a556102,usr_87dbc172,equal,1,96.78,MVR,settled,2026-08-08T10:00:00+05:30,2026-08-18T10:00:00+05:30
spl_2fd28c7e,exp_4a556102,usr_a9e888d0,equal,1,96.78,MVR,outstanding,,2026-08-18T10:00:00+05:30
spl_db88146b,exp_f30b8c8c,usr_81dbf021,equal,1,8862.37,NPR,outstanding,,2026-08-18T10:00:00+05:30
spl_948f8505,exp_a80b7cdd,usr_40c95b13,equal,1,861.46,INR,outstanding,,2026-08-18T10:00:00+05:30
spl_aa69b5eb,exp_60b80006,usr_8eb4e3e7,equal,1,672.45,THB,settled,2026-07-16T10:00:00+05:30,2026-08-18T10:00:00+05:30
spl_07d375c5,exp_425ad7ff,usr_8a133f67,equal,1,6454.18,INR,settled,2026-06-22T10:00:00+05:30,2026-08-18T10:00:00+05:30
spl_d4d6cec2,exp_696aa236,usr_c60b1837,equal,1,21.26,AED,settled,2026-07-31T10:00:00+05:30,2026-08-18T10:00:00+05:30
spl_3162a610,exp_9d29edc3,usr_5307f01f,equal,1,349.87,INR,outstanding,,2026-08-18T10:00:00+05:30
spl_3ca61935,exp_9d29edc3,usr_e10845c8,equal,1,349.87,INR,settled,2026-06-24T10:00:00+05:30,2026-08-18T10:00:00+05:30
spl_c65f859a,exp_9d29edc3,usr_34f98272,equal,1,349.88,INR,outstanding,,2026-08-18T10:00:00+05:30
spl_529c375a,exp_9d29edc3,usr_8ddbc4ab,equal,1,349.88,INR,settled,2026-08-08T10:00:00+05:30,2026-08-18T10:00:00+05:30
spl_ee69459d,exp_61edb98d,usr_8e272905,equal,1,551.10,INR,outstanding,,2026-08-18T10:00:00+05:30
spl_8af25661,exp_61edb98d,usr_df77fb8e,equal,1,551.09,INR,outstanding,,2026-08-18T10:00:00+05:30
spl_e5ea43de,exp_61edb98d,usr_6c3fae7b,equal,1,551.09,INR,outstanding,,2026-08-18T10:00:00+05:30
spl_2ba45a11,exp_8f9889d8,usr_a25f0129,equal,1,244.61,MVR,outstanding,,2026-08-18T10:00:00+05:30
spl_68fc03e1,exp_3791b504,usr_2b7e8931,equal,1,412.58,INR,outstanding,,2026-08-18T10:00:00+05:30
spl_2e349db5,exp_7de527bd,usr_969a0636,shares,1.3247,4044.16,INR,settled,2026-07-03T10:00:00+05:30,2026-08-18T10:00:00+05:30
spl_e4837680,exp_7de527bd,usr_0e3a6945,shares,0.979,2988.90,INR,outstanding,,2026-08-18T10:00:00+05:30
spl_77c43f81,exp_47f82837,usr_e1d938d9,equal,1,214.52,INR,settled,2026-06-21T10:00:00+05:30,2026-08-18T10:00:00+05:30
spl_130aa488,exp_4858dec3,usr_3438d3c4,equal,1,33.97,MYR,outstanding,,2026-08-18T10:00:00+05:30
spl_dc72e6c7,exp_4858dec3,usr_8e226071,equal,1,33.97,MYR,settled,2026-06-23T10:00:00+05:30,2026-08-18T10:00:00+05:30
spl_6c56d8f8,exp_4858dec3,usr_6c3fae7b,equal,1,33.97,MYR,outstanding,,2026-08-18T10:00:00+05:30
spl_a550882a,exp_d0e8211c,usr_8e272905,equal,1,386.71,INR,outstanding,,2026-08-18T10:00:00+05:30
spl_1ffafc2e,exp_d0e8211c,usr_df77fb8e,equal,1,386.71,INR,outstanding,,2026-08-18T10:00:00+05:30
spl_bf571ca8,exp_d0e8211c,usr_6c3fae7b,equal,1,386.71,INR,outstanding,,2026-08-18T10:00:00+05:30
spl_1d228a90,exp_f0693dd4,usr_57995796,custom,1.759,6315.51,INR,outstanding,,2026-08-18T10:00:00+05:30
spl_7020588a,exp_6ff8b36a,usr_fedbd227,equal,1,598.75,INR,outstanding,,2026-08-18T10:00:00+05:30
spl_13361e26,exp_11c2a963,usr_f52d271a,equal,1,4813.27,INR,outstanding,,2026-08-18T10:00:00+05:30
spl_fc74570c,exp_11c2a963,usr_05fc06c6,equal,1,4813.28,INR,settled,2026-07-07T10:00:00+05:30,2026-08-18T10:00:00+05:30
spl_c255e807,exp_ea93b304,usr_22e61dad,custom,1.0104,2830.10,INR,outstanding,,2026-08-18T10:00:00+05:30
spl_95b577f9,exp_456e1bc5,usr_34f98272,shares,0.5971,4939.77,INR,outstanding,,2026-08-18T10:00:00+05:30
spl_58f35fde,exp_1972f802,usr_e3b9431c,equal,1,80.50,AED,outstanding,,2026-08-18T10:00:00+05:30
spl_dbf43690,exp_a28ce1b6,usr_b1a4b433,custom,1.0695,327.73,INR,written_off,,2026-08-18T10:00:00+05:30
spl_77ac649d,exp_dda85113,usr_495905e0,equal,1,175.20,AED,outstanding,,2026-08-18T10:00:00+05:30
spl_67a3b758,exp_dda85113,usr_7dc3ba48,equal,1,175.20,AED,outstanding,,2026-08-18T10:00:00+05:30
spl_f08e8411,exp_ad3d219d,usr_2e849b83,equal,1,53.42,MYR,outstanding,,2026-08-18T10:00:00+05:30
spl_517a880d,exp_ad3d219d,usr_3c3ae758,equal,1,53.43,MYR,settled,2026-07-12T10:00:00+05:30,2026-08-18T10:00:00+05:30
spl_fa2738af,exp_95947993,usr_693c20b9,percentage,1.2159,25.82,AED,settled,2026-06-20T10:00:00+05:30,2026-08-18T10:00:00+05:30
spl_7a35f2a3,exp_95947993,usr_d89a1dce,percentage,2.4293,51.58,AED,outstanding,,2026-08-18T10:00:00+05:30
spl_bc89864a,exp_95947993,usr_0e9166f0,percentage,0.8556,18.17,AED,outstanding,,2026-08-18T10:00:00+05:30
spl_f9c09341,exp_95947993,usr_be1c9458,percentage,1.1003,23.37,AED,settled,2026-08-13T10:00:00+05:30,2026-08-18T10:00:00+05:30
spl_415aae1d,exp_5fc878e8,usr_1dd8f348,custom,1.9826,305726.58,IDR,settled,2026-08-01T10:00:00+05:30,2026-08-18T10:00:00+05:30
spl_bd5005c5,exp_cfa845e9,usr_1dc66e29,shares,1.8776,809.82,INR,settled,2026-06-27T10:00:00+05:30,2026-08-18T10:00:00+05:30
spl_c0723baf,exp_37c6c920,usr_efe9a3aa,shares,0.8332,810.77,INR,outstanding,,2026-08-18T10:00:00+05:30
spl_e6a323c5,exp_37c6c920,usr_a7185e16,shares,2.4442,2378.46,INR,outstanding,,2026-08-18T10:00:00+05:30
spl_e46e2f81,exp_37c6c920,usr_12f95c97,shares,2.1829,2124.15,INR,settled,2026-08-02T10:00:00+05:30,2026-08-18T10:00:00+05:30
spl_4216fd5f,exp_97f7f243,usr_7796e5e8,shares,2.2608,4853.88,LKR,settled,2026-07-21T10:00:00+05:30,2026-08-18T10:00:00+05:30
spl_00194bff,exp_97f7f243,usr_68f5f82d,shares,1.2462,2675.50,LKR,settled,2026-07-06T10:00:00+05:30,2026-08-18T10:00:00+05:30
spl_083b0167,exp_97f7f243,usr_0551c67a,shares,2.13,4573.11,LKR,outstanding,,2026-08-18T10:00:00+05:30
spl_d61c1d95,exp_97f7f243,usr_1501196b,shares,1.3009,2793.04,LKR,outstanding,,2026-08-18T10:00:00+05:30
spl_43dbb873,exp_87d159a9,usr_bbd1ced8,percentage,0.6035,55.02,MVR,outstanding,,2026-08-18T10:00:00+05:30
spl_7a611cbc,exp_bbea4462,usr_4b9412c5,equal,1,1644.60,INR,outstanding,,2026-08-18T10:00:00+05:30
spl_1e5bc322,exp_160d65bf,usr_d56927f7,equal,1,1077.38,INR,settled,2026-07-21T10:00:00+05:30,2026-08-18T10:00:00+05:30
spl_d9b9ca77,exp_69f36629,usr_2b4223b2,equal,1,2327.87,INR,outstanding,,2026-08-18T10:00:00+05:30
spl_be5c9624,exp_d1b73a2c,usr_17083a9e,equal,1,2548.40,INR,outstanding,,2026-08-18T10:00:00+05:30
spl_7d41dde4,exp_d1b73a2c,usr_07f03d4c,equal,1,2548.41,INR,outstanding,,2026-08-18T10:00:00+05:30
spl_43145d04,exp_a9287bb0,usr_fedbd227,custom,2.1374,9756.07,INR,settled,2026-07-25T10:00:00+05:30,2026-08-18T10:00:00+05:30
spl_6db3f6a5,exp_2ec9e86a,usr_98ca8444,equal,1,3.81,QAR,outstanding,,2026-08-18T10:00:00+05:30
spl_911bbe28,exp_2ec9e86a,usr_fa3a9dd6,equal,1,3.81,QAR,settled,2026-07-01T10:00:00+05:30,2026-08-18T10:00:00+05:30
spl_8a854f49,exp_2ec9e86a,usr_82545d82,equal,1,3.82,QAR,outstanding,,2026-08-18T10:00:00+05:30
spl_3fc0236f,exp_2ec9e86a,usr_0eb7982c,equal,1,3.82,QAR,outstanding,,2026-08-18T10:00:00+05:30
spl_38fe5456,exp_ac4d8446,usr_c4b23b72,equal,1,422.40,INR,outstanding,,2026-08-18T10:00:00+05:30
spl_d6783ee6,exp_38162969,usr_ea41e115,shares,0.9348,255.34,INR,settled,2026-07-01T10:00:00+05:30,2026-08-18T10:00:00+05:30
spl_26a82f28,exp_998b5168,usr_5385053d,equal,1,1110.33,INR,outstanding,,2026-08-18T10:00:00+05:30
spl_6eb96f14,exp_15896357,usr_ab49979e,equal,1,8163.82,INR,outstanding,,2026-08-18T10:00:00+05:30
spl_b79f54a8,exp_3c19c332,usr_07f03d4c,equal,1,1519.21,INR,settled,2026-08-09T10:00:00+05:30,2026-08-18T10:00:00+05:30
spl_d43b9480,exp_2ee9a2cb,usr_9c28ee85,equal,1,714.35,INR,settled,2026-07-15T10:00:00+05:30,2026-08-18T10:00:00+05:30
spl_d0f8968d,exp_f329808b,usr_6e3b5c10,equal,1,9288.27,INR,outstanding,,2026-08-18T10:00:00+05:30
spl_0ccd1fc6,exp_16fdb721,usr_51247360,equal,1,974.96,JPY,settled,2026-07-27T10:00:00+05:30,2026-08-18T10:00:00+05:30
spl_ba3661e8,exp_16fdb721,usr_fecd2601,equal,1,974.96,JPY,outstanding,,2026-08-18T10:00:00+05:30
spl_84b072d3,exp_16fdb721,usr_34e42e87,equal,1,974.97,JPY,outstanding,,2026-08-18T10:00:00+05:30
spl_2798cc38,exp_16fdb721,usr_4d8f3b3a,equal,1,974.97,JPY,outstanding,,2026-08-18T10:00:00+05:30
spl_e71bf061,exp_f77a8021,usr_61710d50,shares,1.2203,14.81,SGD,outstanding,,2026-08-18T10:00:00+05:30
spl_f938c15b,exp_f77a8021,usr_bc8d5d3b,shares,1.8333,22.25,SGD,settled,2026-08-02T10:00:00+05:30,2026-08-18T10:00:00+05:30
spl_0022e55d,exp_f77a8021,usr_8b3ba681,shares,2.1029,25.52,SGD,settled,2026-06-26T10:00:00+05:30,2026-08-18T10:00:00+05:30
spl_a01d71be,exp_074bb49a,usr_87ae707a,equal,1,17672.03,JPY,outstanding,,2026-08-18T10:00:00+05:30
spl_35b26e54,exp_024af47e,usr_0389057b,equal,1,1905.54,INR,outstanding,,2026-08-18T10:00:00+05:30
spl_815c9df6,exp_83525065,usr_8ed02105,equal,1,718.96,INR,outstanding,,2026-08-18T10:00:00+05:30
spl_391f7c93,exp_83525065,usr_02b3a36d,equal,1,718.97,INR,outstanding,,2026-08-18T10:00:00+05:30
spl_8fe8a299,exp_f839f0f6,usr_bbd1ced8,equal,1,0.64,CHF,settled,2026-07-09T10:00:00+05:30,2026-08-18T10:00:00+05:30
spl_726124d1,exp_f839f0f6,usr_9d604e2e,equal,1,0.65,CHF,outstanding,,2026-08-18T10:00:00+05:30
spl_99a37c6e,exp_f839f0f6,usr_23811da7,equal,1,0.65,CHF,outstanding,,2026-08-18T10:00:00+05:30
spl_259a0410,exp_f839f0f6,usr_22a9ab26,equal,1,0.65,CHF,settled,2026-07-07T10:00:00+05:30,2026-08-18T10:00:00+05:30
spl_f0905ad2,exp_cbe77d83,usr_22a5c239,equal,1,942.42,INR,outstanding,,2026-08-18T10:00:00+05:30
spl_ace9c043,exp_cbe77d83,usr_451855a4,equal,1,942.43,INR,outstanding,,2026-08-18T10:00:00+05:30
spl_62c1357c,exp_cbe77d83,usr_8b3ba681,equal,1,942.43,INR,settled,2026-07-05T10:00:00+05:30,2026-08-18T10:00:00+05:30
spl_f8cb062b,exp_cbe77d83,usr_8e89346c,equal,1,942.43,INR,outstanding,,2026-08-18T10:00:00+05:30
spl_fa923c0e,exp_aab71187,usr_8700ba48,equal,1,128.84,AED,outstanding,,2026-08-18T10:00:00+05:30
spl_9e9b71a6,exp_255a13a5,usr_f50e2299,percentage,2.4311,1472.05,LKR,settled,2026-07-19T10:00:00+05:30,2026-08-18T10:00:00+05:30
spl_f18edd31,exp_21749a76,usr_29fdaeb0,custom,1.7956,49.03,QAR,outstanding,,2026-08-18T10:00:00+05:30
spl_bcbae601,exp_a2a40424,usr_9115fc7c,custom,2.18,1727.13,INR,outstanding,,2026-08-18T10:00:00+05:30
spl_9cae7617,exp_46158723,usr_51247360,percentage,2.2782,1435.69,INR,outstanding,,2026-08-18T10:00:00+05:30
spl_6537a462,exp_7e096c2f,usr_672d3dd6,equal,1,7366.88,NPR,outstanding,,2026-08-18T10:00:00+05:30
spl_bb85cc2c,exp_92cfbe0d,usr_f52d271a,equal,1,587.34,INR,outstanding,,2026-08-18T10:00:00+05:30
spl_cf30ec93,exp_92cfbe0d,usr_05fc06c6,equal,1,587.34,INR,settled,2026-06-26T10:00:00+05:30,2026-08-18T10:00:00+05:30
spl_c4320795,exp_a9ce71ff,usr_8ba42edb,equal,1,1461.78,INR,settled,2026-07-08T10:00:00+05:30,2026-08-18T10:00:00+05:30
spl_48db8483,exp_f3b6e4d3,usr_78afc45f,custom,1.4978,535.94,INR,settled,2026-07-20T10:00:00+05:30,2026-08-18T10:00:00+05:30
spl_3229e82b,exp_f3b6e4d3,usr_8f81432c,custom,2.3515,841.39,INR,settled,2026-07-02T10:00:00+05:30,2026-08-18T10:00:00+05:30
spl_5d32b4d7,exp_15d6ac07,usr_856079e2,shares,1.6162,593.54,INR,outstanding,,2026-08-18T10:00:00+05:30
spl_b18fed6a,exp_9a792c92,usr_d245dd5d,equal,1,3190.73,INR,settled,2026-08-14T10:00:00+05:30,2026-08-18T10:00:00+05:30
spl_93ff71d6,exp_2885cfc6,usr_aaf1c470,equal,1,2081.51,INR,outstanding,,2026-08-18T10:00:00+05:30
spl_8f66bf43,exp_2885cfc6,usr_b3f2baa1,equal,1,2081.51,INR,outstanding,,2026-08-18T10:00:00+05:30
spl_8e576329,exp_367e4729,usr_ddcb196c,equal,1,742.58,JPY,settled,2026-06-27T10:00:00+05:30,2026-08-18T10:00:00+05:30
spl_39d7a10b,exp_367e4729,usr_0ecee4ac,equal,1,742.58,JPY,outstanding,,2026-08-18T10:00:00+05:30
spl_8430af6e,exp_2d7b9ae3,usr_756ce6b3,custom,2.1667,1223.90,INR,settled,2026-08-15T10:00:00+05:30,2026-08-18T10:00:00+05:30
spl_dba51caf,exp_2d7b9ae3,usr_7b329574,custom,0.9951,562.09,INR,settled,2026-07-12T10:00:00+05:30,2026-08-18T10:00:00+05:30
spl_f8e589d3,exp_458d809a,usr_357e579a,custom,1.5616,2333.82,INR,outstanding,,2026-08-18T10:00:00+05:30
spl_89999e35,exp_d5436398,usr_0389057b,equal,1,1989.74,INR,outstanding,,2026-08-18T10:00:00+05:30
spl_8ab8a47c,exp_1b4c9da3,usr_ae35e63d,equal,1,422.85,INR,settled,2026-07-08T10:00:00+05:30,2026-08-18T10:00:00+05:30
spl_f2e9aee5,exp_1b4c9da3,usr_701b0010,equal,1,422.86,INR,outstanding,,2026-08-18T10:00:00+05:30
spl_a2bee33b,exp_d6f64340,usr_74e3ecb1,custom,0.9188,402.23,INR,outstanding,,2026-08-18T10:00:00+05:30
spl_7899be9d,exp_d6f64340,usr_693c20b9,custom,0.8805,385.44,INR,settled,2026-07-11T10:00:00+05:30,2026-08-18T10:00:00+05:30
spl_55499644,exp_d6f64340,usr_77e91c3a,custom,1.3389,586.15,INR,outstanding,,2026-08-18T10:00:00+05:30
spl_6f78d071,exp_57b1a238,usr_76ac5087,custom,1.42,451.57,INR,outstanding,,2026-08-18T10:00:00+05:30
spl_9ad4cc11,exp_0d868926,usr_07f03d4c,equal,1,210.70,INR,outstanding,,2026-08-18T10:00:00+05:30
spl_5f2d8580,exp_0d868926,usr_6e6d6fef,equal,1,210.70,INR,outstanding,,2026-08-18T10:00:00+05:30
spl_f7a39af7,exp_8901fc72,usr_60cacdee,equal,1,192.19,INR,outstanding,,2026-08-18T10:00:00+05:30
spl_1056890b,exp_8901fc72,usr_268fdb85,equal,1,192.20,INR,settled,2026-07-05T10:00:00+05:30,2026-08-18T10:00:00+05:30
spl_a66f8fbe,exp_8901fc72,usr_86b17c0e,equal,1,192.20,INR,outstanding,,2026-08-18T10:00:00+05:30
spl_2c52d511,exp_8901fc72,usr_2162d6ff,equal,1,192.20,INR,outstanding,,2026-08-18T10:00:00+05:30
spl_8d2ca317,exp_849359c2,usr_8e84ba7a,custom,2.0112,34.68,MYR,outstanding,,2026-08-18T10:00:00+05:30
spl_d8c9f3d5,exp_849359c2,usr_5f1e6e1c,custom,0.538,9.28,MYR,settled,2026-08-09T10:00:00+05:30,2026-08-18T10:00:00+05:30
spl_abf83ee7,exp_849359c2,usr_fedbd227,custom,2.0828,35.91,MYR,settled,2026-07-15T10:00:00+05:30,2026-08-18T10:00:00+05:30
spl_dd14ff23,exp_849359c2,usr_65b43f7e,custom,2.4449,42.16,MYR,outstanding,,2026-08-18T10:00:00+05:30
spl_ab1d8553,exp_40745ad8,usr_424fbf1a,equal,1,1808.69,THB,settled,2026-06-26T10:00:00+05:30,2026-08-18T10:00:00+05:30
spl_db1cefe6,exp_40745ad8,usr_bc4a9809,equal,1,1808.70,THB,written_off,,2026-08-18T10:00:00+05:30
spl_836e41c3,exp_c1cb4be2,usr_efe9a3aa,equal,1,666.81,INR,settled,2026-07-26T10:00:00+05:30,2026-08-18T10:00:00+05:30
spl_9393fee1,exp_c2b28907,usr_9c28ee85,percentage,1.6065,279.84,INR,outstanding,,2026-08-18T10:00:00+05:30
spl_0ec6aa53,exp_1e2b36f3,usr_35d340e3,equal,1,95939.84,IDR,settled,2026-08-10T10:00:00+05:30,2026-08-18T10:00:00+05:30
spl_18f71c54,exp_1e2b36f3,usr_52de2228,equal,1,95939.84,IDR,settled,2026-08-04T10:00:00+05:30,2026-08-18T10:00:00+05:30
spl_1af67988,exp_ace4298d,usr_7f6d27fe,equal,1,2496.49,INR,outstanding,,2026-08-18T10:00:00+05:30
spl_2aebf29c,exp_09c81695,usr_356f993d,equal,1,548.09,INR,outstanding,,2026-08-18T10:00:00+05:30
spl_a2f3ea44,exp_09c81695,usr_464e9998,equal,1,548.09,INR,settled,2026-07-08T10:00:00+05:30,2026-08-18T10:00:00+05:30
spl_1d60efc3,exp_09c81695,usr_ca0410cb,equal,1,548.10,INR,outstanding,,2026-08-18T10:00:00+05:30
spl_7f456aba,exp_09c81695,usr_00591571,equal,1,548.10,INR,written_off,,2026-08-18T10:00:00+05:30
spl_638485a0,exp_cacdf159,usr_8659fe93,equal,1,635.05,MVR,outstanding,,2026-08-18T10:00:00+05:30
spl_e5f7046d,exp_406e74a4,usr_c659e4bf,equal,1,122070.11,IDR,written_off,,2026-08-18T10:00:00+05:30
spl_7e78d273,exp_31f822e9,usr_0389057b,percentage,2.1368,54.63,AED,settled,2026-08-07T10:00:00+05:30,2026-08-18T10:00:00+05:30
spl_dcadc03a,exp_fb89099b,usr_4f7fc3a8,custom,1.1084,118.35,INR,outstanding,,2026-08-18T10:00:00+05:30
spl_ce524aed,exp_fb89099b,usr_b831f448,custom,1.871,199.77,INR,outstanding,,2026-08-18T10:00:00+05:30
spl_233736f1,exp_649092d0,usr_2109396c,equal,1,705.43,INR,outstanding,,2026-08-18T10:00:00+05:30
spl_9d998619,exp_649092d0,usr_aef2d4f6,equal,1,705.43,INR,settled,2026-07-11T10:00:00+05:30,2026-08-18T10:00:00+05:30
spl_a06c6534,exp_cd9a3503,usr_efe9a3aa,equal,1,362.42,INR,outstanding,,2026-08-18T10:00:00+05:30
spl_aaea10ff,exp_46464380,usr_1886c078,equal,1,380.47,INR,settled,2026-07-03T10:00:00+05:30,2026-08-18T10:00:00+05:30
spl_f6242bfe,exp_79b39a47,usr_18260fc4,equal,1,996.08,INR,settled,2026-08-07T10:00:00+05:30,2026-08-18T10:00:00+05:30
spl_198ddc0d,exp_c6bdd707,usr_f4863900,equal,1,393.35,INR,settled,2026-07-13T10:00:00+05:30,2026-08-18T10:00:00+05:30
spl_f322197c,exp_50fe2db7,usr_72818c78,custom,2.2425,5581.56,INR,settled,2026-07-16T10:00:00+05:30,2026-08-18T10:00:00+05:30
spl_6cf8497f,exp_5da84d13,usr_fe056e56,equal,1,2092.83,INR,outstanding,,2026-08-18T10:00:00+05:30
spl_afc4ce51,exp_ca5f1638,usr_a386ca28,custom,1.9271,8116.10,INR,settled,2026-07-25T10:00:00+05:30,2026-08-18T10:00:00+05:30
spl_347bea98,exp_13c2d4d8,usr_ae35e63d,equal,1,348.64,INR,outstanding,,2026-08-18T10:00:00+05:30
spl_c7c49844,exp_13c2d4d8,usr_895960e2,equal,1,348.65,INR,outstanding,,2026-08-18T10:00:00+05:30
spl_497453ab,exp_a20a1a1e,usr_5dec704e,custom,1.9762,1127.55,INR,settled,2026-07-15T10:00:00+05:30,2026-08-18T10:00:00+05:30
spl_29be1f70,exp_ccc09d91,usr_87ae707a,equal,1,13294.55,JPY,outstanding,,2026-08-18T10:00:00+05:30
spl_391a1e74,exp_9fab795a,usr_81cc2de0,percentage,1.7195,885.52,INR,outstanding,,2026-08-18T10:00:00+05:30
spl_0e962774,exp_114d669d,usr_d56927f7,equal,1,503.77,BTN,outstanding,,2026-08-18T10:00:00+05:30
spl_7ee3cc21,exp_58470081,usr_9473419d,custom,2.3654,2125.06,INR,written_off,,2026-08-18T10:00:00+05:30
spl_17dc8354,exp_d25cf832,usr_596ee95d,custom,2.3563,910.50,BTN,outstanding,,2026-08-18T10:00:00+05:30
spl_3be30463,exp_311ef25e,usr_8e84ba7a,custom,2.1689,297.02,INR,settled,2026-08-14T10:00:00+05:30,2026-08-18T10:00:00+05:30
spl_3e8fe28d,exp_311ef25e,usr_7faf6134,custom,1.1679,159.93,INR,outstanding,,2026-08-18T10:00:00+05:30
spl_243c620f,exp_311ef25e,usr_53cbafa7,custom,1.6538,226.48,INR,settled,2026-08-07T10:00:00+05:30,2026-08-18T10:00:00+05:30
spl_14fc701c,exp_af82a613,usr_8cace6bd,percentage,1.4686,241.10,NPR,settled,2026-07-22T10:00:00+05:30,2026-08-18T10:00:00+05:30
spl_e1dc9846,exp_af82a613,usr_78bb2d82,percentage,2.0066,329.42,NPR,outstanding,,2026-08-18T10:00:00+05:30
spl_ab3f9ce4,exp_af82a613,usr_6cdfb2c8,percentage,1.2685,208.25,NPR,outstanding,,2026-08-18T10:00:00+05:30
spl_6c1f0bff,exp_af82a613,usr_737d4dab,percentage,2.0492,336.42,NPR,outstanding,,2026-08-18T10:00:00+05:30
spl_bfd2af54,exp_7008f218,usr_bbd1ced8,percentage,2.1483,1221.80,INR,settled,2026-07-12T10:00:00+05:30,2026-08-18T10:00:00+05:30
spl_0ca3a45e,exp_7008f218,usr_9d604e2e,percentage,1.0739,610.74,INR,settled,2026-07-11T10:00:00+05:30,2026-08-18T10:00:00+05:30
spl_fd24bebe,exp_7008f218,usr_23811da7,percentage,1.9211,1092.58,INR,outstanding,,2026-08-18T10:00:00+05:30
spl_5432217d,exp_7008f218,usr_22a9ab26,percentage,1.0775,612.80,INR,settled,2026-07-28T10:00:00+05:30,2026-08-18T10:00:00+05:30
spl_9192bfd3,exp_419c3d05,usr_3c3ae758,shares,0.8415,21.62,MYR,settled,2026-07-01T10:00:00+05:30,2026-08-18T10:00:00+05:30
spl_ce6aef50,exp_419c3d05,usr_e1d938d9,shares,1.3675,35.12,MYR,outstanding,,2026-08-18T10:00:00+05:30
spl_fdf14e40,exp_419c3d05,usr_2e849b83,shares,1.0792,27.72,MYR,settled,2026-07-21T10:00:00+05:30,2026-08-18T10:00:00+05:30
spl_d31f18ec,exp_540231b7,usr_9694b4a3,custom,0.6281,331.67,THB,settled,2026-06-22T10:00:00+05:30,2026-08-18T10:00:00+05:30
spl_10e55d00,exp_540231b7,usr_e459a18c,custom,0.5884,310.67,THB,outstanding,,2026-08-18T10:00:00+05:30
spl_56d9353b,exp_dd45f894,usr_4787696f,custom,1.2775,6.10,CHF,settled,2026-07-04T10:00:00+05:30,2026-08-18T10:00:00+05:30
spl_b13c594e,exp_3a269844,usr_d0571b95,custom,1.099,328.78,INR,outstanding,,2026-08-18T10:00:00+05:30
spl_772c6611,exp_3a269844,usr_40ab838e,custom,1.2097,361.91,INR,outstanding,,2026-08-18T10:00:00+05:30
spl_64f04a0c,exp_3a269844,usr_a370271a,custom,0.5454,163.19,INR,outstanding,,2026-08-18T10:00:00+05:30
spl_a60030d0,exp_7528272a,usr_13d8f6bd,equal,1,927.74,INR,outstanding,,2026-08-18T10:00:00+05:30
spl_3d7eb4a9,exp_7528272a,usr_1341ab66,equal,1,927.75,INR,settled,2026-08-03T10:00:00+05:30,2026-08-18T10:00:00+05:30
spl_41231861,exp_3561fb83,usr_57995796,equal,1,4047.35,INR,settled,2026-07-26T10:00:00+05:30,2026-08-18T10:00:00+05:30
spl_b50f5ddb,exp_f019de75,usr_dace411a,custom,2.3796,401.76,INR,settled,2026-08-17T10:00:00+05:30,2026-08-18T10:00:00+05:30
spl_1817c7c7,exp_f019de75,usr_95d28a5d,custom,1.4531,245.34,INR,outstanding,,2026-08-18T10:00:00+05:30
spl_489b4716,exp_f019de75,usr_0e5a0620,custom,2.2057,372.40,INR,settled,2026-06-24T10:00:00+05:30,2026-08-18T10:00:00+05:30
spl_b52920da,exp_f019de75,usr_2fca7c46,custom,2.4029,405.71,INR,settled,2026-08-17T10:00:00+05:30,2026-08-18T10:00:00+05:30
spl_d38584a0,exp_7d5055a0,usr_373b76a9,shares,0.7904,218.95,INR,outstanding,,2026-08-18T10:00:00+05:30
spl_4a8321bd,exp_7d5055a0,usr_9e33a102,shares,2.1706,601.27,INR,outstanding,,2026-08-18T10:00:00+05:30
spl_29b80df3,exp_31b1672b,usr_24e54a31,equal,1,2810.56,THB,outstanding,,2026-08-18T10:00:00+05:30
spl_c56eddd8,exp_323a32df,usr_dc1bd238,custom,1.7758,7650.38,INR,settled,2026-08-11T10:00:00+05:30,2026-08-18T10:00:00+05:30
spl_db31031d,exp_893b0072,usr_5527167d,percentage,2.1416,1442.29,INR,outstanding,,2026-08-18T10:00:00+05:30
spl_73a9822e,exp_507756dc,usr_157e58e7,equal,1,6732.11,INR,settled,2026-08-11T10:00:00+05:30,2026-08-18T10:00:00+05:30
spl_eb400d6b,exp_682b7b99,usr_74e3ecb1,shares,0.9874,2219.57,INR,outstanding,,2026-08-18T10:00:00+05:30
spl_5045a2a0,exp_682b7b99,usr_b10b045a,shares,0.8927,2006.71,INR,settled,2026-08-04T10:00:00+05:30,2026-08-18T10:00:00+05:30
spl_95468afc,exp_682b7b99,usr_157e58e7,shares,2.0213,4543.63,INR,outstanding,,2026-08-18T10:00:00+05:30
spl_cf72aeb4,exp_846577a1,usr_85c09ee4,equal,1,276.11,INR,settled,2026-07-29T10:00:00+05:30,2026-08-18T10:00:00+05:30
spl_b14231bd,exp_846577a1,usr_90afe18c,equal,1,276.12,INR,settled,2026-08-01T10:00:00+05:30,2026-08-18T10:00:00+05:30
spl_7d8d5f88,exp_846577a1,usr_e528f9b0,equal,1,276.12,INR,outstanding,,2026-08-18T10:00:00+05:30
spl_77470687,exp_bcd569f4,usr_fc3617c0,percentage,2.3044,2177.89,THB,settled,2026-07-10T10:00:00+05:30,2026-08-18T10:00:00+05:30
spl_225287bc,exp_8a0830a6,usr_4b9412c5,percentage,1.8197,1644.55,INR,outstanding,,2026-08-18T10:00:00+05:30
spl_0c72efca,exp_535e5b10,usr_b86dd891,equal,1,999.58,INR,settled,2026-06-24T10:00:00+05:30,2026-08-18T10:00:00+05:30
spl_394a196f,exp_535e5b10,usr_dabbaf95,equal,1,999.57,INR,settled,2026-08-05T10:00:00+05:30,2026-08-18T10:00:00+05:30
spl_433a116b,exp_535e5b10,usr_2a348485,equal,1,999.57,INR,outstanding,,2026-08-18T10:00:00+05:30
spl_1e07846a,exp_d045f0d7,usr_8e84ba7a,equal,1,87.14,INR,outstanding,,2026-08-18T10:00:00+05:30
spl_6ecb70aa,exp_d045f0d7,usr_5f1e6e1c,equal,1,87.13,INR,outstanding,,2026-08-18T10:00:00+05:30
spl_923a4249,exp_d045f0d7,usr_fedbd227,equal,1,87.13,INR,settled,2026-07-27T10:00:00+05:30,2026-08-18T10:00:00+05:30
spl_0086f170,exp_d045f0d7,usr_65b43f7e,equal,1,87.13,INR,settled,2026-08-02T10:00:00+05:30,2026-08-18T10:00:00+05:30
spl_fe563130,exp_ab3f89ca,usr_05306731,equal,1,1096.09,INR,outstanding,,2026-08-18T10:00:00+05:30
spl_fa069c8e,exp_ab3f89ca,usr_e2966606,equal,1,1096.10,INR,outstanding,,2026-08-18T10:00:00+05:30
spl_b9fa57e9,exp_9cd9a456,usr_58d2b52f,equal,1,271.04,MVR,outstanding,,2026-08-18T10:00:00+05:30
spl_55eb4d0e,exp_5d868e67,usr_ea269383,equal,1,522.21,INR,outstanding,,2026-08-18T10:00:00+05:30
spl_dc282bd4,exp_5d868e67,usr_ce38459a,equal,1,522.21,INR,settled,2026-08-14T10:00:00+05:30,2026-08-18T10:00:00+05:30
spl_8e47ef86,exp_5d868e67,usr_7576a6e0,equal,1,522.21,INR,outstanding,,2026-08-18T10:00:00+05:30
spl_3a89866f,exp_477c3c3b,usr_81ed406f,percentage,0.8435,132.10,INR,settled,2026-07-22T10:00:00+05:30,2026-08-18T10:00:00+05:30
spl_0c1ce019,exp_477c3c3b,usr_bff7bdb8,percentage,2.2634,354.47,INR,settled,2026-07-25T10:00:00+05:30,2026-08-18T10:00:00+05:30
spl_b626170b,exp_477c3c3b,usr_a685483e,percentage,0.5016,78.56,INR,settled,2026-07-21T10:00:00+05:30,2026-08-18T10:00:00+05:30
spl_4a97d675,exp_477c3c3b,usr_c9451968,percentage,2.2683,355.23,INR,outstanding,,2026-08-18T10:00:00+05:30
spl_e7525372,exp_b7a6761e,usr_6feac3d4,custom,1.9733,573.08,INR,outstanding,,2026-08-18T10:00:00+05:30
spl_77fe2f6c,exp_b7a6761e,usr_6a108f4e,custom,1.5758,457.62,INR,settled,2026-07-14T10:00:00+05:30,2026-08-18T10:00:00+05:30
spl_624d55ef,exp_bcc5abf7,usr_357e579a,custom,1.9155,1007.84,INR,outstanding,,2026-08-18T10:00:00+05:30
spl_191d8c39,exp_18ca1808,usr_67ff2106,equal,1,4789.28,LKR,settled,2026-08-10T10:00:00+05:30,2026-08-18T10:00:00+05:30
spl_4f6121f2,exp_3c7b906b,usr_61710d50,equal,1,1056.79,INR,outstanding,,2026-08-18T10:00:00+05:30
spl_76295b1a,exp_3c7b906b,usr_a7185e16,equal,1,1056.80,INR,outstanding,,2026-08-18T10:00:00+05:30
spl_5397b4f3,exp_3c7b906b,usr_df582802,equal,1,1056.80,INR,outstanding,,2026-08-18T10:00:00+05:30
spl_6aef76a4,exp_d5fe88d1,usr_a93726c0,equal,1,1038.81,INR,outstanding,,2026-08-18T10:00:00+05:30
spl_8498cfd3,exp_59ebfbe0,usr_5dec704e,custom,2.167,2281.16,INR,outstanding,,2026-08-18T10:00:00+05:30
spl_b457b277,exp_deac42c5,usr_5b790166,percentage,2.4639,1297.13,BTN,outstanding,,2026-08-18T10:00:00+05:30
spl_e1a083e2,exp_deac42c5,usr_6653b49e,percentage,1.4227,749.02,BTN,outstanding,,2026-08-18T10:00:00+05:30
spl_eb637e21,exp_deac42c5,usr_7b318031,percentage,1.939,1020.79,BTN,outstanding,,2026-08-18T10:00:00+05:30
spl_5d9c9f13,exp_deac42c5,usr_cb3be250,percentage,1.4578,767.50,BTN,settled,2026-07-19T10:00:00+05:30,2026-08-18T10:00:00+05:30
spl_8650993c,exp_7c8b5da3,usr_5307f01f,equal,1,2223.63,INR,outstanding,,2026-08-18T10:00:00+05:30
spl_0f7cd0e8,exp_4c571f50,usr_9181bfe3,custom,1.4282,472.91,INR,outstanding,,2026-08-18T10:00:00+05:30
spl_a315f0b3,exp_4c571f50,usr_c582abb2,custom,2.3293,771.27,INR,outstanding,,2026-08-18T10:00:00+05:30
spl_3402ff55,exp_4c571f50,usr_5e9a11a1,custom,1.0548,349.26,INR,outstanding,,2026-08-18T10:00:00+05:30
spl_05e70736,exp_05ad1b55,usr_7af1e427,equal,1,5719.16,INR,outstanding,,2026-08-18T10:00:00+05:30
spl_c2ab510a,exp_33e637ca,usr_9473419d,equal,1,912.40,INR,settled,2026-08-05T10:00:00+05:30,2026-08-18T10:00:00+05:30
spl_cb4f3122,exp_33e637ca,usr_52257a0a,equal,1,912.40,INR,outstanding,,2026-08-18T10:00:00+05:30
spl_e142f3ab,exp_dde6e81e,usr_3b70ae01,equal,1,8259.02,INR,outstanding,,2026-08-18T10:00:00+05:30
spl_e0024251,exp_77e5ac63,usr_fae4d064,equal,1,379.29,INR,outstanding,,2026-08-18T10:00:00+05:30
spl_7ba57497,exp_77e5ac63,usr_dcfab723,equal,1,379.28,INR,outstanding,,2026-08-18T10:00:00+05:30
spl_13dc4d22,exp_77e5ac63,usr_7dc3ba48,equal,1,379.28,INR,settled,2026-08-14T10:00:00+05:30,2026-08-18T10:00:00+05:30
spl_f8117fd1,exp_23d1f7ab,usr_2fca7c46,percentage,1.3224,610.97,NPR,settled,2026-06-28T10:00:00+05:30,2026-08-18T10:00:00+05:30
spl_ea1835cc,exp_23d1f7ab,usr_e6dcafe4,percentage,0.6292,290.71,NPR,settled,2026-06-23T10:00:00+05:30,2026-08-18T10:00:00+05:30
spl_ffac3955,exp_23d1f7ab,usr_6c5b2519,percentage,1.6447,759.89,NPR,settled,2026-07-22T10:00:00+05:30,2026-08-18T10:00:00+05:30
spl_d5834d60,exp_15c07923,usr_8846d546,equal,1,275.16,INR,outstanding,,2026-08-18T10:00:00+05:30
spl_9588e4e8,exp_15c07923,usr_0021edc6,equal,1,275.16,INR,settled,2026-06-22T10:00:00+05:30,2026-08-18T10:00:00+05:30
spl_e4a5bde1,exp_15c07923,usr_b2adbbfa,equal,1,275.16,INR,outstanding,,2026-08-18T10:00:00+05:30
spl_9c9f482c,exp_5ac023f6,usr_2de68d4f,shares,0.5947,1374.54,INR,outstanding,,2026-08-18T10:00:00+05:30
spl_bce97d41,exp_df4936a0,usr_ca6dc019,equal,1,22203.98,LKR,outstanding,,2026-08-18T10:00:00+05:30
spl_3223944c,exp_f2151f10,usr_bc67142c,equal,1,233.99,MVR,outstanding,,2026-08-18T10:00:00+05:30
spl_46bd4508,exp_f4c5f413,usr_74e3ecb1,percentage,1.7316,508.94,INR,outstanding,,2026-08-18T10:00:00+05:30
spl_d288a66f,exp_f4c5f413,usr_693c20b9,percentage,2.0941,615.50,INR,outstanding,,2026-08-18T10:00:00+05:30
spl_409c1d51,exp_f4c5f413,usr_77e91c3a,percentage,1.3742,403.89,INR,outstanding,,2026-08-18T10:00:00+05:30
spl_6c411b92,exp_01c42753,usr_8180c222,custom,1.0748,140.19,NPR,outstanding,,2026-08-18T10:00:00+05:30
spl_befc383f,exp_01c42753,usr_3d1b88d6,custom,1.0536,137.42,NPR,outstanding,,2026-08-18T10:00:00+05:30
spl_36216167,exp_01c42753,usr_d8ec0000,custom,0.9869,128.72,NPR,outstanding,,2026-08-18T10:00:00+05:30
spl_39473029,exp_01c42753,usr_ea479c41,custom,2.3985,312.84,NPR,settled,2026-06-29T10:00:00+05:30,2026-08-18T10:00:00+05:30
spl_5378eddd,exp_e5bda43f,usr_7101a5b5,equal,1,686.44,INR,settled,2026-06-25T10:00:00+05:30,2026-08-18T10:00:00+05:30
spl_40754057,exp_00aa3a6a,usr_fedbd227,custom,1.067,2537.57,INR,outstanding,,2026-08-18T10:00:00+05:30
spl_424c79fa,exp_06004c26,usr_2b7e8931,equal,1,3946.62,INR,settled,2026-08-15T10:00:00+05:30,2026-08-18T10:00:00+05:30
spl_aaebbc3c,exp_d7af2343,usr_b6d5d98c,equal,1,66.36,QAR,outstanding,,2026-08-18T10:00:00+05:30
spl_58478275,exp_ce562f67,usr_51247360,equal,1,821.46,JPY,outstanding,,2026-08-18T10:00:00+05:30
spl_dbfa556a,exp_ce562f67,usr_fecd2601,equal,1,821.47,JPY,outstanding,,2026-08-18T10:00:00+05:30
spl_d27f256c,exp_ce562f67,usr_ef2f6a43,equal,1,821.47,JPY,outstanding,,2026-08-18T10:00:00+05:30
spl_edfcfc13,exp_599d44b7,usr_22e61dad,equal,1,2264.82,INR,outstanding,,2026-08-18T10:00:00+05:30
spl_7468d0be,exp_a2227970,usr_d8cab59f,percentage,1.7939,38.99,QAR,settled,2026-06-24T10:00:00+05:30,2026-08-18T10:00:00+05:30
spl_1c5a69e6,exp_a2227970,usr_4e0c977f,percentage,0.5376,11.69,QAR,settled,2026-07-17T10:00:00+05:30,2026-08-18T10:00:00+05:30
spl_77794d02,exp_a2227970,usr_372a30af,percentage,1.2762,27.74,QAR,settled,2026-08-15T10:00:00+05:30,2026-08-18T10:00:00+05:30
spl_8ed8acc7,exp_a2227970,usr_d4aeb337,percentage,1.5407,33.49,QAR,settled,2026-07-07T10:00:00+05:30,2026-08-18T10:00:00+05:30
spl_b096d19b,exp_3991e735,usr_b8779399,percentage,1.0131,221.43,INR,outstanding,,2026-08-18T10:00:00+05:30
spl_ccf6a1ff,exp_3991e735,usr_4e8e3f6d,percentage,0.9429,206.09,INR,outstanding,,2026-08-18T10:00:00+05:30
spl_5e98b6fa,exp_fcf4141e,usr_8e84ba7a,custom,1.0558,167.73,INR,outstanding,,2026-08-18T10:00:00+05:30
spl_7df077d5,exp_fcf4141e,usr_7faf6134,custom,2.2153,351.95,INR,outstanding,,2026-08-18T10:00:00+05:30
spl_270abc11,exp_fcf4141e,usr_53cbafa7,custom,1.3003,206.59,INR,settled,2026-06-21T10:00:00+05:30,2026-08-18T10:00:00+05:30
spl_496e4257,exp_f0bf0d9b,usr_98ca8444,custom,0.7658,74.82,INR,settled,2026-07-08T10:00:00+05:30,2026-08-18T10:00:00+05:30
spl_bec84e3b,exp_f0bf0d9b,usr_fa3a9dd6,custom,1.1545,112.80,INR,settled,2026-06-24T10:00:00+05:30,2026-08-18T10:00:00+05:30
spl_0e18387d,exp_f0bf0d9b,usr_82545d82,custom,0.6611,64.59,INR,outstanding,,2026-08-18T10:00:00+05:30
spl_86d0e2de,exp_f0bf0d9b,usr_0eb7982c,custom,1.6343,159.68,INR,outstanding,,2026-08-18T10:00:00+05:30
spl_50c3c9c6,exp_ffb3b571,usr_7576a6e0,percentage,0.5755,38.16,INR,outstanding,,2026-08-18T10:00:00+05:30
spl_86c667c9,exp_ffb3b571,usr_107ab982,percentage,1.2783,84.75,INR,outstanding,,2026-08-18T10:00:00+05:30
spl_4905e6c0,exp_ffb3b571,usr_956481cd,percentage,1.802,119.47,INR,settled,2026-07-29T10:00:00+05:30,2026-08-18T10:00:00+05:30
spl_462c5fda,exp_ffb3b571,usr_842437da,percentage,1.2143,80.51,INR,outstanding,,2026-08-18T10:00:00+05:30
spl_114810ab,exp_cf3aab52,usr_12f95c97,equal,1,592.60,INR,settled,2026-07-27T10:00:00+05:30,2026-08-18T10:00:00+05:30
spl_3ae324f7,exp_59de412f,usr_17b45921,custom,2.1348,958.45,LKR,outstanding,,2026-08-18T10:00:00+05:30
spl_9d879ad7,exp_26836d3d,usr_5de9da21,custom,1.8355,1591.69,INR,settled,2026-07-23T10:00:00+05:30,2026-08-18T10:00:00+05:30
spl_0a15723b,exp_26836d3d,usr_e5bfa6cd,custom,2.2528,1953.53,INR,outstanding,,2026-08-18T10:00:00+05:30
spl_5a3b4976,exp_26836d3d,usr_68f38693,custom,1.9688,1707.24,INR,settled,2026-07-10T10:00:00+05:30,2026-08-18T10:00:00+05:30
spl_73c72ac6,exp_95d5f9c2,usr_7157baa6,equal,1,2399.92,INR,settled,2026-06-25T10:00:00+05:30,2026-08-18T10:00:00+05:30
spl_d0a3f07d,exp_95d5f9c2,usr_76043d79,equal,1,2399.91,INR,settled,2026-08-01T10:00:00+05:30,2026-08-18T10:00:00+05:30
spl_b1556299,exp_95d5f9c2,usr_c94b68cc,equal,1,2399.91,INR,settled,2026-08-08T10:00:00+05:30,2026-08-18T10:00:00+05:30
spl_fa6c0fa6,exp_c0322a4d,usr_72818c78,custom,0.5819,282.84,INR,outstanding,,2026-08-18T10:00:00+05:30
spl_95bc0e61,exp_c0322a4d,usr_76ac5087,custom,2.2808,1108.61,INR,outstanding,,2026-08-18T10:00:00+05:30
spl_7303d3f8,exp_c0322a4d,usr_3c2f4109,custom,2.0568,999.73,INR,outstanding,,2026-08-18T10:00:00+05:30
spl_c1c2c51c,exp_6d3a0d7c,usr_2b4223b2,percentage,1.5159,9123.00,INR,settled,2026-07-27T10:00:00+05:30,2026-08-18T10:00:00+05:30
spl_609a28b4,exp_44521642,usr_3d2f73ea,equal,1,665.04,INR,settled,2026-07-27T10:00:00+05:30,2026-08-18T10:00:00+05:30
spl_948850e2,exp_44521642,usr_0dc99bd5,equal,1,665.04,INR,settled,2026-08-02T10:00:00+05:30,2026-08-18T10:00:00+05:30
spl_39ea648a,exp_a7c2f3b1,usr_3f4f4c52,custom,1.0785,907.19,INR,outstanding,,2026-08-18T10:00:00+05:30
spl_fa95d1bf,exp_a7c2f3b1,usr_d981bf20,custom,0.5012,421.63,INR,settled,2026-08-03T10:00:00+05:30,2026-08-18T10:00:00+05:30
spl_05497b7f,exp_a7c2f3b1,usr_55b114d5,custom,0.7514,632.04,INR,settled,2026-07-13T10:00:00+05:30,2026-08-18T10:00:00+05:30
spl_5a14fb98,exp_4d5aaf32,usr_9d604e2e,equal,1,189.31,INR,settled,2026-08-01T10:00:00+05:30,2026-08-18T10:00:00+05:30
spl_f2e496e7,exp_4d5aaf32,usr_5527167d,equal,1,189.32,INR,outstanding,,2026-08-18T10:00:00+05:30
spl_8608c107,exp_4d5aaf32,usr_35d340e3,equal,1,189.32,INR,settled,2026-07-27T10:00:00+05:30,2026-08-18T10:00:00+05:30
spl_e41b34f7,exp_e498f2c3,usr_34f98272,equal,1,313.28,INR,outstanding,,2026-08-18T10:00:00+05:30
spl_12771033,exp_f6200e08,usr_e21b6644,percentage,2.4365,2642.99,INR,settled,2026-08-09T10:00:00+05:30,2026-08-18T10:00:00+05:30
spl_c7f926ab,exp_f6200e08,usr_55b114d5,percentage,1.8386,1994.37,INR,outstanding,,2026-08-18T10:00:00+05:30
spl_7be75944,exp_062e717a,usr_76ac5087,percentage,1.9397,1205.29,INR,settled,2026-08-03T10:00:00+05:30,2026-08-18T10:00:00+05:30
spl_828bbaa2,exp_43573932,usr_e076a69d,equal,1,1247.50,INR,settled,2026-06-20T10:00:00+05:30,2026-08-18T10:00:00+05:30
spl_505e59c4,exp_56efedb2,usr_701b0010,custom,1.5792,1598.67,INR,settled,2026-07-31T10:00:00+05:30,2026-08-18T10:00:00+05:30
spl_d8631013,exp_41a7925d,usr_a6eaecde,equal,1,801.97,INR,outstanding,,2026-08-18T10:00:00+05:30
spl_06440f9e,exp_05c18e83,usr_3e25dcc6,equal,1,363.89,INR,outstanding,,2026-08-18T10:00:00+05:30
spl_a211ecb3,exp_05c18e83,usr_21b63d3b,equal,1,363.88,INR,settled,2026-06-26T10:00:00+05:30,2026-08-18T10:00:00+05:30
spl_84c96f3a,exp_05c18e83,usr_ea269383,equal,1,363.88,INR,outstanding,,2026-08-18T10:00:00+05:30
spl_8e0f8f47,exp_9fb056a4,usr_e5415ac7,shares,1.5799,3042.92,INR,outstanding,,2026-08-18T10:00:00+05:30
spl_c582eb8b,exp_9fb056a4,usr_0e5a0620,shares,1.0902,2099.74,INR,outstanding,,2026-08-18T10:00:00+05:30
spl_5ce6a020,exp_9fb056a4,usr_63d19d4c,shares,0.6735,1297.24,INR,settled,2026-08-04T10:00:00+05:30,2026-08-18T10:00:00+05:30
spl_2d64d3d0,exp_9fb056a4,usr_cc3e5793,shares,0.9711,1870.33,INR,settled,2026-07-15T10:00:00+05:30,2026-08-18T10:00:00+05:30
spl_5ed9572c,exp_7c7217c8,usr_596ee95d,equal,1,62.39,QAR,settled,2026-07-09T10:00:00+05:30,2026-08-18T10:00:00+05:30
spl_9b4bfff8,exp_bb565937,usr_a6eaecde,custom,2.4255,647.70,INR,outstanding,,2026-08-18T10:00:00+05:30
spl_dc5f5cd5,exp_93b2d587,usr_d20b2a69,percentage,1.762,6.17,SGD,outstanding,,2026-08-18T10:00:00+05:30
spl_05d42710,exp_93b2d587,usr_dc888b66,percentage,2.3047,8.07,SGD,outstanding,,2026-08-18T10:00:00+05:30
spl_45ac0e0e,exp_93b2d587,usr_bc4b67f6,percentage,1.296,4.54,SGD,settled,2026-07-18T10:00:00+05:30,2026-08-18T10:00:00+05:30
spl_bd0ae903,exp_bbd8c75e,usr_7101a5b5,percentage,2.4474,12.89,CHF,outstanding,,2026-08-18T10:00:00+05:30
spl_bce9cdae,exp_26edd615,usr_3e25dcc6,equal,1,1873.75,NPR,outstanding,,2026-08-18T10:00:00+05:30
spl_6ff7c9de,exp_498bc614,usr_ce09de03,custom,0.6348,936.42,INR,outstanding,,2026-08-18T10:00:00+05:30
spl_5e29a6c0,exp_4c88d16f,usr_01d12bc2,equal,1,213.00,INR,settled,2026-07-03T10:00:00+05:30,2026-08-18T10:00:00+05:30
spl_c2baa049,exp_4c88d16f,usr_3e25dcc6,equal,1,213.00,INR,outstanding,,2026-08-18T10:00:00+05:30
spl_eb476b9a,exp_4c88d16f,usr_7faf6134,equal,1,213.00,INR,outstanding,,2026-08-18T10:00:00+05:30
spl_0a97f3b3,exp_4c88d16f,usr_9115fc7c,equal,1,213.00,INR,outstanding,,2026-08-18T10:00:00+05:30
spl_31f8c1c1,exp_e67981ab,usr_4efab0b7,equal,1,182.76,INR,settled,2026-07-28T10:00:00+05:30,2026-08-18T10:00:00+05:30
spl_b7c93c0e,exp_e67981ab,usr_9c898903,equal,1,182.76,INR,outstanding,,2026-08-18T10:00:00+05:30
spl_e180fa3a,exp_e67981ab,usr_02d5e350,equal,1,182.76,INR,outstanding,,2026-08-18T10:00:00+05:30
spl_0e23750c,exp_adf3006a,usr_beeb010f,percentage,1.8038,237.83,INR,outstanding,,2026-08-18T10:00:00+05:30
spl_e8911ce6,exp_adf3006a,usr_9cb9eedc,percentage,2.3047,303.87,INR,outstanding,,2026-08-18T10:00:00+05:30
spl_73e1501f,exp_f1cab3c8,usr_8e51dcb0,equal,1,765.57,INR,outstanding,,2026-08-18T10:00:00+05:30
spl_5d4f09dd,exp_f1cab3c8,usr_ce269698,equal,1,765.58,INR,settled,2026-07-15T10:00:00+05:30,2026-08-18T10:00:00+05:30
spl_3cb5553b,exp_fa21bc93,usr_7101a5b5,equal,1,145.85,INR,outstanding,,2026-08-18T10:00:00+05:30
spl_c4d36bb0,exp_fa21bc93,usr_ea479c41,equal,1,145.85,INR,outstanding,,2026-08-18T10:00:00+05:30
spl_3fb4d4ec,exp_fa21bc93,usr_1f2ffeef,equal,1,145.86,INR,outstanding,,2026-08-18T10:00:00+05:30
spl_0127f972,exp_fa21bc93,usr_6479c45c,equal,1,145.86,INR,outstanding,,2026-08-18T10:00:00+05:30
spl_ed87396f,exp_6ea401da,usr_05d0be25,equal,1,1840.53,INR,outstanding,,2026-08-18T10:00:00+05:30
spl_a990ad66,exp_2c670dfc,usr_c582abb2,equal,1,660.24,INR,settled,2026-07-06T10:00:00+05:30,2026-08-18T10:00:00+05:30
spl_876a3e5f,exp_c8d1ea97,usr_d981bf20,equal,1,562.99,INR,outstanding,,2026-08-18T10:00:00+05:30
spl_060db406,exp_c8d1ea97,usr_55b114d5,equal,1,563.00,INR,settled,2026-06-28T10:00:00+05:30,2026-08-18T10:00:00+05:30
spl_fc08ac35,exp_c8d1ea97,usr_a36d3b50,equal,1,563.00,INR,settled,2026-08-04T10:00:00+05:30,2026-08-18T10:00:00+05:30
spl_a0ca91e7,exp_c8d1ea97,usr_3f4f4c52,equal,1,563.00,INR,settled,2026-08-04T10:00:00+05:30,2026-08-18T10:00:00+05:30
spl_12639013,exp_74c6f2fc,usr_f855344d,equal,1,291.71,INR,settled,2026-07-03T10:00:00+05:30,2026-08-18T10:00:00+05:30
spl_4a790062,exp_1a74c516,usr_541840e2,shares,0.9663,834.53,INR,outstanding,,2026-08-18T10:00:00+05:30
spl_d05604dc,exp_2ac49411,usr_c60b1837,shares,0.6376,44.13,AED,outstanding,,2026-08-18T10:00:00+05:30
spl_eeedaf21,exp_fc85cf70,usr_6feac3d4,custom,0.9367,500.85,INR,outstanding,,2026-08-18T10:00:00+05:30
spl_1bf47b59,exp_fc85cf70,usr_6a108f4e,custom,1.6534,884.06,INR,settled,2026-08-08T10:00:00+05:30,2026-08-18T10:00:00+05:30
spl_19e0d7ff,exp_5e001501,usr_62b3f8b8,equal,1,1597.27,INR,settled,2026-06-20T10:00:00+05:30,2026-08-18T10:00:00+05:30
spl_1097e81d,exp_9f6bbb66,usr_88af6903,shares,0.7415,8987.27,INR,outstanding,,2026-08-18T10:00:00+05:30
spl_c01290a0,exp_fe259deb,usr_76c235d5,percentage,1.0408,829.93,INR,settled,2026-07-09T10:00:00+05:30,2026-08-18T10:00:00+05:30
spl_f8accebf,exp_fe259deb,usr_0c1ce238,percentage,1.1069,882.59,INR,settled,2026-07-27T10:00:00+05:30,2026-08-18T10:00:00+05:30
spl_177eb9e7,exp_41d3dc11,usr_0000ca76,custom,1.8435,672.15,INR,outstanding,,2026-08-18T10:00:00+05:30
spl_bedbed08,exp_6915b224,usr_76ac5087,custom,1.4954,1905.17,INR,outstanding,,2026-08-18T10:00:00+05:30
spl_fbeb6d69,exp_127ca9b1,usr_40edb5af,percentage,2.3867,48.59,AED,outstanding,,2026-08-18T10:00:00+05:30
spl_de83035c,exp_127ca9b1,usr_5f22c672,percentage,2.2855,46.53,AED,outstanding,,2026-08-18T10:00:00+05:30
spl_a010af64,exp_cb4e1db8,usr_0af476d1,equal,1,283.15,INR,settled,2026-08-08T10:00:00+05:30,2026-08-18T10:00:00+05:30
spl_f28526b6,exp_cb4e1db8,usr_9e6dc4d3,equal,1,283.14,INR,outstanding,,2026-08-18T10:00:00+05:30
spl_fae255db,exp_cb4e1db8,usr_7e684451,equal,1,283.14,INR,settled,2026-07-14T10:00:00+05:30,2026-08-18T10:00:00+05:30
spl_49548a6a,exp_f921073d,usr_c538bbe8,percentage,1.9358,994.28,INR,outstanding,,2026-08-18T10:00:00+05:30
spl_cf6dc0f0,exp_733255a3,usr_5b31e64c,equal,1,594.37,INR,settled,2026-06-23T10:00:00+05:30,2026-08-18T10:00:00+05:30
spl_fad38f48,exp_376f021e,usr_e2490a9e,equal,1,3870.07,INR,settled,2026-07-28T10:00:00+05:30,2026-08-18T10:00:00+05:30
spl_84b95b9e,exp_b386a3dc,usr_65303113,equal,1,306.08,INR,outstanding,,2026-08-18T10:00:00+05:30
spl_d82eb01b,exp_b386a3dc,usr_a2df7150,equal,1,306.08,INR,settled,2026-08-17T10:00:00+05:30,2026-08-18T10:00:00+05:30
spl_9401498f,exp_b386a3dc,usr_5b790166,equal,1,306.08,INR,settled,2026-07-29T10:00:00+05:30,2026-08-18T10:00:00+05:30
spl_00e3d091,exp_52eaced5,usr_d0571b95,custom,0.5673,915.49,INR,outstanding,,2026-08-18T10:00:00+05:30
spl_7bb858ff,exp_c11c458e,usr_5dec704e,custom,1.0432,1863.15,INR,settled,2026-08-01T10:00:00+05:30,2026-08-18T10:00:00+05:30
spl_541077c3,exp_c9733bf2,usr_1dd8f348,shares,1.5607,545576.61,IDR,outstanding,,2026-08-18T10:00:00+05:30
spl_81d65a4f,exp_e6f8a1b3,usr_bc9d20fa,shares,2.1569,1774.43,INR,outstanding,,2026-08-18T10:00:00+05:30
spl_75085d99,exp_63a33696,usr_99adb626,custom,1.9924,1679.93,NPR,settled,2026-06-26T10:00:00+05:30,2026-08-18T10:00:00+05:30
spl_46d225da,exp_6025a5ed,usr_949a215d,percentage,1.3482,124.28,INR,outstanding,,2026-08-18T10:00:00+05:30
spl_d0ac5bdd,exp_6025a5ed,usr_72dfb712,percentage,2.0504,189.02,INR,outstanding,,2026-08-18T10:00:00+05:30
spl_7d183f8f,exp_6025a5ed,usr_ce9ee3ae,percentage,1.5054,138.78,INR,settled,2026-08-08T10:00:00+05:30,2026-08-18T10:00:00+05:30
spl_97f88843,exp_31054ec9,usr_5307f01f,equal,1,405.88,INR,outstanding,,2026-08-18T10:00:00+05:30
spl_26178aa3,exp_31054ec9,usr_0e9166f0,equal,1,405.87,INR,outstanding,,2026-08-18T10:00:00+05:30
spl_afae797e,exp_31054ec9,usr_4a53ac63,equal,1,405.87,INR,outstanding,,2026-08-18T10:00:00+05:30
spl_1c66846a,exp_b461c771,usr_4794174d,custom,1.1588,351.19,INR,outstanding,,2026-08-18T10:00:00+05:30
spl_00f4af53,exp_3b0ac70c,usr_5bbebfef,equal,1,1333.97,INR,outstanding,,2026-08-18T10:00:00+05:30
spl_0e24065d,exp_dffaa6f2,usr_6361ffdd,shares,2.1833,6140.36,INR,settled,2026-07-29T10:00:00+05:30,2026-08-18T10:00:00+05:30
spl_336a92b4,exp_dffaa6f2,usr_8b3ba681,shares,1.0694,3007.61,INR,outstanding,,2026-08-18T10:00:00+05:30
spl_bc853a5a,exp_a2619a83,usr_0551c67a,equal,1,449.53,INR,outstanding,,2026-08-18T10:00:00+05:30
spl_6360f27c,exp_a2619a83,usr_aefdae86,equal,1,449.53,INR,outstanding,,2026-08-18T10:00:00+05:30
spl_fce6922b,exp_a2619a83,usr_e6dca418,equal,1,449.53,INR,settled,2026-06-25T10:00:00+05:30,2026-08-18T10:00:00+05:30
spl_daac6a4c,exp_a2619a83,usr_ce941853,equal,1,449.53,INR,outstanding,,2026-08-18T10:00:00+05:30
spl_63b11ff5,exp_ff03877e,usr_05e40dfc,custom,1.4477,374.52,INR,settled,2026-08-05T10:00:00+05:30,2026-08-18T10:00:00+05:30
spl_3cf31cf1,exp_9d7ad716,usr_c81e60fe,custom,2.368,643.53,INR,settled,2026-07-25T10:00:00+05:30,2026-08-18T10:00:00+05:30
spl_7738201b,exp_9d7ad716,usr_95bee04e,custom,1.8773,510.16,INR,outstanding,,2026-08-18T10:00:00+05:30
spl_fde5c99c,exp_9d7ad716,usr_6a108f4e,custom,1.1988,325.79,INR,outstanding,,2026-08-18T10:00:00+05:30
spl_6b8c2caa,exp_9d7ad716,usr_fd8f7b49,custom,1.6638,452.14,INR,outstanding,,2026-08-18T10:00:00+05:30
spl_6517646e,exp_2944d015,usr_424aaa79,equal,1,3491.50,INR,outstanding,,2026-08-18T10:00:00+05:30
spl_a3c90076,exp_b998e2bb,usr_424aaa79,custom,2.3451,1684.82,INR,outstanding,,2026-08-18T10:00:00+05:30
spl_245a021f,exp_cb260c19,usr_1cfaf7a0,equal,1,6088.89,NPR,outstanding,,2026-08-18T10:00:00+05:30
spl_5a75627e,exp_b248ac4b,usr_8e56e75b,equal,1,771.36,INR,settled,2026-07-04T10:00:00+05:30,2026-08-18T10:00:00+05:30
spl_c6e25a68,exp_ade86571,usr_0389057b,percentage,0.7919,3895.27,INR,outstanding,,2026-08-18T10:00:00+05:30
spl_4ea8c467,exp_31a2453f,usr_e0853a17,equal,1,103.42,INR,settled,2026-07-09T10:00:00+05:30,2026-08-18T10:00:00+05:30
spl_266ac804,exp_31a2453f,usr_e5b92b52,equal,1,103.42,INR,settled,2026-07-28T10:00:00+05:30,2026-08-18T10:00:00+05:30
spl_048aac96,exp_31a2453f,usr_71852a92,equal,1,103.42,INR,settled,2026-07-12T10:00:00+05:30,2026-08-18T10:00:00+05:30
spl_1db9eea4,exp_31a2453f,usr_c75aefa2,equal,1,103.42,INR,settled,2026-07-04T10:00:00+05:30,2026-08-18T10:00:00+05:30
spl_0583c877,exp_00f85c89,usr_8cace6bd,equal,1,672.27,NPR,settled,2026-07-25T10:00:00+05:30,2026-08-18T10:00:00+05:30
spl_acff1c25,exp_00f85c89,usr_78bb2d82,equal,1,672.26,NPR,settled,2026-06-21T10:00:00+05:30,2026-08-18T10:00:00+05:30
spl_98ad5952,exp_00f85c89,usr_6cdfb2c8,equal,1,672.26,NPR,outstanding,,2026-08-18T10:00:00+05:30
spl_eb1f82fd,exp_00f85c89,usr_737d4dab,equal,1,672.26,NPR,outstanding,,2026-08-18T10:00:00+05:30
spl_62a50d4a,exp_a065d62c,usr_f9060fbb,custom,1.0801,8438.93,INR,outstanding,,2026-08-18T10:00:00+05:30
spl_8c6f18d5,exp_2bc9d551,usr_6361ffdd,equal,1,215.91,INR,outstanding,,2026-08-18T10:00:00+05:30
spl_ab0cf710,exp_2bc9d551,usr_7e0ddebe,equal,1,215.91,INR,outstanding,,2026-08-18T10:00:00+05:30
spl_3106bc5f,exp_25b46252,usr_b86dd891,equal,1,206.88,INR,settled,2026-07-21T10:00:00+05:30,2026-08-18T10:00:00+05:30
spl_ff6e86ea,exp_25b46252,usr_dabbaf95,equal,1,206.89,INR,settled,2026-08-09T10:00:00+05:30,2026-08-18T10:00:00+05:30
spl_08cbda0b,exp_25b46252,usr_2a348485,equal,1,206.89,INR,outstanding,,2026-08-18T10:00:00+05:30
spl_4a41b4a2,exp_8a1764f6,usr_1a6892bf,custom,1.1307,41.03,MYR,outstanding,,2026-08-18T10:00:00+05:30
spl_fe10ecf9,exp_3ad453c1,usr_e4376908,percentage,2.2027,13.06,CHF,outstanding,,2026-08-18T10:00:00+05:30
spl_47966b31,exp_1b91ba5b,usr_f52d271a,equal,1,4857.37,INR,settled,2026-07-24T10:00:00+05:30,2026-08-18T10:00:00+05:30
spl_de38a9cb,exp_1b91ba5b,usr_05fc06c6,equal,1,4857.38,INR,settled,2026-07-30T10:00:00+05:30,2026-08-18T10:00:00+05:30
spl_b03d94ce,exp_97cb8193,usr_34e42e87,equal,1,524.32,INR,settled,2026-07-12T10:00:00+05:30,2026-08-18T10:00:00+05:30
spl_01a133cf,exp_97cb8193,usr_fecd2601,equal,1,524.31,INR,outstanding,,2026-08-18T10:00:00+05:30
spl_07d50874,exp_97cb8193,usr_ef2f6a43,equal,1,524.31,INR,written_off,,2026-08-18T10:00:00+05:30
spl_6d2665f5,exp_051bda56,usr_7af1e427,equal,1,1041.13,INR,outstanding,,2026-08-18T10:00:00+05:30
spl_05c530d3,exp_051bda56,usr_0f63f4f1,equal,1,1041.13,INR,outstanding,,2026-08-18T10:00:00+05:30
spl_dd0da901,exp_051bda56,usr_cabd8a19,equal,1,1041.14,INR,settled,2026-07-05T10:00:00+05:30,2026-08-18T10:00:00+05:30
spl_bcca4146,exp_051bda56,usr_9e65154f,equal,1,1041.14,INR,settled,2026-06-22T10:00:00+05:30,2026-08-18T10:00:00+05:30
spl_1d996323,exp_4837515d,usr_569f1f22,equal,1,275.15,NPR,settled,2026-08-07T10:00:00+05:30,2026-08-18T10:00:00+05:30
spl_a2815afc,exp_4837515d,usr_aefdae86,equal,1,275.16,NPR,outstanding,,2026-08-18T10:00:00+05:30
spl_292e5a37,exp_4837515d,usr_1ef037a0,equal,1,275.16,NPR,outstanding,,2026-08-18T10:00:00+05:30
spl_25cc685d,exp_4837515d,usr_60c3a39a,equal,1,275.16,NPR,outstanding,,2026-08-18T10:00:00+05:30
spl_440afcee,exp_cb4683a7,usr_e1d938d9,equal,1,1126.99,INR,settled,2026-06-28T10:00:00+05:30,2026-08-18T10:00:00+05:30
spl_fa48eb57,exp_3a115d8e,usr_c8025f92,custom,1.5677,3437.04,JPY,outstanding,,2026-08-18T10:00:00+05:30
spl_4116e8e1,exp_307591c3,usr_d245dd5d,equal,1,1052.84,INR,settled,2026-07-22T10:00:00+05:30,2026-08-18T10:00:00+05:30
spl_4246e454,exp_36c6412f,usr_72d88a70,custom,2.007,151873.56,IDR,settled,2026-07-11T10:00:00+05:30,2026-08-18T10:00:00+05:30
spl_0a438dd7,exp_36c6412f,usr_a6999f45,custom,2.1168,160179.37,IDR,settled,2026-07-16T10:00:00+05:30,2026-08-18T10:00:00+05:30
spl_98b11056,exp_a7bb1e5e,usr_17b45921,equal,1,4611.87,LKR,outstanding,,2026-08-18T10:00:00+05:30
spl_9a64e1e0,exp_7e0c310c,usr_8cace6bd,percentage,1.6793,3178.78,NPR,outstanding,,2026-08-18T10:00:00+05:30
spl_3c79d5d6,exp_7e0c310c,usr_78bb2d82,percentage,2.3664,4479.46,NPR,outstanding,,2026-08-18T10:00:00+05:30
spl_405394df,exp_7e0c310c,usr_6cdfb2c8,percentage,1.2929,2447.47,NPR,settled,2026-06-20T10:00:00+05:30,2026-08-18T10:00:00+05:30
spl_7308abaf,exp_7e0c310c,usr_737d4dab,percentage,1.855,3511.38,NPR,settled,2026-06-30T10:00:00+05:30,2026-08-18T10:00:00+05:30
spl_89b1ef3a,exp_a27c9639,usr_81dbf021,custom,0.636,894.04,NPR,outstanding,,2026-08-18T10:00:00+05:30
spl_44037362,exp_ed350305,usr_94e62241,equal,1,1920.28,INR,settled,2026-08-06T10:00:00+05:30,2026-08-18T10:00:00+05:30
spl_cd26a61b,exp_b53ba78c,usr_8cace6bd,equal,1,444.24,NPR,outstanding,,2026-08-18T10:00:00+05:30
spl_e63c28c4,exp_b53ba78c,usr_78bb2d82,equal,1,444.24,NPR,outstanding,,2026-08-18T10:00:00+05:30
spl_93d5da7b,exp_b53ba78c,usr_6cdfb2c8,equal,1,444.24,NPR,outstanding,,2026-08-18T10:00:00+05:30
spl_ce4bc74b,exp_b53ba78c,usr_737d4dab,equal,1,444.24,NPR,settled,2026-07-15T10:00:00+05:30,2026-08-18T10:00:00+05:30
spl_7b31e364,exp_c12c05c9,usr_f6728ccc,equal,1,699.74,INR,settled,2026-08-16T10:00:00+05:30,2026-08-18T10:00:00+05:30
spl_f61cadf6,exp_c12c05c9,usr_ad8b46f0,equal,1,699.75,INR,settled,2026-07-13T10:00:00+05:30,2026-08-18T10:00:00+05:30
spl_fa41e851,exp_28f49250,usr_d1a44892,percentage,1.4722,73.29,MYR,settled,2026-08-05T10:00:00+05:30,2026-08-18T10:00:00+05:30
spl_3ba60880,exp_89f67ebe,usr_1c8154b9,equal,1,5772.65,INR,settled,2026-06-23T10:00:00+05:30,2026-08-18T10:00:00+05:30
spl_c2fe79c4,exp_ca9e5562,usr_8e226071,custom,2.044,30.23,MYR,settled,2026-07-13T10:00:00+05:30,2026-08-18T10:00:00+05:30
spl_dd9fd949,exp_ca9e5562,usr_4c4dd666,custom,0.5604,8.29,MYR,settled,2026-08-02T10:00:00+05:30,2026-08-18T10:00:00+05:30
spl_5a4c82a4,exp_ca9e5562,usr_3438d3c4,custom,0.9064,13.41,MYR,settled,2026-07-13T10:00:00+05:30,2026-08-18T10:00:00+05:30
spl_622ff4ad,exp_ca9e5562,usr_6c3fae7b,custom,1.8274,27.03,MYR,outstanding,,2026-08-18T10:00:00+05:30
spl_ab099504,exp_1cc9066a,usr_065fbc7f,equal,1,154.43,INR,outstanding,,2026-08-18T10:00:00+05:30
spl_8a2b1fb8,exp_1cc9066a,usr_32a5a217,equal,1,154.44,INR,outstanding,,2026-08-18T10:00:00+05:30
spl_cb13ecfa,exp_1cc9066a,usr_a386ca28,equal,1,154.44,INR,settled,2026-06-21T10:00:00+05:30,2026-08-18T10:00:00+05:30
spl_065c6ca5,exp_1cc9066a,usr_dabbaf95,equal,1,154.44,INR,outstanding,,2026-08-18T10:00:00+05:30
spl_48ca8672,exp_08d19adb,usr_0382185a,equal,1,6856.45,INR,outstanding,,2026-08-18T10:00:00+05:30
spl_53c950f1,exp_c118edfe,usr_7e340c2a,equal,1,5115.09,INR,settled,2026-06-20T10:00:00+05:30,2026-08-18T10:00:00+05:30
spl_b4ac40b5,exp_29ec4d84,usr_8700ba48,equal,1,2455.91,INR,outstanding,,2026-08-18T10:00:00+05:30
spl_32a2f4cd,exp_29ec4d84,usr_65b43f7e,equal,1,2455.91,INR,settled,2026-06-20T10:00:00+05:30,2026-08-18T10:00:00+05:30
spl_bf1ce085,exp_29ec4d84,usr_d1a44892,equal,1,2455.92,INR,outstanding,,2026-08-18T10:00:00+05:30
spl_2d318eb1,exp_29ec4d84,usr_9937a749,equal,1,2455.92,INR,settled,2026-07-01T10:00:00+05:30,2026-08-18T10:00:00+05:30
spl_8a327094,exp_25c2e18e,usr_fc3617c0,equal,1,5719.74,INR,settled,2026-06-24T10:00:00+05:30,2026-08-18T10:00:00+05:30
spl_15614290,exp_bacb45bd,usr_02d5e350,equal,1,7808.96,INR,outstanding,,2026-08-18T10:00:00+05:30
spl_e6c940cd,exp_463245f0,usr_0ae483ef,percentage,2.0997,178.39,INR,outstanding,,2026-08-18T10:00:00+05:30
spl_d76eb2b6,exp_463245f0,usr_394de344,percentage,2.013,171.02,INR,settled,2026-07-18T10:00:00+05:30,2026-08-18T10:00:00+05:30
spl_166f41b0,exp_463245f0,usr_d3acd59c,percentage,1.7302,146.99,INR,settled,2026-06-30T10:00:00+05:30,2026-08-18T10:00:00+05:30
spl_7e152bdd,exp_463245f0,usr_d6801dce,percentage,1.6729,142.12,INR,settled,2026-08-03T10:00:00+05:30,2026-08-18T10:00:00+05:30
spl_333b1a47,exp_03c1198f,usr_5dec704e,custom,1.4371,1378.90,INR,settled,2026-06-30T10:00:00+05:30,2026-08-18T10:00:00+05:30
spl_437c1cdf,exp_a861112e,usr_4794174d,percentage,0.5567,4644.62,INR,outstanding,,2026-08-18T10:00:00+05:30
spl_c6b9c9ec,exp_dc38b845,usr_34d33978,equal,1,1444.58,NPR,settled,2026-07-25T10:00:00+05:30,2026-08-18T10:00:00+05:30
spl_b61b70c2,exp_f6a41381,usr_67de0711,custom,2.4862,13994.18,NPR,outstanding,,2026-08-18T10:00:00+05:30
spl_935924ea,exp_bb710ca1,usr_72796feb,percentage,1.5522,124376.58,IDR,settled,2026-06-30T10:00:00+05:30,2026-08-18T10:00:00+05:30
spl_fb8574d4,exp_e0935efe,usr_35d340e3,custom,1.9125,459.48,INR,written_off,,2026-08-18T10:00:00+05:30
spl_4c76ae53,exp_e0935efe,usr_52de2228,custom,0.8296,199.31,INR,outstanding,,2026-08-18T10:00:00+05:30
spl_3ee4c294,exp_bfdb2ea4,usr_d56927f7,equal,1,1593.99,INR,settled,2026-07-07T10:00:00+05:30,2026-08-18T10:00:00+05:30
spl_1f95c87a,exp_125be781,usr_05d0be25,equal,1,21.44,AED,outstanding,,2026-08-18T10:00:00+05:30
spl_4f38084a,exp_4eddbecb,usr_b96ef58c,equal,1,225.72,INR,settled,2026-07-24T10:00:00+05:30,2026-08-18T10:00:00+05:30
spl_b657848f,exp_4eddbecb,usr_d312cbff,equal,1,225.73,INR,outstanding,,2026-08-18T10:00:00+05:30
spl_5fe2ac95,exp_4eddbecb,usr_228f37bd,equal,1,225.73,INR,settled,2026-07-26T10:00:00+05:30,2026-08-18T10:00:00+05:30
spl_3210b25a,exp_4eddbecb,usr_991a1e29,equal,1,225.73,INR,outstanding,,2026-08-18T10:00:00+05:30
spl_f2ada542,exp_26d3b3d3,usr_8af9206e,equal,1,1236.33,INR,outstanding,,2026-08-18T10:00:00+05:30
spl_eec791c4,exp_67509f99,usr_51247360,custom,1.9504,807.80,INR,outstanding,,2026-08-18T10:00:00+05:30
spl_911069cc,exp_67509f99,usr_5638f607,custom,1.3123,543.51,INR,outstanding,,2026-08-18T10:00:00+05:30
spl_288be58f,exp_3c49d3c2,usr_04b21637,equal,1,3319.62,INR,settled,2026-07-13T10:00:00+05:30,2026-08-18T10:00:00+05:30
spl_fdc8ed28,exp_3c49d3c2,usr_45175b03,equal,1,3319.63,INR,outstanding,,2026-08-18T10:00:00+05:30
spl_3c5e48f7,exp_8511fadb,usr_8a133f67,equal,1,355.15,INR,outstanding,,2026-08-18T10:00:00+05:30
spl_82444cd4,exp_ae85b0ae,usr_d245dd5d,custom,1.3215,26.35,SGD,settled,2026-07-31T10:00:00+05:30,2026-08-18T10:00:00+05:30
spl_75df60a9,exp_70760013,usr_9afd8eab,custom,0.9495,2128.34,NPR,outstanding,,2026-08-18T10:00:00+05:30
spl_f4e38564,exp_70760013,usr_40edb5af,custom,2.4546,5502.03,NPR,outstanding,,2026-08-18T10:00:00+05:30
spl_3a85c720,exp_70760013,usr_a7185e16,custom,1.1544,2587.54,NPR,settled,2026-07-22T10:00:00+05:30,2026-08-18T10:00:00+05:30
spl_ddd82d0c,exp_70760013,usr_ab3f6d18,custom,0.5587,1252.46,NPR,outstanding,,2026-08-18T10:00:00+05:30
spl_0ec69a43,exp_80f050bf,usr_fae4d064,custom,1.7834,427.04,MYR,settled,2026-07-14T10:00:00+05:30,2026-08-18T10:00:00+05:30
spl_c02448e3,exp_339dad2c,usr_97d7df2b,percentage,2.0811,4218.99,INR,outstanding,,2026-08-18T10:00:00+05:30
spl_b62e3e52,exp_d580ee3a,usr_aef2d4f6,equal,1,411.66,INR,outstanding,,2026-08-18T10:00:00+05:30
spl_5c0ea5b2,exp_d580ee3a,usr_ce2e54f4,equal,1,411.67,INR,settled,2026-07-28T10:00:00+05:30,2026-08-18T10:00:00+05:30
spl_492e8348,exp_4da3a1d9,usr_abb36fee,equal,1,1001.55,INR,settled,2026-07-14T10:00:00+05:30,2026-08-18T10:00:00+05:30
spl_ab291282,exp_af17ffa1,usr_d504f21d,equal,1,381.44,QAR,outstanding,,2026-08-18T10:00:00+05:30
spl_464d3408,exp_2a4256b7,usr_44604a9d,custom,1.1466,2407.92,INR,settled,2026-07-23T10:00:00+05:30,2026-08-18T10:00:00+05:30
spl_3b754972,exp_2a4256b7,usr_14ca6dc1,custom,1.1701,2457.14,INR,settled,2026-07-18T10:00:00+05:30,2026-08-18T10:00:00+05:30
spl_41282912,exp_2a4256b7,usr_1bd9093b,custom,2.0426,4289.58,INR,outstanding,,2026-08-18T10:00:00+05:30
spl_50e47ddd,exp_7ce1e4bf,usr_50dd9495,percentage,2.2067,1944.87,INR,outstanding,,2026-08-18T10:00:00+05:30
spl_4951bec6,exp_1c136e07,usr_5f22c672,custom,1.1015,1145.40,INR,outstanding,,2026-08-18T10:00:00+05:30
spl_23ae4f2d,exp_1c136e07,usr_5d8450f0,custom,1.9873,2066.46,INR,settled,2026-08-08T10:00:00+05:30,2026-08-18T10:00:00+05:30
spl_5abc2c77,exp_cfd12c9c,usr_44604a9d,equal,1,326.52,INR,outstanding,,2026-08-18T10:00:00+05:30
spl_bbc16039,exp_e6a6aff3,usr_81dbf021,equal,1,6374.70,INR,outstanding,,2026-08-18T10:00:00+05:30
spl_8f573e35,exp_a9247d15,usr_fa851b11,equal,1,697.97,INR,settled,2026-06-21T10:00:00+05:30,2026-08-18T10:00:00+05:30
spl_4bc4e410,exp_a9247d15,usr_bedf358a,equal,1,697.97,INR,outstanding,,2026-08-18T10:00:00+05:30
spl_290b92e1,exp_a9247d15,usr_d6801dce,equal,1,697.97,INR,written_off,,2026-08-18T10:00:00+05:30
spl_dc455bde,exp_aef4b5cd,usr_24e54a31,equal,1,118.87,THB,settled,2026-07-22T10:00:00+05:30,2026-08-18T10:00:00+05:30
spl_d1e34923,exp_aef4b5cd,usr_108e6f0f,equal,1,118.87,THB,outstanding,,2026-08-18T10:00:00+05:30
spl_c99d7009,exp_92732674,usr_1c8154b9,equal,1,964.57,INR,settled,2026-07-13T10:00:00+05:30,2026-08-18T10:00:00+05:30
spl_e0d1c2f4,exp_1e7415ca,usr_7796e5e8,custom,1.6251,1668.66,INR,settled,2026-07-09T10:00:00+05:30,2026-08-18T10:00:00+05:30
spl_afefaeec,exp_60d01723,usr_c582abb2,equal,1,1088.16,INR,outstanding,,2026-08-18T10:00:00+05:30
spl_6522d26a,exp_1dc9a7f3,usr_5385053d,equal,1,458.90,INR,outstanding,,2026-08-18T10:00:00+05:30
spl_4f5470c6,exp_3596a3b1,usr_65303113,equal,1,485.35,INR,settled,2026-07-14T10:00:00+05:30,2026-08-18T10:00:00+05:30
spl_840bac57,exp_3596a3b1,usr_a2df7150,equal,1,485.35,INR,outstanding,,2026-08-18T10:00:00+05:30
spl_5518812b,exp_3596a3b1,usr_5b790166,equal,1,485.35,INR,settled,2026-08-14T10:00:00+05:30,2026-08-18T10:00:00+05:30
spl_1ddbff92,exp_43f0741c,usr_20594684,equal,1,444.67,INR,outstanding,,2026-08-18T10:00:00+05:30
spl_aecc35f9,exp_4a8e7d85,usr_520d9624,equal,1,267.87,INR,outstanding,,2026-08-18T10:00:00+05:30
spl_a047b168,exp_4a8e7d85,usr_053e7434,equal,1,267.87,INR,settled,2026-07-02T10:00:00+05:30,2026-08-18T10:00:00+05:30
spl_d5fd1867,exp_8d0ff8f5,usr_2e38cf37,equal,1,763.10,INR,outstanding,,2026-08-18T10:00:00+05:30
spl_957b1a94,exp_8d0ff8f5,usr_95bee04e,equal,1,763.10,INR,settled,2026-07-09T10:00:00+05:30,2026-08-18T10:00:00+05:30
spl_3d4271b5,exp_53a78de2,usr_b2323a23,equal,1,2299.77,INR,outstanding,,2026-08-18T10:00:00+05:30
spl_b02cba60,exp_4f930869,usr_638c6951,equal,1,587.63,INR,outstanding,,2026-08-18T10:00:00+05:30
spl_cbffd695,exp_4f930869,usr_9c3deed5,equal,1,587.63,INR,settled,2026-07-23T10:00:00+05:30,2026-08-18T10:00:00+05:30
spl_dc263ac2,exp_4f930869,usr_88af6903,equal,1,587.64,INR,settled,2026-06-23T10:00:00+05:30,2026-08-18T10:00:00+05:30
spl_3271e8f2,exp_4f930869,usr_a0b28bd2,equal,1,587.64,INR,outstanding,,2026-08-18T10:00:00+05:30
spl_2aca9852,exp_548f9aca,usr_afacd025,shares,1.2732,947.88,INR,outstanding,,2026-08-18T10:00:00+05:30
spl_be06e986,exp_3d8b1d19,usr_3038e2f7,equal,1,2001.87,INR,outstanding,,2026-08-18T10:00:00+05:30
spl_e1a24823,exp_9ce61021,usr_c8025f92,percentage,2.0206,1603.44,JPY,outstanding,,2026-08-18T10:00:00+05:30
spl_113747f8,exp_7cf15d11,usr_c8025f92,percentage,2.4102,1372.91,NPR,outstanding,,2026-08-18T10:00:00+05:30
spl_34f286a9,exp_bde474ef,usr_b021d103,equal,1,314.11,INR,outstanding,,2026-08-18T10:00:00+05:30
spl_a086b0a1,exp_bde474ef,usr_f94cda41,equal,1,314.12,INR,outstanding,,2026-08-18T10:00:00+05:30
spl_6679a71a,exp_3e792f2d,usr_05d0be25,equal,1,47.64,AED,outstanding,,2026-08-18T10:00:00+05:30
spl_0672dfbb,exp_1fc96d71,usr_cbdc0a06,percentage,1.5096,495.00,LKR,settled,2026-06-29T10:00:00+05:30,2026-08-18T10:00:00+05:30
spl_edd22544,exp_1fc96d71,usr_c0926c78,percentage,1.1687,383.22,LKR,outstanding,,2026-08-18T10:00:00+05:30
spl_7bd986fa,exp_1fc96d71,usr_394de344,percentage,1.7695,580.22,LKR,outstanding,,2026-08-18T10:00:00+05:30
spl_e8fecf9b,exp_e9a2a77b,usr_d23b92e9,equal,1,1479.63,INR,outstanding,,2026-08-18T10:00:00+05:30
spl_62e6a6c1,exp_061e14c2,usr_acb4c4ba,equal,1,1128.25,INR,outstanding,,2026-08-18T10:00:00+05:30
spl_8e8936a9,exp_c4b5eb67,usr_3190040f,equal,1,299.61,INR,settled,2026-07-08T10:00:00+05:30,2026-08-18T10:00:00+05:30
spl_7efa09d1,exp_c4b5eb67,usr_e528f9b0,equal,1,299.60,INR,outstanding,,2026-08-18T10:00:00+05:30
spl_70894139,exp_c4b5eb67,usr_991a1e29,equal,1,299.60,INR,outstanding,,2026-08-18T10:00:00+05:30
spl_1e017d08,exp_eba45fae,usr_78afc45f,equal,1,769.57,INR,settled,2026-08-11T10:00:00+05:30,2026-08-18T10:00:00+05:30
spl_b48eb3b0,exp_eba45fae,usr_8f81432c,equal,1,769.57,INR,outstanding,,2026-08-18T10:00:00+05:30
spl_b82c6adf,exp_43c9ee86,usr_a9e888d0,percentage,0.6602,941.75,INR,outstanding,,2026-08-18T10:00:00+05:30
spl_009c12c9,exp_43c9ee86,usr_6653b49e,percentage,2.0679,2949.65,INR,outstanding,,2026-08-18T10:00:00+05:30
spl_c0991c2f,exp_1f39a954,usr_d8024b62,equal,1,1646.83,INR,settled,2026-06-25T10:00:00+05:30,2026-08-18T10:00:00+05:30
spl_2dd1d0e9,exp_7fce2c76,usr_b021d103,percentage,0.601,5142.67,INR,outstanding,,2026-08-18T10:00:00+05:30
spl_87cd95e4,exp_9c935312,usr_f50e2299,equal,1,3142.51,INR,settled,2026-08-17T10:00:00+05:30,2026-08-18T10:00:00+05:30
spl_f854759f,exp_8bd79958,usr_2aa556d6,percentage,1.9575,2180.32,INR,settled,2026-07-19T10:00:00+05:30,2026-08-18T10:00:00+05:30
spl_5bed3e03,exp_2b91fddf,usr_f9060fbb,equal,1,2978.21,INR,outstanding,,2026-08-18T10:00:00+05:30
spl_9c0f4a18,exp_df95ee52,usr_9115fc7c,equal,1,3651.94,INR,outstanding,,2026-08-18T10:00:00+05:30
spl_c372e8f8,exp_b5291d90,usr_91afdeed,custom,1.2635,313.41,INR,outstanding,,2026-08-18T10:00:00+05:30
spl_7c7ed5b3,exp_b5291d90,usr_bf89afd1,custom,1.4166,351.40,INR,settled,2026-06-20T10:00:00+05:30,2026-08-18T10:00:00+05:30
spl_a732dc26,exp_b5291d90,usr_671138ff,custom,1.7291,428.91,INR,outstanding,,2026-08-18T10:00:00+05:30
spl_e3c566ba,exp_2cce851d,usr_ce38459a,custom,1.7241,3342.26,INR,outstanding,,2026-08-18T10:00:00+05:30
spl_d7d01521,exp_0632b591,usr_e459a18c,equal,1,435.93,THB,outstanding,,2026-08-18T10:00:00+05:30
spl_2412e31f,exp_0632b591,usr_d20b2a69,equal,1,435.92,THB,settled,2026-07-07T10:00:00+05:30,2026-08-18T10:00:00+05:30
spl_c750e72c,exp_0632b591,usr_9694b4a3,equal,1,435.92,THB,outstanding,,2026-08-18T10:00:00+05:30
spl_c6a6cf9f,exp_0632b591,usr_40edb5af,equal,1,435.92,THB,outstanding,,2026-08-18T10:00:00+05:30
spl_6954985f,exp_3838a386,usr_e076a69d,shares,1.1471,4446.95,INR,outstanding,,2026-08-18T10:00:00+05:30
spl_83dc3247,exp_314ea442,usr_e21b6644,equal,1,1190.20,INR,outstanding,,2026-08-18T10:00:00+05:30
spl_f2ad6f79,exp_314ea442,usr_55b114d5,equal,1,1190.20,INR,settled,2026-07-27T10:00:00+05:30,2026-08-18T10:00:00+05:30
spl_dc5f4b14,exp_aba93499,usr_2c93ab7f,equal,1,1094.92,INR,outstanding,,2026-08-18T10:00:00+05:30
spl_bde9587d,exp_df811eb5,usr_8ddbc4ab,equal,1,738.02,NPR,settled,2026-07-27T10:00:00+05:30,2026-08-18T10:00:00+05:30
spl_6d128d8f,exp_df811eb5,usr_db93de1b,equal,1,738.02,NPR,outstanding,,2026-08-18T10:00:00+05:30
spl_03aa6ff1,exp_df811eb5,usr_712600f0,equal,1,738.02,NPR,settled,2026-07-21T10:00:00+05:30,2026-08-18T10:00:00+05:30
spl_459386b6,exp_df811eb5,usr_e47b6104,equal,1,738.02,NPR,settled,2026-07-11T10:00:00+05:30,2026-08-18T10:00:00+05:30
spl_c1f08cf0,exp_f415cf4c,usr_ab49979e,equal,1,5655.17,INR,outstanding,,2026-08-18T10:00:00+05:30
spl_42b5ec80,exp_4677a5df,usr_62b3f8b8,equal,1,9826.71,INR,settled,2026-08-17T10:00:00+05:30,2026-08-18T10:00:00+05:30
spl_1fba7f13,exp_a7370949,usr_b50df034,equal,1,2181.74,INR,settled,2026-07-23T10:00:00+05:30,2026-08-18T10:00:00+05:30
spl_e6cec49b,exp_005bc30d,usr_e94f06ca,equal,1,1846.08,INR,settled,2026-07-04T10:00:00+05:30,2026-08-18T10:00:00+05:30
spl_2705fd6b,exp_22c43190,usr_7f6d27fe,custom,2.4708,949.28,INR,settled,2026-07-09T10:00:00+05:30,2026-08-18T10:00:00+05:30
spl_5e9a208d,exp_d3189496,usr_62b3f8b8,custom,1.1998,1397.15,INR,outstanding,,2026-08-18T10:00:00+05:30
spl_166d2ca7,exp_2c6ae244,usr_dc1bd238,equal,1,3282.53,INR,outstanding,,2026-08-18T10:00:00+05:30
spl_abb84c71,exp_27ff6e2c,usr_e5bfa6cd,percentage,1.2317,230.86,INR,outstanding,,2026-08-18T10:00:00+05:30
spl_b03663a8,exp_27ff6e2c,usr_5de9da21,percentage,1.2499,234.28,INR,settled,2026-07-09T10:00:00+05:30,2026-08-18T10:00:00+05:30
spl_d6b6663f,exp_27ff6e2c,usr_05e40dfc,percentage,2.3606,442.45,INR,outstanding,,2026-08-18T10:00:00+05:30
spl_fe4d0d81,exp_7d0851f8,usr_8e89346c,equal,1,782.07,INR,settled,2026-07-23T10:00:00+05:30,2026-08-18T10:00:00+05:30
spl_55266642,exp_e436aa89,usr_a7185e16,shares,1.4795,8746.20,INR,outstanding,,2026-08-18T10:00:00+05:30
spl_0144ca5f,exp_621fe2f7,usr_67ff2106,custom,1.2527,2927.03,LKR,outstanding,,2026-08-18T10:00:00+05:30
spl_cac6ee2d,exp_2a65c0cd,usr_dce3bc90,custom,1.8848,887.01,INR,settled,2026-08-14T10:00:00+05:30,2026-08-18T10:00:00+05:30
spl_2900a83c,exp_02401b6c,usr_5dec704e,equal,1,765.17,INR,settled,2026-07-22T10:00:00+05:30,2026-08-18T10:00:00+05:30
spl_bd7151c6,exp_19f2b1d6,usr_67ff2106,custom,1.7364,15811.05,LKR,settled,2026-07-21T10:00:00+05:30,2026-08-18T10:00:00+05:30
spl_61f6abea,exp_b1b2862c,usr_afacd025,custom,0.9203,2341.28,INR,settled,2026-06-25T10:00:00+05:30,2026-08-18T10:00:00+05:30
spl_8cef13e7,exp_ad30aead,usr_70139660,equal,1,48.16,AED,outstanding,,2026-08-18T10:00:00+05:30
spl_a28a1b49,exp_cae1cdae,usr_d0571b95,shares,1.0738,1159.91,INR,settled,2026-08-06T10:00:00+05:30,2026-08-18T10:00:00+05:30
spl_b909cfaa,exp_f9ee5019,usr_5385053d,shares,1.3522,9708.95,INR,outstanding,,2026-08-18T10:00:00+05:30
spl_a1e61889,exp_36ed9012,usr_81cc2de0,equal,1,6703.06,INR,settled,2026-08-03T10:00:00+05:30,2026-08-18T10:00:00+05:30
spl_dd6b8266,exp_6a436880,usr_fedbd227,custom,1.9076,4973.86,INR,outstanding,,2026-08-18T10:00:00+05:30
spl_a2a3e8c3,exp_6a436880,usr_78513cd2,custom,0.8957,2335.34,INR,outstanding,,2026-08-18T10:00:00+05:30
spl_d2e80531,exp_17ec6ace,usr_4022bd9b,custom,0.7326,132.37,INR,settled,2026-08-07T10:00:00+05:30,2026-08-18T10:00:00+05:30
spl_4a9ad0b9,exp_17ec6ace,usr_a0588479,custom,1.8268,330.08,INR,settled,2026-07-02T10:00:00+05:30,2026-08-18T10:00:00+05:30
spl_c87c3df3,exp_b0a982f9,usr_0382185a,equal,1,7353.95,INR,outstanding,,2026-08-18T10:00:00+05:30
spl_164496df,exp_e8e5cb6d,usr_2433031a,equal,1,3028.99,NPR,settled,2026-08-17T10:00:00+05:30,2026-08-18T10:00:00+05:30
spl_2a2ea245,exp_61ec39ae,usr_9181bfe3,equal,1,2215.83,INR,settled,2026-06-21T10:00:00+05:30,2026-08-18T10:00:00+05:30
spl_80a7b2e2,exp_201535cd,usr_ddcb196c,equal,1,290.86,INR,settled,2026-07-21T10:00:00+05:30,2026-08-18T10:00:00+05:30
spl_0ec1e3ff,exp_737c56bc,usr_32a5a217,equal,1,2012.60,INR,outstanding,,2026-08-18T10:00:00+05:30
spl_2ae9b700,exp_a343843a,usr_98a69060,equal,1,1377.21,INR,outstanding,,2026-08-18T10:00:00+05:30
spl_1bb85ab0,exp_cd543f43,usr_228f37bd,shares,1.307,1773.37,INR,written_off,,2026-08-18T10:00:00+05:30
spl_0cb07bae,exp_9b6ba144,usr_28c5ee24,percentage,2.4501,1555.33,NPR,outstanding,,2026-08-18T10:00:00+05:30
spl_1f5e9bc3,exp_b3e9245f,usr_bedf358a,custom,2.3951,469.26,NPR,settled,2026-07-18T10:00:00+05:30,2026-08-18T10:00:00+05:30
spl_93e856d9,exp_b3e9245f,usr_6e3b5c10,custom,1.1215,219.73,NPR,settled,2026-07-06T10:00:00+05:30,2026-08-18T10:00:00+05:30
spl_38ec66dc,exp_b3e9245f,usr_7d0ce609,custom,2.2835,447.40,NPR,settled,2026-07-20T10:00:00+05:30,2026-08-18T10:00:00+05:30
spl_81d35780,exp_b3e9245f,usr_326aed9f,custom,0.8508,166.70,NPR,outstanding,,2026-08-18T10:00:00+05:30
spl_c964f468,exp_ca5bed02,usr_7101a5b5,equal,1,4.20,CHF,settled,2026-07-15T10:00:00+05:30,2026-08-18T10:00:00+05:30
spl_4bb80127,exp_1a0aa083,usr_5dec704e,equal,1,782.98,INR,outstanding,,2026-08-18T10:00:00+05:30
spl_f301d6c0,exp_1a0aa083,usr_aef2650b,equal,1,782.98,INR,settled,2026-07-01T10:00:00+05:30,2026-08-18T10:00:00+05:30
spl_d957f2d5,exp_1a0aa083,usr_2353848b,equal,1,782.99,INR,outstanding,,2026-08-18T10:00:00+05:30
spl_47d8cc87,exp_1a0aa083,usr_34d0c50b,equal,1,782.99,INR,settled,2026-08-03T10:00:00+05:30,2026-08-18T10:00:00+05:30
spl_1c532a04,exp_0c45ea75,usr_160064ff,shares,2.3194,1084.14,INR,outstanding,,2026-08-18T10:00:00+05:30
spl_286c9eae,exp_0c45ea75,usr_0af476d1,shares,1.9137,894.50,INR,outstanding,,2026-08-18T10:00:00+05:30
spl_3d55e62b,exp_0c45ea75,usr_9e6dc4d3,shares,1.0822,505.86,INR,settled,2026-07-06T10:00:00+05:30,2026-08-18T10:00:00+05:30
spl_5a3cdaac,exp_0c45ea75,usr_cb0928ac,shares,1.4197,663.58,INR,outstanding,,2026-08-18T10:00:00+05:30
spl_347b91e4,exp_3a0603a2,usr_2b7e8931,equal,1,1638.88,INR,outstanding,,2026-08-18T10:00:00+05:30
spl_dcd251a2,exp_4bc5f70b,usr_da6b9625,shares,0.8963,334.72,INR,settled,2026-07-18T10:00:00+05:30,2026-08-18T10:00:00+05:30
spl_68b93ea6,exp_4bc5f70b,usr_d3b4799e,shares,1.1303,422.14,INR,settled,2026-07-22T10:00:00+05:30,2026-08-18T10:00:00+05:30
spl_a3195f15,exp_4bc5f70b,usr_9b002a1a,shares,2.0102,750.72,INR,settled,2026-07-29T10:00:00+05:30,2026-08-18T10:00:00+05:30
spl_e52890bc,exp_4bc5f70b,usr_fe54affe,shares,0.5404,201.83,INR,outstanding,,2026-08-18T10:00:00+05:30
spl_0e7823e6,exp_c544b19b,usr_949a215d,custom,0.5131,345.79,INR,settled,2026-07-01T10:00:00+05:30,2026-08-18T10:00:00+05:30
spl_5b7f2da9,exp_c544b19b,usr_72dfb712,custom,2.0981,1413.97,INR,settled,2026-07-16T10:00:00+05:30,2026-08-18T10:00:00+05:30
spl_dadff5b0,exp_c544b19b,usr_ce9ee3ae,custom,1.208,814.12,INR,outstanding,,2026-08-18T10:00:00+05:30
spl_6262ed81,exp_ce885740,usr_13fe39d3,equal,1,1229.32,INR,outstanding,,2026-08-18T10:00:00+05:30
spl_d7dfaf22,exp_888cc440,usr_4794cd34,percentage,1.4256,218.79,INR,settled,2026-07-01T10:00:00+05:30,2026-08-18T10:00:00+05:30
spl_09d1efe2,exp_888cc440,usr_e6dca418,percentage,1.5413,236.55,INR,outstanding,,2026-08-18T10:00:00+05:30
spl_10901f26,exp_bf6e4ba6,usr_fe54affe,equal,1,328.68,INR,settled,2026-07-20T10:00:00+05:30,2026-08-18T10:00:00+05:30
spl_7650b8aa,exp_bf6e4ba6,usr_693c20b9,equal,1,328.68,INR,settled,2026-06-30T10:00:00+05:30,2026-08-18T10:00:00+05:30
spl_8b7e06d1,exp_bf6e4ba6,usr_d3b4799e,equal,1,328.69,INR,outstanding,,2026-08-18T10:00:00+05:30
spl_fdff5253,exp_bf6e4ba6,usr_9b002a1a,equal,1,328.69,INR,outstanding,,2026-08-18T10:00:00+05:30
spl_f97d45aa,exp_8317f97b,usr_b2323a23,percentage,2.1162,9449.52,INR,outstanding,,2026-08-18T10:00:00+05:30
spl_4791b5c7,exp_19ffa388,usr_5b790166,custom,1.5649,204.78,BTN,outstanding,,2026-08-18T10:00:00+05:30
spl_425247db,exp_19ffa388,usr_6653b49e,custom,2.1099,276.11,BTN,settled,2026-07-22T10:00:00+05:30,2026-08-18T10:00:00+05:30
spl_5641af4d,exp_19ffa388,usr_a9e888d0,custom,1.4088,184.36,BTN,outstanding,,2026-08-18T10:00:00+05:30
spl_318f0ca5,exp_eb988299,usr_c659e4bf,shares,1.3862,280.45,INR,outstanding,,2026-08-18T10:00:00+05:30
spl_da6a6d7b,exp_4ff94cfb,usr_34d33978,equal,1,11118.86,NPR,outstanding,,2026-08-18T10:00:00+05:30
spl_568649e0,exp_fa3bd9af,usr_e0440f90,shares,0.7207,211.96,INR,written_off,,2026-08-18T10:00:00+05:30
spl_c459307a,exp_fa3bd9af,usr_b3f2baa1,shares,2.0796,611.63,INR,outstanding,,2026-08-18T10:00:00+05:30
spl_eaa9e713,exp_fa3bd9af,usr_7157baa6,shares,1.7917,526.97,INR,outstanding,,2026-08-18T10:00:00+05:30
spl_fc3210ae,exp_fa3bd9af,usr_c94b68cc,shares,1.1188,329.06,INR,outstanding,,2026-08-18T10:00:00+05:30
spl_56bea2d1,exp_1967c59b,usr_74ed32ff,equal,1,1769.14,INR,outstanding,,2026-08-18T10:00:00+05:30
spl_2b983c15,exp_2184e5ac,usr_6be041f5,equal,1,7526.95,INR,settled,2026-08-16T10:00:00+05:30,2026-08-18T10:00:00+05:30
spl_1463cd46,exp_d4abcae8,usr_5b31e64c,equal,1,9830.81,INR,settled,2026-07-14T10:00:00+05:30,2026-08-18T10:00:00+05:30
spl_52f239ce,exp_1ea92585,usr_8f32fd7a,custom,2.044,14317.10,LKR,settled,2026-08-05T10:00:00+05:30,2026-08-18T10:00:00+05:30
spl_74f38d5e,exp_7d1ac9d2,usr_57995796,percentage,0.8725,152.84,INR,settled,2026-07-01T10:00:00+05:30,2026-08-18T10:00:00+05:30
spl_c6b423c1,exp_7d1ac9d2,usr_3190040f,percentage,0.6193,108.50,INR,outstanding,,2026-08-18T10:00:00+05:30
spl_0ad9da7e,exp_7d1ac9d2,usr_f13873e9,percentage,0.7918,138.72,INR,outstanding,,2026-08-18T10:00:00+05:30
spl_b52a1bca,exp_7d1ac9d2,usr_f271c461,percentage,1.5001,262.81,INR,outstanding,,2026-08-18T10:00:00+05:30
spl_b5fc8fb0,exp_06437d24,usr_196ca537,equal,1,1470.15,INR,outstanding,,2026-08-18T10:00:00+05:30
spl_b2f19648,exp_06437d24,usr_48a9da2b,equal,1,1470.14,INR,outstanding,,2026-08-18T10:00:00+05:30
spl_7c0e5415,exp_06437d24,usr_9976417a,equal,1,1470.14,INR,settled,2026-07-09T10:00:00+05:30,2026-08-18T10:00:00+05:30
spl_824b492f,exp_9bf73437,usr_8ed02105,equal,1,140.05,INR,outstanding,,2026-08-18T10:00:00+05:30
spl_8ef5811f,exp_9bf73437,usr_02b3a36d,equal,1,140.05,INR,settled,2026-08-04T10:00:00+05:30,2026-08-18T10:00:00+05:30
spl_127e11b7,exp_7d27581e,usr_22e61dad,custom,1.8359,241.26,INR,settled,2026-06-25T10:00:00+05:30,2026-08-18T10:00:00+05:30
spl_5c8715c0,exp_7d27581e,usr_acbd09a0,custom,1,131.41,INR,outstanding,,2026-08-18T10:00:00+05:30
spl_dc566763,exp_7d27581e,usr_48f9bd76,custom,1.7909,235.34,INR,outstanding,,2026-08-18T10:00:00+05:30
spl_5b430518,exp_f91c9faf,usr_ab49979e,custom,0.965,501.31,INR,outstanding,,2026-08-18T10:00:00+05:30
spl_a3181b2e,exp_b1a91cf5,usr_17b45921,equal,1,51.55,AED,settled,2026-07-11T10:00:00+05:30,2026-08-18T10:00:00+05:30
spl_a75d989b,exp_5ace02a3,usr_ab44eb3e,custom,0.9396,107.78,INR,outstanding,,2026-08-18T10:00:00+05:30
spl_481d8b5e,exp_5ace02a3,usr_36284ca0,custom,1.1829,135.69,INR,settled,2026-08-01T10:00:00+05:30,2026-08-18T10:00:00+05:30
spl_6ec36fd6,exp_12211d6e,usr_d56927f7,equal,1,562.14,INR,settled,2026-07-09T10:00:00+05:30,2026-08-18T10:00:00+05:30
spl_63970bfe,exp_58dc2775,usr_ddfd9a4a,equal,1,2773.91,INR,settled,2026-07-13T10:00:00+05:30,2026-08-18T10:00:00+05:30
spl_a5e920ed,exp_e06eb729,usr_d59d0fa9,equal,1,4538.51,INR,outstanding,,2026-08-18T10:00:00+05:30
spl_5848cd00,exp_6db02fd6,usr_1cec1f14,equal,1,498.19,INR,outstanding,,2026-08-18T10:00:00+05:30
spl_2535e14c,exp_6db02fd6,usr_2a2841d1,equal,1,498.20,INR,settled,2026-06-24T10:00:00+05:30,2026-08-18T10:00:00+05:30
spl_8ba1ed7b,exp_ba23709f,usr_aaf1c470,equal,1,336.22,MVR,outstanding,,2026-08-18T10:00:00+05:30
spl_b774d81f,exp_7ca65bf5,usr_2aa556d6,equal,1,579.06,INR,settled,2026-08-07T10:00:00+05:30,2026-08-18T10:00:00+05:30
spl_7e37274f,exp_64a198eb,usr_d1c73fb8,equal,1,1504.71,INR,outstanding,,2026-08-18T10:00:00+05:30
spl_bd3711ca,exp_d7bb87e4,usr_e076a69d,percentage,2.0169,9083.40,INR,settled,2026-07-10T10:00:00+05:30,2026-08-18T10:00:00+05:30
spl_10326656,exp_6c5df4e6,usr_f50e2299,equal,1,2320.43,INR,settled,2026-07-17T10:00:00+05:30,2026-08-18T10:00:00+05:30
spl_36e9cfe1,exp_0a638dfb,usr_651a4d17,shares,0.5116,214.48,INR,settled,2026-07-15T10:00:00+05:30,2026-08-18T10:00:00+05:30
spl_0c1fb1ed,exp_0a638dfb,usr_62a77a41,shares,1.4892,624.33,INR,settled,2026-06-28T10:00:00+05:30,2026-08-18T10:00:00+05:30
spl_ebd9e112,exp_eafecb39,usr_72796feb,percentage,1.5193,169.99,THB,written_off,,2026-08-18T10:00:00+05:30
spl_d9ef2818,exp_eafecb39,usr_e6863416,percentage,1.3372,149.61,THB,outstanding,,2026-08-18T10:00:00+05:30
spl_38b52748,exp_eafecb39,usr_2162d6ff,percentage,0.7871,88.06,THB,outstanding,,2026-08-18T10:00:00+05:30
spl_9d3f2583,exp_eafecb39,usr_ce2e54f4,percentage,2.0045,224.27,THB,settled,2026-08-06T10:00:00+05:30,2026-08-18T10:00:00+05:30
spl_d0e8b523,exp_4d4f4684,usr_2e562f89,percentage,1.4974,1014.03,INR,settled,2026-06-27T10:00:00+05:30,2026-08-18T10:00:00+05:30
spl_fb118546,exp_4d4f4684,usr_0af476d1,percentage,1.3797,934.32,INR,outstanding,,2026-08-18T10:00:00+05:30
spl_576092ef,exp_af750aff,usr_d1506bce,custom,1.9254,25.57,MYR,settled,2026-07-23T10:00:00+05:30,2026-08-18T10:00:00+05:30
spl_40db188a,exp_af750aff,usr_b829ab46,custom,2.4325,32.31,MYR,settled,2026-06-26T10:00:00+05:30,2026-08-18T10:00:00+05:30
spl_28ff37df,exp_72065672,usr_d7bc2e8d,percentage,0.6436,1558.69,NPR,outstanding,,2026-08-18T10:00:00+05:30
spl_6c1e78ad,exp_72065672,usr_6d4dd52b,percentage,2.1683,5251.31,NPR,outstanding,,2026-08-18T10:00:00+05:30
spl_27309f59,exp_72065672,usr_e076a69d,percentage,0.5948,1440.57,NPR,outstanding,,2026-08-18T10:00:00+05:30
spl_f6dded18,exp_72065672,usr_c0926c78,percentage,2.1937,5312.92,NPR,settled,2026-07-02T10:00:00+05:30,2026-08-18T10:00:00+05:30
spl_efef6af7,exp_1b8a5b85,usr_e94f06ca,shares,2.4615,2215.50,INR,settled,2026-07-01T10:00:00+05:30,2026-08-18T10:00:00+05:30
spl_77fd46f1,exp_2d280483,usr_acb4c4ba,custom,1.2801,665.77,INR,settled,2026-08-17T10:00:00+05:30,2026-08-18T10:00:00+05:30
spl_b376aeee,exp_532b2db3,usr_d8024b62,percentage,2.1839,557.87,INR,outstanding,,2026-08-18T10:00:00+05:30
spl_6f9ec6c3,exp_f5e5cc65,usr_41431693,percentage,2.4323,6126.99,NPR,outstanding,,2026-08-18T10:00:00+05:30
spl_260d9be4,exp_13c535b7,usr_61ab0eaf,percentage,2.4812,9557.93,INR,outstanding,,2026-08-18T10:00:00+05:30
spl_a1ae01b4,exp_a252268a,usr_55a04c8d,equal,1,1633.42,INR,settled,2026-07-08T10:00:00+05:30,2026-08-18T10:00:00+05:30
spl_4fb583bd,exp_a252268a,usr_76c235d5,equal,1,1633.42,INR,outstanding,,2026-08-18T10:00:00+05:30
spl_0a0c16f1,exp_36ec7b4d,usr_52257a0a,equal,1,317.64,INR,settled,2026-07-12T10:00:00+05:30,2026-08-18T10:00:00+05:30
spl_c5c6d0eb,exp_36ec7b4d,usr_5a747250,equal,1,317.65,INR,outstanding,,2026-08-18T10:00:00+05:30
spl_dd39e94d,exp_36ec7b4d,usr_9473419d,equal,1,317.65,INR,outstanding,,2026-08-18T10:00:00+05:30
spl_40278daf,exp_36ec7b4d,usr_56e18e71,equal,1,317.65,INR,outstanding,,2026-08-18T10:00:00+05:30
spl_304845ad,exp_9c40bd5d,usr_fd8f7b49,equal,1,108.70,INR,settled,2026-06-23T10:00:00+05:30,2026-08-18T10:00:00+05:30
spl_bb843657,exp_9c40bd5d,usr_045378e4,equal,1,108.71,INR,outstanding,,2026-08-18T10:00:00+05:30
spl_8c9e42dc,exp_9c40bd5d,usr_6498a0a8,equal,1,108.71,INR,outstanding,,2026-08-18T10:00:00+05:30
spl_0840e453,exp_47c1f13b,usr_4b9412c5,custom,1.0426,741.64,INR,outstanding,,2026-08-18T10:00:00+05:30
spl_1453d452,exp_35b59cd0,usr_525b1d3c,equal,1,1505.96,INR,outstanding,,2026-08-18T10:00:00+05:30
spl_d8e9543b,exp_854e4e36,usr_2da5bb04,percentage,1.1115,885.62,INR,settled,2026-08-11T10:00:00+05:30,2026-08-18T10:00:00+05:30
spl_94febf0d,exp_854e4e36,usr_2b053270,percentage,1.2067,961.44,INR,settled,2026-06-20T10:00:00+05:30,2026-08-18T10:00:00+05:30
spl_b08f7c31,exp_79b00f46,usr_de458aa5,equal,1,60.48,MYR,outstanding,,2026-08-18T10:00:00+05:30
spl_a61c0768,exp_79b00f46,usr_d1506bce,equal,1,60.49,MYR,outstanding,,2026-08-18T10:00:00+05:30
spl_fed811f3,exp_af6adf9d,usr_7f6d27fe,equal,1,607.36,INR,outstanding,,2026-08-18T10:00:00+05:30
spl_596b6f93,exp_bab90e10,usr_96740172,equal,1,1969.85,INR,settled,2026-06-30T10:00:00+05:30,2026-08-18T10:00:00+05:30
spl_2288422d,exp_bab90e10,usr_50bcfb30,equal,1,1969.86,INR,outstanding,,2026-08-18T10:00:00+05:30
spl_11026e00,exp_bab90e10,usr_4420259c,equal,1,1969.86,INR,outstanding,,2026-08-18T10:00:00+05:30
spl_d2b509ba,exp_d5407957,usr_5dec704e,equal,1,887.40,INR,settled,2026-07-10T10:00:00+05:30,2026-08-18T10:00:00+05:30
spl_f562efd6,exp_3b8f8bf6,usr_6c3fae7b,percentage,1.424,572.37,INR,outstanding,,2026-08-18T10:00:00+05:30
spl_b0cd61dc,exp_3b8f8bf6,usr_2740f754,percentage,0.7829,314.69,INR,outstanding,,2026-08-18T10:00:00+05:30
spl_b9d7ab10,exp_4cdbd2b3,usr_35d340e3,equal,1,1720.35,INR,outstanding,,2026-08-18T10:00:00+05:30
spl_8f4ec6d5,exp_4cdbd2b3,usr_52de2228,equal,1,1720.35,INR,outstanding,,2026-08-18T10:00:00+05:30
spl_4edd6ba9,exp_7a846fd0,usr_63531f2d,percentage,2.0368,420.18,INR,settled,2026-06-26T10:00:00+05:30,2026-08-18T10:00:00+05:30
spl_60689b26,exp_7a846fd0,usr_51983e08,percentage,2.245,463.12,INR,settled,2026-08-16T10:00:00+05:30,2026-08-18T10:00:00+05:30
spl_c9fc5b05,exp_e1f23508,usr_7a1346e6,equal,1,269.70,INR,outstanding,,2026-08-18T10:00:00+05:30
spl_bbc045e6,exp_e1f23508,usr_1f3d6d92,equal,1,269.70,INR,settled,2026-07-31T10:00:00+05:30,2026-08-18T10:00:00+05:30
spl_6d14bf3a,exp_e1f23508,usr_3ee2992a,equal,1,269.71,INR,outstanding,,2026-08-18T10:00:00+05:30
spl_cc8c81af,exp_e1f23508,usr_abb36fee,equal,1,269.71,INR,outstanding,,2026-08-18T10:00:00+05:30
spl_38f11374,exp_da1aa4a6,usr_8f32fd7a,percentage,0.9013,445.74,INR,outstanding,,2026-08-18T10:00:00+05:30
spl_7aa6bdc0,exp_cc9c0803,usr_67de0711,shares,1.619,750.54,INR,outstanding,,2026-08-18T10:00:00+05:30
spl_a48d5899,exp_5fd4c98e,usr_34e42e87,equal,1,277.32,JPY,outstanding,,2026-08-18T10:00:00+05:30
spl_bde86215,exp_5fd4c98e,usr_4d8f3b3a,equal,1,277.33,JPY,outstanding,,2026-08-18T10:00:00+05:30
spl_bffbf558,exp_5fd4c98e,usr_fecd2601,equal,1,277.33,JPY,outstanding,,2026-08-18T10:00:00+05:30
spl_4f055bfa,exp_8abee71e,usr_6c3fae7b,percentage,0.502,436.59,INR,outstanding,,2026-08-18T10:00:00+05:30
spl_36e08034,exp_8abee71e,usr_2740f754,percentage,1.9314,1679.76,INR,outstanding,,2026-08-18T10:00:00+05:30
spl_76d6ea4e,exp_21f38a0a,usr_3393c7a2,equal,1,18.86,MVR,settled,2026-08-01T10:00:00+05:30,2026-08-18T10:00:00+05:30
spl_f4b86607,exp_21f38a0a,usr_268fdb85,equal,1,18.86,MVR,outstanding,,2026-08-18T10:00:00+05:30
spl_9bd4ee88,exp_21f38a0a,usr_b50df034,equal,1,18.86,MVR,outstanding,,2026-08-18T10:00:00+05:30
spl_a61481c4,exp_21f38a0a,usr_72796feb,equal,1,18.86,MVR,settled,2026-08-13T10:00:00+05:30,2026-08-18T10:00:00+05:30
spl_7ff30ec5,exp_45aa24f4,usr_ce38459a,equal,1,646.25,INR,settled,2026-08-14T10:00:00+05:30,2026-08-18T10:00:00+05:30
spl_a9ee4b95,exp_6b5d0e41,usr_6be041f5,equal,1,305.04,BTN,outstanding,,2026-08-18T10:00:00+05:30
spl_64a3ea93,exp_6b5d0e41,usr_14c698db,equal,1,305.04,BTN,settled,2026-07-11T10:00:00+05:30,2026-08-18T10:00:00+05:30
spl_24eccb23,exp_6b5d0e41,usr_20ea4b19,equal,1,305.04,BTN,outstanding,,2026-08-18T10:00:00+05:30
spl_183d096c,exp_1bb06fb6,usr_2de68d4f,equal,1,680.23,INR,outstanding,,2026-08-18T10:00:00+05:30
spl_f60cab97,exp_19cf69ae,usr_2433031a,custom,1.3834,3193.29,NPR,outstanding,,2026-08-18T10:00:00+05:30
spl_2bbf40fd,exp_19cf69ae,usr_508f15f0,custom,2.1059,4860.88,NPR,outstanding,,2026-08-18T10:00:00+05:30
spl_284a5462,exp_8fb7c473,usr_c41a26c3,shares,2.3379,344869.04,IDR,outstanding,,2026-08-18T10:00:00+05:30
spl_5003534f,exp_8fb7c473,usr_1dd8f348,shares,2.301,339429.29,IDR,settled,2026-08-14T10:00:00+05:30,2026-08-18T10:00:00+05:30
spl_07b35684,exp_8fb7c473,usr_454b4262,shares,0.996,146924.79,IDR,outstanding,,2026-08-18T10:00:00+05:30
spl_f039242e,exp_8fb7c473,usr_da6b9625,shares,0.7902,116568.85,IDR,written_off,,2026-08-18T10:00:00+05:30
spl_3302e001,exp_e530d43e,usr_44ec53b5,custom,0.5858,468.07,INR,outstanding,,2026-08-18T10:00:00+05:30
spl_abea339e,exp_e530d43e,usr_fcd9bdf6,custom,2.4521,1959.14,INR,outstanding,,2026-08-18T10:00:00+05:30
spl_178ddfa6,exp_e530d43e,usr_62b3f8b8,custom,2.0814,1662.92,INR,outstanding,,2026-08-18T10:00:00+05:30
spl_d28d917c,exp_4a6ef00c,usr_4d83499f,equal,1,721.46,INR,settled,2026-08-01T10:00:00+05:30,2026-08-18T10:00:00+05:30
spl_6e58ac87,exp_4a6ef00c,usr_b829ab46,equal,1,721.46,INR,settled,2026-06-28T10:00:00+05:30,2026-08-18T10:00:00+05:30
spl_8ad71ee5,exp_721c2777,usr_df88839b,custom,1.6059,642.53,INR,outstanding,,2026-08-18T10:00:00+05:30
spl_9471de03,exp_721c2777,usr_7b4006b0,custom,1.5067,602.81,INR,settled,2026-06-30T10:00:00+05:30,2026-08-18T10:00:00+05:30
spl_34611ea2,exp_721c2777,usr_580034a3,custom,2.3603,944.35,INR,outstanding,,2026-08-18T10:00:00+05:30
spl_835c6cd1,exp_721c2777,usr_2de68d4f,custom,1.0314,412.67,INR,settled,2026-06-22T10:00:00+05:30,2026-08-18T10:00:00+05:30
spl_93a30ef4,exp_0c1be193,usr_5bfe40e4,percentage,1.8448,525.74,INR,outstanding,,2026-08-18T10:00:00+05:30
spl_a3459465,exp_0c1be193,usr_265423cc,percentage,1.4852,423.28,INR,outstanding,,2026-08-18T10:00:00+05:30
spl_4446db68,exp_101c54da,usr_ddcb196c,percentage,1.2048,1522.49,JPY,outstanding,,2026-08-18T10:00:00+05:30
spl_b0e8ce99,exp_101c54da,usr_0ecee4ac,percentage,2.3249,2937.93,JPY,outstanding,,2026-08-18T10:00:00+05:30
spl_9ef7bb96,exp_dda93bd9,usr_b829ab46,custom,1.9408,5704.01,INR,settled,2026-07-23T10:00:00+05:30,2026-08-18T10:00:00+05:30
spl_cc6cf077,exp_86932f1b,usr_25c3664e,equal,1,1704.81,INR,settled,2026-07-29T10:00:00+05:30,2026-08-18T10:00:00+05:30
spl_9eddb027,exp_86932f1b,usr_2bd5e70b,equal,1,1704.82,INR,settled,2026-07-08T10:00:00+05:30,2026-08-18T10:00:00+05:30
spl_1f8bd3e9,exp_86932f1b,usr_1805266d,equal,1,1704.82,INR,outstanding,,2026-08-18T10:00:00+05:30
spl_5968cb7d,exp_86932f1b,usr_a8caec17,equal,1,1704.82,INR,settled,2026-07-15T10:00:00+05:30,2026-08-18T10:00:00+05:30
spl_2ee12511,exp_61e7a0b4,usr_13d8f6bd,equal,1,339.78,INR,outstanding,,2026-08-18T10:00:00+05:30
spl_416ad599,exp_61e7a0b4,usr_2808d36a,equal,1,339.78,INR,outstanding,,2026-08-18T10:00:00+05:30
spl_89f8b013,exp_7c2dbac7,usr_492b38ba,shares,1.017,1029.47,INR,outstanding,,2026-08-18T10:00:00+05:30
spl_072f9f8b,exp_7c2dbac7,usr_3127972d,shares,1.0464,1059.30,INR,outstanding,,2026-08-18T10:00:00+05:30
spl_642705cf,exp_91459f87,usr_240785d4,equal,1,2711.52,INR,settled,2026-07-26T10:00:00+05:30,2026-08-18T10:00:00+05:30
spl_37375058,exp_6e5c2555,usr_4794174d,shares,2.099,998.38,INR,settled,2026-06-25T10:00:00+05:30,2026-08-18T10:00:00+05:30
spl_598a64f0,exp_c146f5d2,usr_0af476d1,equal,1,101.52,INR,settled,2026-07-16T10:00:00+05:30,2026-08-18T10:00:00+05:30
spl_229f12fd,exp_c146f5d2,usr_160064ff,equal,1,101.52,INR,outstanding,,2026-08-18T10:00:00+05:30
spl_df84a1b0,exp_c146f5d2,usr_9e6dc4d3,equal,1,101.52,INR,outstanding,,2026-08-18T10:00:00+05:30
spl_cd86dfa4,exp_9b754ceb,usr_63d6db20,custom,0.728,1430.40,INR,settled,2026-07-19T10:00:00+05:30,2026-08-18T10:00:00+05:30
spl_8c66e935,exp_abb4b825,usr_f855344d,equal,1,3908.57,INR,outstanding,,2026-08-18T10:00:00+05:30
spl_757d5d41,exp_8317ce9f,usr_d1a44892,equal,1,17.09,MYR,outstanding,,2026-08-18T10:00:00+05:30
spl_ec44e227,exp_c8ef5c92,usr_bc67142c,equal,1,840.87,INR,outstanding,,2026-08-18T10:00:00+05:30
spl_be758224,exp_c8ef5c92,usr_ee5c9717,equal,1,840.87,INR,outstanding,,2026-08-18T10:00:00+05:30
spl_18983097,exp_c8ef5c92,usr_4efab0b7,equal,1,840.87,INR,outstanding,,2026-08-18T10:00:00+05:30
spl_68956b9c,exp_617b2f63,usr_9181bfe3,custom,1.8815,1749.09,INR,settled,2026-08-13T10:00:00+05:30,2026-08-18T10:00:00+05:30
spl_21d23bcc,exp_90e5ce84,usr_2da5bb04,custom,2.1935,1404.57,INR,outstanding,,2026-08-18T10:00:00+05:30
spl_6093520b,exp_90e5ce84,usr_2b053270,custom,1.7117,1096.09,INR,outstanding,,2026-08-18T10:00:00+05:30
spl_7eedffdb,exp_9015fe71,usr_651a4d17,equal,1,451.33,INR,outstanding,,2026-08-18T10:00:00+05:30
spl_1df1471b,exp_9015fe71,usr_62a77a41,equal,1,451.34,INR,settled,2026-06-22T10:00:00+05:30,2026-08-18T10:00:00+05:30
spl_ff9bcbec,exp_7da4abbb,usr_5bbebfef,custom,1.2388,160.05,MVR,settled,2026-08-04T10:00:00+05:30,2026-08-18T10:00:00+05:30
spl_5e39eb0b,exp_10fb84ff,usr_de5d9e34,equal,1,3069.30,NPR,outstanding,,2026-08-18T10:00:00+05:30
spl_2980c362,exp_ab2d24ee,usr_9181bfe3,custom,2.0925,371.32,AED,settled,2026-07-08T10:00:00+05:30,2026-08-18T10:00:00+05:30
spl_0a83e3b6,exp_67d8f2aa,usr_8eb4e3e7,equal,1,2183.80,INR,outstanding,,2026-08-18T10:00:00+05:30
spl_e36c211f,exp_67d8f2aa,usr_42dc4da4,equal,1,2183.80,INR,outstanding,,2026-08-18T10:00:00+05:30
spl_3822423b,exp_962fde7e,usr_68f38693,equal,1,366.12,INR,settled,2026-07-04T10:00:00+05:30,2026-08-18T10:00:00+05:30
spl_3ff6cc8b,exp_962fde7e,usr_63d19d4c,equal,1,366.12,INR,outstanding,,2026-08-18T10:00:00+05:30
spl_a42fdeb1,exp_962fde7e,usr_f48b4353,equal,1,366.13,INR,outstanding,,2026-08-18T10:00:00+05:30
spl_165463d2,exp_962fde7e,usr_2136e1fa,equal,1,366.13,INR,settled,2026-07-10T10:00:00+05:30,2026-08-18T10:00:00+05:30
spl_fb5b7a2d,exp_1b9c0911,usr_b1a4b433,equal,1,2032.35,INR,outstanding,,2026-08-18T10:00:00+05:30
spl_ab22beca,exp_80bb9104,usr_acbd09a0,equal,1,270.57,THB,outstanding,,2026-08-18T10:00:00+05:30
spl_b406f461,exp_80bb9104,usr_20ea4b19,equal,1,270.58,THB,settled,2026-06-30T10:00:00+05:30,2026-08-18T10:00:00+05:30
spl_1501c130,exp_22bced7c,usr_dce3bc90,percentage,0.5988,1262.92,INR,written_off,,2026-08-18T10:00:00+05:30
spl_5a5a38f8,exp_bf2b41a2,usr_f50e2299,custom,1.5253,31422.38,LKR,settled,2026-08-05T10:00:00+05:30,2026-08-18T10:00:00+05:30
spl_254a9702,exp_7c9b2f0f,usr_7f9533ad,equal,1,140.31,INR,outstanding,,2026-08-18T10:00:00+05:30
spl_99380162,exp_7c9b2f0f,usr_749f5098,equal,1,140.32,INR,settled,2026-06-27T10:00:00+05:30,2026-08-18T10:00:00+05:30
spl_85c95f04,exp_7c9b2f0f,usr_7fa0a9c6,equal,1,140.32,INR,settled,2026-06-26T10:00:00+05:30,2026-08-18T10:00:00+05:30
spl_3e71e29d,exp_3b99ab93,usr_1dd8f348,shares,1.6316,153157.21,IDR,settled,2026-07-25T10:00:00+05:30,2026-08-18T10:00:00+05:30
spl_be69a985,exp_d51d2324,usr_1b4fe68e,custom,1.9288,430.99,AED,outstanding,,2026-08-18T10:00:00+05:30
spl_7a41b7d5,exp_dc7e231f,usr_c426b4e1,custom,2.2951,268.74,THB,settled,2026-08-08T10:00:00+05:30,2026-08-18T10:00:00+05:30
spl_5127ae02,exp_f331a953,usr_1f0f9af9,equal,1,309.60,INR,settled,2026-07-02T10:00:00+05:30,2026-08-18T10:00:00+05:30
spl_78bf7437,exp_f331a953,usr_228f37bd,equal,1,309.61,INR,outstanding,,2026-08-18T10:00:00+05:30
spl_2b31e271,exp_feffd42e,usr_520d9624,custom,1.1478,2266.53,INR,outstanding,,2026-08-18T10:00:00+05:30
spl_9b9dae3b,exp_feffd42e,usr_053e7434,custom,0.5925,1169.89,INR,outstanding,,2026-08-18T10:00:00+05:30
spl_2f8c2709,exp_ad6e6b2f,usr_b829ab46,percentage,1.8857,152999.07,IDR,outstanding,,2026-08-18T10:00:00+05:30
spl_132e1c48,exp_3700364c,usr_e076a69d,equal,1,593.84,INR,outstanding,,2026-08-18T10:00:00+05:30
spl_ec72ef46,exp_1c8074b4,usr_c010ce3c,custom,0.8637,1873.35,INR,settled,2026-08-05T10:00:00+05:30,2026-08-18T10:00:00+05:30
spl_9e408bb3,exp_f3038bc4,usr_e4f15778,equal,1,943.88,NPR,settled,2026-08-12T10:00:00+05:30,2026-08-18T10:00:00+05:30
spl_542397fb,exp_eb26a8cd,usr_e94f06ca,custom,0.9583,269.88,AED,settled,2026-07-10T10:00:00+05:30,2026-08-18T10:00:00+05:30
spl_fb4e1287,exp_38214feb,usr_b50df034,percentage,1.0715,1264.10,INR,settled,2026-06-21T10:00:00+05:30,2026-08-18T10:00:00+05:30
spl_cf04a570,exp_58066595,usr_76c235d5,percentage,2.3575,2527.03,INR,settled,2026-06-27T10:00:00+05:30,2026-08-18T10:00:00+05:30
spl_f3324e9d,exp_425df6a4,usr_424fbf1a,equal,1,243.83,THB,outstanding,,2026-08-18T10:00:00+05:30
spl_73503542,exp_425df6a4,usr_bc4a9809,equal,1,243.84,THB,outstanding,,2026-08-18T10:00:00+05:30
spl_4baba860,exp_20dfb825,usr_25e8a118,equal,1,217.04,THB,outstanding,,2026-08-18T10:00:00+05:30
spl_94d778ce,exp_117caa33,usr_5f22c672,equal,1,195.68,THB,settled,2026-08-17T10:00:00+05:30,2026-08-18T10:00:00+05:30
spl_f1b38c13,exp_117caa33,usr_5d8450f0,equal,1,195.69,THB,outstanding,,2026-08-18T10:00:00+05:30
spl_5c191f8e,exp_77969a4a,usr_1cfaf7a0,shares,1.5112,2505.11,NPR,settled,2026-07-19T10:00:00+05:30,2026-08-18T10:00:00+05:30
spl_7c69a07f,exp_75ed0a2a,usr_54e4f5fd,equal,1,1751.78,INR,outstanding,,2026-08-18T10:00:00+05:30
spl_97878647,exp_cd99d21e,usr_b3f2baa1,equal,1,1350.77,MVR,outstanding,,2026-08-18T10:00:00+05:30
spl_b951a4e5,exp_aca08fea,usr_0deee6d9,equal,1,4.05,CHF,outstanding,,2026-08-18T10:00:00+05:30
spl_3798d2b5,exp_aca08fea,usr_7f26d855,equal,1,4.05,CHF,outstanding,,2026-08-18T10:00:00+05:30
spl_7b7efa86,exp_aca08fea,usr_0f63f4f1,equal,1,4.05,CHF,outstanding,,2026-08-18T10:00:00+05:30
spl_28a8c650,exp_aca08fea,usr_7d446287,equal,1,4.05,CHF,outstanding,,2026-08-18T10:00:00+05:30
spl_7ec77c96,exp_517850bf,usr_1b4fe68e,custom,1.0935,15706.25,LKR,outstanding,,2026-08-18T10:00:00+05:30
spl_33865f90,exp_3e2ef9b0,usr_bc8d5d3b,custom,1.7157,3523.16,INR,outstanding,,2026-08-18T10:00:00+05:30
spl_bd62dbb6,exp_3e2ef9b0,usr_c659e4bf,custom,0.8955,1838.98,INR,outstanding,,2026-08-18T10:00:00+05:30
spl_e801caa5,exp_092488dd,usr_32f091df,shares,0.9759,847.40,INR,settled,2026-07-22T10:00:00+05:30,2026-08-18T10:00:00+05:30
spl_665967bb,exp_9d74e70b,usr_e7b2dd09,equal,1,2802.61,INR,settled,2026-07-01T10:00:00+05:30,2026-08-18T10:00:00+05:30
spl_80f2ed67,exp_b8c4bbc8,usr_893bfbd9,equal,1,20.70,QAR,settled,2026-06-23T10:00:00+05:30,2026-08-18T10:00:00+05:30
spl_d5de79f7,exp_b8c4bbc8,usr_aacb82b1,equal,1,20.70,QAR,settled,2026-06-27T10:00:00+05:30,2026-08-18T10:00:00+05:30
spl_aac80bbd,exp_8473eb1f,usr_c61e810b,equal,1,3419.07,LKR,settled,2026-07-08T10:00:00+05:30,2026-08-18T10:00:00+05:30
spl_662d3bb5,exp_8473eb1f,usr_b0226153,equal,1,3419.06,LKR,settled,2026-07-04T10:00:00+05:30,2026-08-18T10:00:00+05:30
spl_fd253251,exp_8473eb1f,usr_db37359e,equal,1,3419.06,LKR,outstanding,,2026-08-18T10:00:00+05:30
spl_29a235b7,exp_ce219338,usr_be4ecc52,equal,1,726.01,INR,outstanding,,2026-08-18T10:00:00+05:30
spl_6793f718,exp_599d21bf,usr_ddcb196c,custom,1.2561,1876.39,INR,outstanding,,2026-08-18T10:00:00+05:30
spl_4cf8e74f,exp_65089d62,usr_ab49979e,shares,1.346,666.54,INR,settled,2026-06-29T10:00:00+05:30,2026-08-18T10:00:00+05:30
spl_fbb2d80d,exp_d7e2a63e,usr_dabbaf95,percentage,1.6453,477.97,INR,outstanding,,2026-08-18T10:00:00+05:30
spl_5d20ca10,exp_d7e2a63e,usr_a386ca28,percentage,2.4768,719.53,INR,outstanding,,2026-08-18T10:00:00+05:30
spl_79dc4bc9,exp_d7e2a63e,usr_32a5a217,percentage,0.5061,147.03,INR,settled,2026-07-15T10:00:00+05:30,2026-08-18T10:00:00+05:30
spl_2943c326,exp_c158e6a9,usr_ddfa0cd0,equal,1,1327.06,LKR,settled,2026-06-29T10:00:00+05:30,2026-08-18T10:00:00+05:30
spl_e3566ce0,exp_62339775,usr_c538bbe8,custom,0.712,1002.91,INR,settled,2026-08-14T10:00:00+05:30,2026-08-18T10:00:00+05:30
spl_a43cc92d,exp_3443a171,usr_dce3bc90,equal,1,4357.19,INR,outstanding,,2026-08-18T10:00:00+05:30
spl_63a9c606,exp_65eaf007,usr_81dbf021,equal,1,1072.87,THB,settled,2026-06-24T10:00:00+05:30,2026-08-18T10:00:00+05:30
spl_2154444f,exp_65eaf007,usr_65b43f7e,equal,1,1072.88,THB,outstanding,,2026-08-18T10:00:00+05:30
spl_bbbd9f11,exp_dbf3d54d,usr_46091d13,equal,1,317.84,INR,outstanding,,2026-08-18T10:00:00+05:30
spl_09d4559c,exp_dbf3d54d,usr_dace411a,equal,1,317.84,INR,outstanding,,2026-08-18T10:00:00+05:30
spl_994d6860,exp_dbf3d54d,usr_b4a877b0,equal,1,317.84,INR,outstanding,,2026-08-18T10:00:00+05:30
spl_36146751,exp_dbf3d54d,usr_96e3c90b,equal,1,317.84,INR,outstanding,,2026-08-18T10:00:00+05:30
spl_536789d1,exp_e81dcc54,usr_91afdeed,equal,1,449.54,INR,outstanding,,2026-08-18T10:00:00+05:30
spl_fbff3833,exp_e81dcc54,usr_bf89afd1,equal,1,449.54,INR,outstanding,,2026-08-18T10:00:00+05:30
spl_8c2827de,exp_e81dcc54,usr_671138ff,equal,1,449.54,INR,outstanding,,2026-08-18T10:00:00+05:30
spl_49587a33,exp_4d670838,usr_5c20b1bf,equal,1,1249.95,INR,outstanding,,2026-08-18T10:00:00+05:30
spl_97cda5ff,exp_da29ce0b,usr_50bced56,custom,0.5769,134.52,INR,outstanding,,2026-08-18T10:00:00+05:30
spl_46264c9c,exp_da29ce0b,usr_5d8450f0,custom,0.8001,186.57,INR,outstanding,,2026-08-18T10:00:00+05:30
spl_453c4c71,exp_da29ce0b,usr_1f3d6d92,custom,1.3133,306.25,INR,outstanding,,2026-08-18T10:00:00+05:30
spl_d3b6deae,exp_de40a469,usr_8eb4e3e7,equal,1,1008.63,THB,settled,2026-07-28T10:00:00+05:30,2026-08-18T10:00:00+05:30
spl_095a140b,exp_ef2ca4a1,usr_f52d271a,equal,1,1290.06,INR,settled,2026-07-27T10:00:00+05:30,2026-08-18T10:00:00+05:30
spl_e935e867,exp_ef2ca4a1,usr_05fc06c6,equal,1,1290.07,INR,settled,2026-06-20T10:00:00+05:30,2026-08-18T10:00:00+05:30
spl_2106108f,exp_d2157eb1,usr_54e4f5fd,equal,1,360.53,INR,outstanding,,2026-08-18T10:00:00+05:30
spl_996feb13,exp_ba13c7e6,usr_5dec704e,equal,1,576.64,INR,outstanding,,2026-08-18T10:00:00+05:30
spl_06835b0e,exp_f6d16b2c,usr_ab44eb3e,equal,1,483.78,INR,outstanding,,2026-08-18T10:00:00+05:30
spl_6c3e52de,exp_f6d16b2c,usr_6a108f4e,equal,1,483.79,INR,outstanding,,2026-08-18T10:00:00+05:30
spl_e21cb76a,exp_f6d16b2c,usr_beed67f9,equal,1,483.79,INR,outstanding,,2026-08-18T10:00:00+05:30
spl_fb0b2d66,exp_03d25932,usr_76c235d5,custom,1.4734,1142.17,INR,outstanding,,2026-08-18T10:00:00+05:30
spl_22cd77bc,exp_af85bd7b,usr_e94f06ca,shares,1.8258,9705.44,INR,settled,2026-07-18T10:00:00+05:30,2026-08-18T10:00:00+05:30
spl_c428e6e1,exp_a1dcba28,usr_8e89346c,custom,1.3286,6015.10,LKR,outstanding,,2026-08-18T10:00:00+05:30
spl_3e74bc84,exp_8a8ac569,usr_cb0928ac,shares,1.1613,9.84,AED,settled,2026-06-25T10:00:00+05:30,2026-08-18T10:00:00+05:30
spl_3069c399,exp_8a8ac569,usr_4794174d,shares,1.7194,14.56,AED,outstanding,,2026-08-18T10:00:00+05:30
spl_85bb7a7f,exp_8a8ac569,usr_f3d35bfe,shares,2.2237,18.83,AED,outstanding,,2026-08-18T10:00:00+05:30
spl_7fcc1566,exp_984b8d5f,usr_5385053d,custom,1.7078,1037.38,INR,outstanding,,2026-08-18T10:00:00+05:30
spl_bda3eb1b,exp_daf9136d,usr_569f1f22,shares,1.0204,25.43,INR,settled,2026-07-19T10:00:00+05:30,2026-08-18T10:00:00+05:30
spl_160c6984,exp_daf9136d,usr_aefdae86,shares,0.6985,17.40,INR,settled,2026-07-21T10:00:00+05:30,2026-08-18T10:00:00+05:30
spl_5a3d5854,exp_daf9136d,usr_1ef037a0,shares,1.4671,36.56,INR,outstanding,,2026-08-18T10:00:00+05:30
spl_51a6f05b,exp_daf9136d,usr_60c3a39a,shares,2.0269,50.50,INR,settled,2026-07-22T10:00:00+05:30,2026-08-18T10:00:00+05:30
spl_656c5328,exp_d893fc49,usr_f52d271a,equal,1,476.59,INR,outstanding,,2026-08-18T10:00:00+05:30
spl_fab254a7,exp_d893fc49,usr_05fc06c6,equal,1,476.59,INR,settled,2026-08-03T10:00:00+05:30,2026-08-18T10:00:00+05:30
spl_4cadf96c,exp_1321db4a,usr_0dc99bd5,custom,2.0516,410.57,INR,outstanding,,2026-08-18T10:00:00+05:30
spl_bf102c91,exp_d6356326,usr_e1d938d9,custom,1.4562,2148.14,INR,settled,2026-06-22T10:00:00+05:30,2026-08-18T10:00:00+05:30
spl_01fa14dc,exp_f8b1e338,usr_969a0636,equal,1,753.20,INR,settled,2026-07-10T10:00:00+05:30,2026-08-18T10:00:00+05:30
spl_2c202302,exp_f8b1e338,usr_0e3a6945,equal,1,753.20,INR,settled,2026-07-15T10:00:00+05:30,2026-08-18T10:00:00+05:30
spl_bedf4dce,exp_2ac739bc,usr_49c29e32,equal,1,492.57,LKR,written_off,,2026-08-18T10:00:00+05:30
spl_cabe5065,exp_2ac739bc,usr_2209582f,equal,1,492.57,LKR,outstanding,,2026-08-18T10:00:00+05:30
spl_97f32b1e,exp_2ac739bc,usr_4e0c977f,equal,1,492.58,LKR,outstanding,,2026-08-18T10:00:00+05:30
spl_353be504,exp_2ac739bc,usr_e10845c8,equal,1,492.58,LKR,settled,2026-07-17T10:00:00+05:30,2026-08-18T10:00:00+05:30
spl_ed60e361,exp_9b219ff1,usr_8f32fd7a,custom,2.2692,1544.41,INR,settled,2026-08-09T10:00:00+05:30,2026-08-18T10:00:00+05:30
spl_6fa98acc,exp_f34dd13d,usr_5307f01f,equal,1,283.42,INR,settled,2026-06-28T10:00:00+05:30,2026-08-18T10:00:00+05:30
spl_2e1a84fc,exp_f34dd13d,usr_0e9166f0,equal,1,283.43,INR,settled,2026-08-06T10:00:00+05:30,2026-08-18T10:00:00+05:30
spl_d4e5cb3c,exp_f34dd13d,usr_4a53ac63,equal,1,283.43,INR,outstanding,,2026-08-18T10:00:00+05:30
spl_2d2a78bf,exp_e0e459b9,usr_7faf6134,percentage,2.0009,1067.48,INR,outstanding,,2026-08-18T10:00:00+05:30
spl_c58d82ab,exp_e0e459b9,usr_d1a44892,percentage,1.7362,926.27,INR,outstanding,,2026-08-18T10:00:00+05:30
spl_6c5f44f3,exp_c72c4915,usr_c94b68cc,equal,1,1192.96,INR,outstanding,,2026-08-18T10:00:00+05:30
spl_142bfe85,exp_c72c4915,usr_76043d79,equal,1,1192.97,INR,outstanding,,2026-08-18T10:00:00+05:30
spl_ea022f77,exp_c72c4915,usr_d8ec0000,equal,1,1192.97,INR,outstanding,,2026-08-18T10:00:00+05:30
spl_18d2e675,exp_c72c4915,usr_b3f2baa1,equal,1,1192.97,INR,outstanding,,2026-08-18T10:00:00+05:30
spl_392f301e,exp_47e6baa0,usr_18b5561e,custom,1.0019,365.47,INR,settled,2026-08-03T10:00:00+05:30,2026-08-18T10:00:00+05:30
spl_de9bc9ed,exp_47e6baa0,usr_de0e4344,custom,1.9693,718.34,INR,settled,2026-08-03T10:00:00+05:30,2026-08-18T10:00:00+05:30
spl_e49201e2,exp_47e6baa0,usr_9115fc7c,custom,1.5494,565.18,INR,settled,2026-08-14T10:00:00+05:30,2026-08-18T10:00:00+05:30
spl_cc627ca7,exp_47e6baa0,usr_51247360,custom,0.8921,325.41,INR,settled,2026-07-08T10:00:00+05:30,2026-08-18T10:00:00+05:30
spl_20b64b9f,exp_a790fd91,usr_f96768fc,percentage,1.8553,72.27,INR,outstanding,,2026-08-18T10:00:00+05:30
spl_793269d7,exp_a790fd91,usr_b831f448,percentage,0.9848,38.36,INR,settled,2026-07-25T10:00:00+05:30,2026-08-18T10:00:00+05:30
spl_9fc58370,exp_a790fd91,usr_78afc45f,percentage,2.1399,83.36,INR,outstanding,,2026-08-18T10:00:00+05:30
spl_4a531eb5,exp_a790fd91,usr_fa3a9dd6,percentage,2.1585,84.08,INR,settled,2026-08-07T10:00:00+05:30,2026-08-18T10:00:00+05:30
spl_7500e7d5,exp_04fd26ea,usr_61710d50,shares,1.8424,459.90,INR,outstanding,,2026-08-18T10:00:00+05:30
spl_0cbb9884,exp_04fd26ea,usr_a7185e16,shares,1.5677,391.31,INR,outstanding,,2026-08-18T10:00:00+05:30
spl_fdbb8f00,exp_04fd26ea,usr_df582802,shares,0.623,155.52,INR,outstanding,,2026-08-18T10:00:00+05:30
spl_4f76e340,exp_72389854,usr_12f95c97,custom,2.0121,1675.77,INR,outstanding,,2026-08-18T10:00:00+05:30
spl_c04641e6,exp_717f11b9,usr_b2323a23,equal,1,1518.10,INR,settled,2026-07-21T10:00:00+05:30,2026-08-18T10:00:00+05:30
spl_7a9e03ee,exp_005a0c9c,usr_6be041f5,percentage,2.422,1779.95,INR,settled,2026-06-30T10:00:00+05:30,2026-08-18T10:00:00+05:30
spl_94d13e5f,exp_a74e303a,usr_f23dc3eb,equal,1,1297.52,INR,outstanding,,2026-08-18T10:00:00+05:30
spl_2ec72a33,exp_a74e303a,usr_76c235d5,equal,1,1297.53,INR,outstanding,,2026-08-18T10:00:00+05:30
spl_9ae6b8c3,exp_6b2450f4,usr_80a41666,equal,1,26.65,MYR,settled,2026-06-25T10:00:00+05:30,2026-08-18T10:00:00+05:30
spl_e220fd9b,exp_6b2450f4,usr_02d5e350,equal,1,26.65,MYR,outstanding,,2026-08-18T10:00:00+05:30
spl_f236d6a5,exp_6b2450f4,usr_c010ce3c,equal,1,26.65,MYR,settled,2026-07-17T10:00:00+05:30,2026-08-18T10:00:00+05:30
spl_4564df02,exp_79ccaed2,usr_35d340e3,custom,0.8221,799.35,INR,outstanding,,2026-08-18T10:00:00+05:30
spl_28d9ba28,exp_79ccaed2,usr_52de2228,custom,1.5479,1504.95,INR,settled,2026-08-04T10:00:00+05:30,2026-08-18T10:00:00+05:30
spl_c887e500,exp_33f86058,usr_c94b68cc,shares,1.1343,856.30,INR,outstanding,,2026-08-18T10:00:00+05:30
spl_9d99faef,exp_33f86058,usr_41431693,shares,2.4192,1826.31,INR,settled,2026-06-20T10:00:00+05:30,2026-08-18T10:00:00+05:30
spl_b54f0ae5,exp_33f86058,usr_4d83499f,shares,1.4777,1115.54,INR,settled,2026-07-21T10:00:00+05:30,2026-08-18T10:00:00+05:30
spl_d737485a,exp_5ec8d8c9,usr_72818c78,custom,0.7078,363.97,INR,settled,2026-07-13T10:00:00+05:30,2026-08-18T10:00:00+05:30
spl_f4256feb,exp_c9c89fab,usr_29fdaeb0,equal,1,1278.62,INR,written_off,,2026-08-18T10:00:00+05:30
spl_9f3b7ac1,exp_49bd1bd8,usr_9793e551,equal,1,1020.04,INR,outstanding,,2026-08-18T10:00:00+05:30
spl_df92512b,exp_49bd1bd8,usr_5de9da21,equal,1,1020.04,INR,settled,2026-08-10T10:00:00+05:30,2026-08-18T10:00:00+05:30
spl_f4e00d39,exp_9f81ec16,usr_e1f3dfbc,custom,1.1851,284.12,INR,outstanding,,2026-08-18T10:00:00+05:30
spl_9551e56a,exp_9f81ec16,usr_4f00071d,custom,0.7519,180.27,INR,settled,2026-07-08T10:00:00+05:30,2026-08-18T10:00:00+05:30
spl_4aafa505,exp_9f81ec16,usr_8d55da4d,custom,1.5297,366.74,INR,outstanding,,2026-08-18T10:00:00+05:30
spl_afa7a9ef,exp_c50c3747,usr_e9e3f281,equal,1,1014.04,INR,outstanding,,2026-08-18T10:00:00+05:30
spl_0054cfbd,exp_c50c3747,usr_4dc8096b,equal,1,1014.05,INR,settled,2026-06-29T10:00:00+05:30,2026-08-18T10:00:00+05:30
spl_d5eacc25,exp_c50c3747,usr_7f6d27fe,equal,1,1014.05,INR,outstanding,,2026-08-18T10:00:00+05:30
spl_ef9fc554,exp_4e698355,usr_dc1bd238,equal,1,2503.84,INR,outstanding,,2026-08-18T10:00:00+05:30
spl_959f6ab0,exp_37329fc1,usr_a0980823,shares,1.8959,671.61,INR,outstanding,,2026-08-18T10:00:00+05:30
spl_279e54b3,exp_37329fc1,usr_44ef2e9c,shares,1.5692,555.90,INR,settled,2026-07-05T10:00:00+05:30,2026-08-18T10:00:00+05:30
spl_a23c8866,exp_37329fc1,usr_050830ac,shares,0.9027,319.78,INR,outstanding,,2026-08-18T10:00:00+05:30
spl_085b3e2b,exp_37329fc1,usr_f5ceb136,shares,1.8589,658.52,INR,outstanding,,2026-08-18T10:00:00+05:30
spl_8cfe6b8f,exp_610cab46,usr_78afc45f,equal,1,1107.58,INR,outstanding,,2026-08-18T10:00:00+05:30
spl_808640e3,exp_610cab46,usr_8f81432c,equal,1,1107.59,INR,settled,2026-08-01T10:00:00+05:30,2026-08-18T10:00:00+05:30
spl_fc860069,exp_ec41ad19,usr_c61e810b,equal,1,395.18,INR,outstanding,,2026-08-18T10:00:00+05:30
spl_6cdd7609,exp_ec41ad19,usr_b0226153,equal,1,395.19,INR,outstanding,,2026-08-18T10:00:00+05:30
spl_c1681adf,exp_ec41ad19,usr_db37359e,equal,1,395.19,INR,settled,2026-08-02T10:00:00+05:30,2026-08-18T10:00:00+05:30
spl_c3aa9e97,exp_272daa8d,usr_ddfa0cd0,equal,1,102.76,AED,settled,2026-07-29T10:00:00+05:30,2026-08-18T10:00:00+05:30
spl_995e7181,exp_8f3ee397,usr_520d9624,equal,1,664.49,INR,settled,2026-08-09T10:00:00+05:30,2026-08-18T10:00:00+05:30
spl_4e546ac4,exp_8f3ee397,usr_053e7434,equal,1,664.49,INR,settled,2026-07-06T10:00:00+05:30,2026-08-18T10:00:00+05:30
spl_d2fb34d7,exp_3aeea0e7,usr_b6d5d98c,equal,1,107.49,QAR,settled,2026-06-21T10:00:00+05:30,2026-08-18T10:00:00+05:30
spl_9dba7033,exp_37d61289,usr_fa851b11,equal,1,258.15,INR,outstanding,,2026-08-18T10:00:00+05:30
spl_8f596b98,exp_37d61289,usr_bedf358a,equal,1,258.14,INR,settled,2026-07-10T10:00:00+05:30,2026-08-18T10:00:00+05:30
spl_6968f712,exp_37d61289,usr_d6801dce,equal,1,258.14,INR,settled,2026-08-03T10:00:00+05:30,2026-08-18T10:00:00+05:30
spl_9edc302d,exp_c4d473aa,usr_81cc2de0,shares,2.3983,921.09,INR,settled,2026-07-02T10:00:00+05:30,2026-08-18T10:00:00+05:30
spl_28dcf7e7,exp_316eea2e,usr_2b4223b2,equal,1,2104.80,INR,outstanding,,2026-08-18T10:00:00+05:30
spl_bbf84995,exp_911d95cb,usr_6c3fae7b,equal,1,1019.42,INR,outstanding,,2026-08-18T10:00:00+05:30
spl_2c95af07,exp_0153ca69,usr_9d604e2e,percentage,2.0991,708.30,INR,outstanding,,2026-08-18T10:00:00+05:30
spl_0b1bffc2,exp_0153ca69,usr_5527167d,percentage,0.5644,190.45,INR,settled,2026-07-22T10:00:00+05:30,2026-08-18T10:00:00+05:30
spl_a5a95b2b,exp_0153ca69,usr_35d340e3,percentage,1.0677,360.29,INR,settled,2026-07-09T10:00:00+05:30,2026-08-18T10:00:00+05:30
spl_ba9680d3,exp_9f85c030,usr_6be041f5,equal,1,25049.14,LKR,settled,2026-07-21T10:00:00+05:30,2026-08-18T10:00:00+05:30
spl_099f0902,exp_6bcd3d1f,usr_5bbebfef,custom,1.7835,587.93,MVR,outstanding,,2026-08-18T10:00:00+05:30
spl_e7e4255a,exp_8163956d,usr_8659fe93,percentage,1.7,1500.62,MVR,settled,2026-07-21T10:00:00+05:30,2026-08-18T10:00:00+05:30
spl_c8ab2071,exp_7a7466b3,usr_b3f2baa1,equal,1,702.44,INR,outstanding,,2026-08-18T10:00:00+05:30
spl_63994707,exp_5368ec29,usr_beeb010f,equal,1,5.24,CHF,outstanding,,2026-08-18T10:00:00+05:30
spl_97d6270d,exp_5368ec29,usr_9cb9eedc,equal,1,5.25,CHF,outstanding,,2026-08-18T10:00:00+05:30
spl_de52bd3a,exp_60f048d5,usr_90a46b92,custom,1.4341,410.22,INR,outstanding,,2026-08-18T10:00:00+05:30
spl_55456981,exp_60f048d5,usr_afaebefa,custom,1.3523,386.81,INR,outstanding,,2026-08-18T10:00:00+05:30
spl_908d8a7f,exp_60f048d5,usr_3127972d,custom,2.3641,676.25,INR,settled,2026-07-06T10:00:00+05:30,2026-08-18T10:00:00+05:30
spl_223d79f2,exp_60f048d5,usr_6dabe38f,custom,2.0843,596.20,INR,outstanding,,2026-08-18T10:00:00+05:30
spl_62f83af4,exp_de44729e,usr_b50df034,equal,1,9548.19,INR,settled,2026-07-04T10:00:00+05:30,2026-08-18T10:00:00+05:30
spl_f2ce56ab,exp_3da8d770,usr_72796feb,equal,1,193266.30,IDR,settled,2026-07-08T10:00:00+05:30,2026-08-18T10:00:00+05:30
spl_509ee04b,exp_c9635729,usr_3f4f4c52,equal,1,1881.59,INR,settled,2026-07-15T10:00:00+05:30,2026-08-18T10:00:00+05:30
spl_02924a68,exp_c9baf8b2,usr_1501196b,equal,1,513.55,INR,settled,2026-08-11T10:00:00+05:30,2026-08-18T10:00:00+05:30
spl_1c2f6479,exp_72c8da4c,usr_0ae483ef,equal,1,190.14,INR,outstanding,,2026-08-18T10:00:00+05:30
spl_c3f445a5,exp_72c8da4c,usr_e7b2dd09,equal,1,190.14,INR,outstanding,,2026-08-18T10:00:00+05:30
spl_826a6016,exp_b716bf34,usr_62b3f8b8,equal,1,1624.64,INR,settled,2026-08-17T10:00:00+05:30,2026-08-18T10:00:00+05:30
spl_670406df,exp_34b5b2b1,usr_1cec1f14,equal,1,662.19,INR,outstanding,,2026-08-18T10:00:00+05:30
spl_e93e0f9c,exp_34b5b2b1,usr_2a2841d1,equal,1,662.20,INR,settled,2026-06-26T10:00:00+05:30,2026-08-18T10:00:00+05:30
spl_1e8e7a52,exp_f8f22cd0,usr_5307f01f,equal,1,1222.00,INR,written_off,,2026-08-18T10:00:00+05:30
spl_289ab849,exp_f8f22cd0,usr_e10845c8,equal,1,1222.00,INR,settled,2026-07-25T10:00:00+05:30,2026-08-18T10:00:00+05:30
spl_025f0434,exp_f8f22cd0,usr_34f98272,equal,1,1222.00,INR,settled,2026-08-13T10:00:00+05:30,2026-08-18T10:00:00+05:30
spl_05046a68,exp_f8f22cd0,usr_8ddbc4ab,equal,1,1222.00,INR,settled,2026-08-03T10:00:00+05:30,2026-08-18T10:00:00+05:30
spl_a10e7f35,exp_0aec9159,usr_42202df5,equal,1,850.73,INR,outstanding,,2026-08-18T10:00:00+05:30
spl_68784f6a,exp_9a8c98b0,usr_8d937b9e,equal,1,2971.29,INR,outstanding,,2026-08-18T10:00:00+05:30
spl_54834cb9,exp_1e665dc6,usr_6c3fae7b,equal,1,352.11,INR,settled,2026-06-23T10:00:00+05:30,2026-08-18T10:00:00+05:30
spl_d24017a2,exp_259d9012,usr_e459a18c,equal,1,34.15,THB,outstanding,,2026-08-18T10:00:00+05:30
spl_2662220a,exp_259d9012,usr_dace411a,equal,1,34.15,THB,outstanding,,2026-08-18T10:00:00+05:30
spl_718e8beb,exp_259d9012,usr_d20b2a69,equal,1,34.15,THB,settled,2026-08-10T10:00:00+05:30,2026-08-18T10:00:00+05:30
spl_bb8ccca0,exp_617fa29e,usr_cb0928ac,equal,1,267.02,INR,outstanding,,2026-08-18T10:00:00+05:30
spl_968a9af5,exp_617fa29e,usr_160064ff,equal,1,267.03,INR,outstanding,,2026-08-18T10:00:00+05:30
spl_33658bf2,exp_0c540bc7,usr_96b84c82,equal,1,649.51,INR,outstanding,,2026-08-18T10:00:00+05:30
spl_cf95040b,exp_bd5c31ea,usr_72dfb712,custom,2.1919,1445.33,INR,settled,2026-07-05T10:00:00+05:30,2026-08-18T10:00:00+05:30
spl_a9d579e3,exp_eb0081bf,usr_1a6892bf,percentage,2.1408,2678.58,INR,outstanding,,2026-08-18T10:00:00+05:30
spl_afc1574a,exp_eb0081bf,usr_96740172,percentage,1.524,1906.81,INR,outstanding,,2026-08-18T10:00:00+05:30
spl_94d75387,exp_eb0081bf,usr_08b8f8e9,percentage,0.6085,761.31,INR,settled,2026-07-13T10:00:00+05:30,2026-08-18T10:00:00+05:30
spl_aba896f9,exp_eb0081bf,usr_b1b8dc45,percentage,0.7215,902.68,INR,outstanding,,2026-08-18T10:00:00+05:30
spl_9e2aed67,exp_9fad2a25,usr_a93726c0,custom,2.1179,691.42,INR,settled,2026-07-21T10:00:00+05:30,2026-08-18T10:00:00+05:30
spl_d2ab2b2c,exp_05cde82b,usr_1239733b,custom,0.569,1656.70,INR,settled,2026-07-13T10:00:00+05:30,2026-08-18T10:00:00+05:30
spl_ccdd7e0e,exp_18b4dc74,usr_bedf358a,equal,1,223.05,INR,outstanding,,2026-08-18T10:00:00+05:30
spl_9d3c5ba5,exp_18b4dc74,usr_a386ca28,equal,1,223.06,INR,outstanding,,2026-08-18T10:00:00+05:30
spl_c5b2aa9c,exp_b33a7ed9,usr_4022bd9b,equal,1,2180.03,INR,outstanding,,2026-08-18T10:00:00+05:30
spl_294a2a0b,exp_b33a7ed9,usr_6e3b5c10,equal,1,2180.04,INR,outstanding,,2026-08-18T10:00:00+05:30
spl_700a87b3,exp_39e4f1c2,usr_bbd1ced8,custom,1.3571,1.80,CHF,settled,2026-08-06T10:00:00+05:30,2026-08-18T10:00:00+05:30
spl_5635c4cf,exp_39e4f1c2,usr_9d604e2e,custom,1.5438,2.05,CHF,settled,2026-08-14T10:00:00+05:30,2026-08-18T10:00:00+05:30
spl_0cd158b1,exp_39e4f1c2,usr_23811da7,custom,1.0458,1.39,CHF,settled,2026-07-16T10:00:00+05:30,2026-08-18T10:00:00+05:30
spl_ec6d2652,exp_39e4f1c2,usr_22a9ab26,custom,1.4557,1.94,CHF,settled,2026-06-20T10:00:00+05:30,2026-08-18T10:00:00+05:30
spl_657f3cf0,exp_7760d1ae,usr_5dec704e,shares,1.6377,303.64,INR,outstanding,,2026-08-18T10:00:00+05:30
spl_b7fce0cb,exp_7760d1ae,usr_aef2650b,shares,0.6548,121.40,INR,settled,2026-08-08T10:00:00+05:30,2026-08-18T10:00:00+05:30
spl_45175fd6,exp_7760d1ae,usr_2353848b,shares,0.7756,143.80,INR,outstanding,,2026-08-18T10:00:00+05:30
spl_03210e28,exp_7760d1ae,usr_34d0c50b,shares,1.4539,269.56,INR,settled,2026-08-05T10:00:00+05:30,2026-08-18T10:00:00+05:30
spl_f3f1e18d,exp_ffeb556f,usr_d8024b62,percentage,1.6528,2230.08,INR,settled,2026-08-08T10:00:00+05:30,2026-08-18T10:00:00+05:30
spl_d4ef6b74,exp_b2382f31,usr_1b4fe68e,percentage,2.3043,24.17,AED,outstanding,,2026-08-18T10:00:00+05:30
spl_78deb164,exp_141393e0,usr_a25f0129,equal,1,192.31,MVR,outstanding,,2026-08-18T10:00:00+05:30
spl_95721538,exp_255c1d1b,usr_7f6d27fe,equal,1,12.47,SGD,settled,2026-07-17T10:00:00+05:30,2026-08-18T10:00:00+05:30
spl_88b58972,exp_03d3325b,usr_6c3fae7b,equal,1,34.28,SGD,outstanding,,2026-08-18T10:00:00+05:30
spl_631419a6,exp_2288529a,usr_28c5ee24,shares,2.4457,6287.33,NPR,outstanding,,2026-08-18T10:00:00+05:30
spl_3c1ffa42,exp_0bbe8446,usr_bc4b67f6,percentage,1.0404,323.90,INR,settled,2026-08-13T10:00:00+05:30,2026-08-18T10:00:00+05:30
spl_0241b8c6,exp_0bbe8446,usr_67de0711,percentage,2.1247,661.50,INR,outstanding,,2026-08-18T10:00:00+05:30
spl_3266fd8d,exp_f93232c5,usr_b96ef58c,custom,0.8624,931.45,INR,written_off,,2026-08-18T10:00:00+05:30
spl_b8e82b6c,exp_a16e6451,usr_98a69060,equal,1,166.31,INR,settled,2026-06-29T10:00:00+05:30,2026-08-18T10:00:00+05:30
spl_ef7cac94,exp_a16e6451,usr_95492664,equal,1,166.32,INR,outstanding,,2026-08-18T10:00:00+05:30
spl_24a9dacb,exp_a16e6451,usr_aa216995,equal,1,166.32,INR,settled,2026-07-07T10:00:00+05:30,2026-08-18T10:00:00+05:30
spl_fad58b4b,exp_a16e6451,usr_cdc31bd3,equal,1,166.32,INR,written_off,,2026-08-18T10:00:00+05:30
spl_6623f007,exp_5bbfc5ca,usr_5bbebfef,percentage,2.1692,453.17,INR,settled,2026-06-28T10:00:00+05:30,2026-08-18T10:00:00+05:30
spl_1bc1888b,exp_4443997a,usr_fe54affe,equal,1,494.58,INR,settled,2026-08-04T10:00:00+05:30,2026-08-18T10:00:00+05:30
spl_94a39422,exp_4443997a,usr_693c20b9,equal,1,494.58,INR,outstanding,,2026-08-18T10:00:00+05:30
spl_e3c015fd,exp_4443997a,usr_da6b9625,equal,1,494.58,INR,outstanding,,2026-08-18T10:00:00+05:30
spl_a5f5242b,exp_4443997a,usr_9b002a1a,equal,1,494.58,INR,outstanding,,2026-08-18T10:00:00+05:30
spl_f8e32d9b,exp_39dc9db8,usr_672d3dd6,custom,1.0523,3385.09,NPR,settled,2026-07-30T10:00:00+05:30,2026-08-18T10:00:00+05:30
spl_9a8f5fc4,exp_581822b3,usr_2b11a6c9,percentage,0.9651,1112.67,INR,settled,2026-06-24T10:00:00+05:30,2026-08-18T10:00:00+05:30
spl_e05397cc,exp_9754553b,usr_824b14a8,equal,1,1327.10,INR,settled,2026-06-24T10:00:00+05:30,2026-08-18T10:00:00+05:30
spl_67392d2c,exp_811ec4fb,usr_9d604e2e,custom,1.8494,493.25,INR,outstanding,,2026-08-18T10:00:00+05:30
spl_78da1e76,exp_811ec4fb,usr_5527167d,custom,2.1568,575.23,INR,outstanding,,2026-08-18T10:00:00+05:30
spl_846a15a3,exp_811ec4fb,usr_35d340e3,custom,1.8056,481.57,INR,outstanding,,2026-08-18T10:00:00+05:30
spl_7a9cf47b,exp_3c86056c,usr_dc1bd238,equal,1,2779.21,INR,outstanding,,2026-08-18T10:00:00+05:30
spl_f508918b,exp_6f2f6228,usr_42a441dc,equal,1,300.00,INR,settled,2026-07-15T10:00:00+05:30,2026-08-18T10:00:00+05:30
spl_63495272,exp_6f2f6228,usr_399971ee,equal,1,300.00,INR,outstanding,,2026-08-18T10:00:00+05:30
spl_39d088ab,exp_6f2f6228,usr_b5327682,equal,1,300.00,INR,outstanding,,2026-08-18T10:00:00+05:30
spl_4e658679,exp_6f2f6228,usr_ce11983a,equal,1,300.00,INR,outstanding,,2026-08-18T10:00:00+05:30
spl_258802fc,exp_b6d129e9,usr_3d92578a,equal,1,5383.76,INR,settled,2026-07-23T10:00:00+05:30,2026-08-18T10:00:00+05:30
spl_66c20866,exp_f0ab239a,usr_1ef037a0,custom,1.7282,2264.04,LKR,outstanding,,2026-08-18T10:00:00+05:30
spl_43d3fbcc,exp_f0ab239a,usr_a386ca28,custom,2.2474,2944.17,LKR,outstanding,,2026-08-18T10:00:00+05:30
spl_9e84ee14,exp_f0ab239a,usr_394de344,custom,1.1102,1454.44,LKR,outstanding,,2026-08-18T10:00:00+05:30
spl_183f4d9f,exp_866c7896,usr_d56927f7,percentage,0.5133,672.16,BTN,outstanding,,2026-08-18T10:00:00+05:30
spl_8fb09230,exp_c43c219f,usr_c8025f92,equal,1,1929.88,JPY,outstanding,,2026-08-18T10:00:00+05:30
spl_8f27412a,exp_022c590a,usr_b86dd891,percentage,2.0422,1878.27,INR,outstanding,,2026-08-18T10:00:00+05:30
spl_51acb7a0,exp_022c590a,usr_dabbaf95,percentage,0.8686,798.89,INR,settled,2026-08-01T10:00:00+05:30,2026-08-18T10:00:00+05:30
spl_dfe19bf4,exp_022c590a,usr_2a348485,percentage,2.27,2087.73,INR,outstanding,,2026-08-18T10:00:00+05:30
spl_684c5b46,exp_33e6c7f7,usr_fae4d064,equal,1,2368.10,INR,outstanding,,2026-08-18T10:00:00+05:30
spl_fe9dad1c,exp_e738acd0,usr_05e40dfc,equal,1,454.36,INR,outstanding,,2026-08-18T10:00:00+05:30
spl_031105ef,exp_8d7c171a,usr_8eb4e3e7,custom,2.0116,3166.94,INR,outstanding,,2026-08-18T10:00:00+05:30
spl_4a58ee58,exp_8d7c171a,usr_42dc4da4,custom,1.6585,2611.01,INR,outstanding,,2026-08-18T10:00:00+05:30
spl_4c000e59,exp_15b7a456,usr_74e3ecb1,custom,2.4679,1358.12,INR,settled,2026-07-11T10:00:00+05:30,2026-08-18T10:00:00+05:30
spl_d48f652f,exp_15b7a456,usr_693c20b9,custom,2.0556,1131.26,INR,settled,2026-07-04T10:00:00+05:30,2026-08-18T10:00:00+05:30
spl_3207e7e3,exp_15b7a456,usr_77e91c3a,custom,2.4065,1324.36,INR,settled,2026-07-03T10:00:00+05:30,2026-08-18T10:00:00+05:30
spl_af5151a1,exp_68bbb062,usr_353c55a8,equal,1,338.48,INR,settled,2026-06-22T10:00:00+05:30,2026-08-18T10:00:00+05:30
spl_d6f52865,exp_68bbb062,usr_e3b9431c,equal,1,338.49,INR,settled,2026-06-28T10:00:00+05:30,2026-08-18T10:00:00+05:30
spl_0bb67682,exp_68bbb062,usr_9292ebbb,equal,1,338.49,INR,outstanding,,2026-08-18T10:00:00+05:30
spl_9115e347,exp_68bbb062,usr_3495d8ed,equal,1,338.49,INR,settled,2026-08-04T10:00:00+05:30,2026-08-18T10:00:00+05:30
spl_f70f019c,exp_391eeb88,usr_1c8154b9,equal,1,9725.97,INR,outstanding,,2026-08-18T10:00:00+05:30
spl_e85782ea,exp_f718e44b,usr_840ca16a,percentage,2.1557,293.04,THB,outstanding,,2026-08-18T10:00:00+05:30
spl_68363d41,exp_f718e44b,usr_b8d03703,percentage,2.2763,309.44,THB,settled,2026-08-14T10:00:00+05:30,2026-08-18T10:00:00+05:30
spl_670558af,exp_0a46b13c,usr_e851fdeb,custom,1.9847,6741.30,INR,settled,2026-08-08T10:00:00+05:30,2026-08-18T10:00:00+05:30
spl_b02a3670,exp_869d7f5d,usr_7fa0a9c6,percentage,1.1392,94.58,INR,settled,2026-08-11T10:00:00+05:30,2026-08-18T10:00:00+05:30
spl_60244eaa,exp_869d7f5d,usr_79248234,percentage,0.5227,43.39,INR,outstanding,,2026-08-18T10:00:00+05:30
spl_8bd30ba7,exp_869d7f5d,usr_749f5098,percentage,1.7666,146.66,INR,settled,2026-08-10T10:00:00+05:30,2026-08-18T10:00:00+05:30
spl_2b3d6320,exp_3fab6eb8,usr_5de9da21,equal,1,235.61,INR,settled,2026-07-11T10:00:00+05:30,2026-08-18T10:00:00+05:30
spl_fb1e034e,exp_3fab6eb8,usr_9793e551,equal,1,235.60,INR,outstanding,,2026-08-18T10:00:00+05:30
spl_614f35b8,exp_3fab6eb8,usr_fbf7ac58,equal,1,235.60,INR,outstanding,,2026-08-18T10:00:00+05:30
spl_b1e5dadd,exp_43c60821,usr_f52d271a,equal,1,240.39,INR,outstanding,,2026-08-18T10:00:00+05:30
spl_29cfe9c0,exp_43c60821,usr_05fc06c6,equal,1,240.40,INR,outstanding,,2026-08-18T10:00:00+05:30
spl_cb10a441,exp_078a26f3,usr_17b45921,equal,1,6.70,CHF,outstanding,,2026-08-18T10:00:00+05:30
spl_1814fb63,exp_c50de266,usr_63d19d4c,percentage,0.7329,1084.31,INR,outstanding,,2026-08-18T10:00:00+05:30
spl_5f535598,exp_2c981efd,usr_b6d5d98c,equal,1,299.70,QAR,outstanding,,2026-08-18T10:00:00+05:30
spl_9311faeb,exp_ad62c5f9,usr_c3040a68,equal,1,2322.01,INR,outstanding,,2026-08-18T10:00:00+05:30
spl_a4245343,exp_ad62c5f9,usr_ee6409a7,equal,1,2322.02,INR,outstanding,,2026-08-18T10:00:00+05:30
spl_3bbefea2,exp_ad62c5f9,usr_37079a82,equal,1,2322.02,INR,outstanding,,2026-08-18T10:00:00+05:30
spl_b5e41df8,exp_943ebba3,usr_856079e2,equal,1,2055.12,INR,settled,2026-07-20T10:00:00+05:30,2026-08-18T10:00:00+05:30
spl_e7e6a1e7,exp_db89a16b,usr_fae4d064,equal,1,339.48,MYR,outstanding,,2026-08-18T10:00:00+05:30
spl_0c808703,exp_5f600bd2,usr_053e7434,shares,0.884,127.29,INR,outstanding,,2026-08-18T10:00:00+05:30
spl_0432044b,exp_5f600bd2,usr_8ff59c1a,shares,1.9301,277.90,INR,outstanding,,2026-08-18T10:00:00+05:30
spl_ced897a1,exp_5f600bd2,usr_065fbc7f,shares,1.9915,286.74,INR,outstanding,,2026-08-18T10:00:00+05:30
spl_46915cec,exp_5f600bd2,usr_a386ca28,shares,1.4854,213.88,INR,settled,2026-07-06T10:00:00+05:30,2026-08-18T10:00:00+05:30
spl_55254ca6,exp_c4fa3a2d,usr_72818c78,equal,1,731.36,INR,outstanding,,2026-08-18T10:00:00+05:30
spl_7b59708d,exp_c4a54e3f,usr_5ffc5ee5,equal,1,2284.76,INR,outstanding,,2026-08-18T10:00:00+05:30
spl_fcbe4f26,exp_c4a54e3f,usr_b9d5e7c6,equal,1,2284.76,INR,written_off,,2026-08-18T10:00:00+05:30
spl_fc9b2a45,exp_c4a54e3f,usr_9474016b,equal,1,2284.76,INR,outstanding,,2026-08-18T10:00:00+05:30
spl_5a7fb32c,exp_c4a54e3f,usr_77cc5104,equal,1,2284.76,INR,settled,2026-07-12T10:00:00+05:30,2026-08-18T10:00:00+05:30
spl_0b5fc2c4,exp_0aeec543,usr_05d0be25,percentage,1.7599,145.24,AED,outstanding,,2026-08-18T10:00:00+05:30
spl_9cdb153d,exp_b526cb2a,usr_05d0be25,percentage,0.8886,259.19,AED,outstanding,,2026-08-18T10:00:00+05:30
spl_142f40cc,exp_7f4984a0,usr_08b8f8e9,equal,1,403.90,INR,outstanding,,2026-08-18T10:00:00+05:30
spl_263101af,exp_2ae8ab1a,usr_ba25cb52,equal,1,1293.42,INR,settled,2026-07-15T10:00:00+05:30,2026-08-18T10:00:00+05:30
spl_0915867d,exp_e93ee733,usr_d56927f7,equal,1,911.78,INR,outstanding,,2026-08-18T10:00:00+05:30
spl_6b2fa634,exp_a644938a,usr_51294c66,equal,1,5168.99,INR,settled,2026-08-14T10:00:00+05:30,2026-08-18T10:00:00+05:30
spl_e032e92b,exp_4fcfae67,usr_e1f3dfbc,equal,1,472.47,INR,outstanding,,2026-08-18T10:00:00+05:30
spl_6bdddc73,exp_4fcfae67,usr_4f00071d,equal,1,472.46,INR,outstanding,,2026-08-18T10:00:00+05:30
spl_73d2f78a,exp_4fcfae67,usr_8d55da4d,equal,1,472.46,INR,outstanding,,2026-08-18T10:00:00+05:30
spl_e4f7985d,exp_1ed23a8a,usr_196ca537,equal,1,12.27,CHF,outstanding,,2026-08-18T10:00:00+05:30
spl_3317aac4,exp_1a6fbd8d,usr_24d10368,custom,0.8347,7429.45,INR,settled,2026-08-04T10:00:00+05:30,2026-08-18T10:00:00+05:30
spl_0fa840f2,exp_ad68578b,usr_d312cbff,custom,1.7562,850.86,INR,settled,2026-08-05T10:00:00+05:30,2026-08-18T10:00:00+05:30
spl_3fee3836,exp_03e9289a,usr_9694b4a3,percentage,1.3755,1957.92,INR,settled,2026-06-24T10:00:00+05:30,2026-08-18T10:00:00+05:30
spl_4c907c2f,exp_03e9289a,usr_ea41e115,percentage,1.6751,2384.44,INR,outstanding,,2026-08-18T10:00:00+05:30
spl_f2bb566a,exp_40c59c3a,usr_1886c078,shares,0.566,546.12,INR,outstanding,,2026-08-18T10:00:00+05:30
spl_ba7512c4,exp_3774c566,usr_20caee9e,equal,1,187.76,INR,outstanding,,2026-08-18T10:00:00+05:30
spl_8d09742b,exp_3774c566,usr_373b76a9,equal,1,187.75,INR,outstanding,,2026-08-18T10:00:00+05:30
spl_8c9523fb,exp_3774c566,usr_7a9bb1ad,equal,1,187.75,INR,outstanding,,2026-08-18T10:00:00+05:30
spl_0db5c2b3,exp_22894257,usr_b83115d3,equal,1,1996.10,INR,outstanding,,2026-08-18T10:00:00+05:30
spl_4fc7b889,exp_da367372,usr_701b0010,custom,1.4656,634.54,INR,settled,2026-07-05T10:00:00+05:30,2026-08-18T10:00:00+05:30
spl_3c585bba,exp_4e2ad548,usr_c010ce3c,equal,1,47.07,MYR,settled,2026-08-17T10:00:00+05:30,2026-08-18T10:00:00+05:30
spl_a34eb2ee,exp_4e2ad548,usr_02d5e350,equal,1,47.07,MYR,outstanding,,2026-08-18T10:00:00+05:30
spl_444963d7,exp_c454b4fe,usr_ab49979e,shares,1.3433,1270.36,INR,outstanding,,2026-08-18T10:00:00+05:30
spl_5f389dbb,exp_bed943e2,usr_d23b92e9,equal,1,713.64,INR,outstanding,,2026-08-18T10:00:00+05:30
spl_105caac5,exp_a6d75a05,usr_693c20b9,percentage,1.8141,75.43,MYR,settled,2026-08-12T10:00:00+05:30,2026-08-18T10:00:00+05:30
spl_2f666dd5,exp_a6d75a05,usr_b4a877b0,percentage,1.7271,71.81,MYR,settled,2026-08-07T10:00:00+05:30,2026-08-18T10:00:00+05:30
spl_761e7e4a,exp_a6d75a05,usr_dace411a,percentage,1.6227,67.47,MYR,outstanding,,2026-08-18T10:00:00+05:30
spl_e43c7a43,exp_a6d75a05,usr_c749abe0,percentage,1.8034,74.98,MYR,settled,2026-08-05T10:00:00+05:30,2026-08-18T10:00:00+05:30
spl_09936052,exp_7ef5762d,usr_9d32306d,equal,1,266.67,THB,settled,2026-07-02T10:00:00+05:30,2026-08-18T10:00:00+05:30
spl_8f7bfd37,exp_7ef5762d,usr_def3b524,equal,1,266.67,THB,outstanding,,2026-08-18T10:00:00+05:30
spl_eb8dc093,exp_7ef5762d,usr_72d88a70,equal,1,266.67,THB,settled,2026-07-15T10:00:00+05:30,2026-08-18T10:00:00+05:30
spl_8c97e7e4,exp_d69100aa,usr_a3f4f2d9,equal,1,189.62,INR,settled,2026-07-05T10:00:00+05:30,2026-08-18T10:00:00+05:30
spl_561d85ea,exp_d69100aa,usr_225fd2f9,equal,1,189.63,INR,settled,2026-06-22T10:00:00+05:30,2026-08-18T10:00:00+05:30
spl_7a83ff94,exp_d69100aa,usr_02d5e350,equal,1,189.63,INR,outstanding,,2026-08-18T10:00:00+05:30
spl_89f95dd6,exp_d69100aa,usr_4efab0b7,equal,1,189.63,INR,settled,2026-07-28T10:00:00+05:30,2026-08-18T10:00:00+05:30
spl_62764638,exp_24b60b31,usr_60e00854,percentage,0.7502,427.10,INR,settled,2026-08-12T10:00:00+05:30,2026-08-18T10:00:00+05:30
spl_d69e2496,exp_fddf8478,usr_d245dd5d,equal,1,39.22,SGD,outstanding,,2026-08-18T10:00:00+05:30
spl_f196d1e3,exp_899c393a,usr_bedf358a,equal,1,331.35,NPR,settled,2026-07-18T10:00:00+05:30,2026-08-18T10:00:00+05:30
spl_0e2f736b,exp_899c393a,usr_6e3b5c10,equal,1,331.35,NPR,settled,2026-07-01T10:00:00+05:30,2026-08-18T10:00:00+05:30
spl_39359cb4,exp_899c393a,usr_7d0ce609,equal,1,331.36,NPR,outstanding,,2026-08-18T10:00:00+05:30
spl_dc98ff80,exp_899c393a,usr_326aed9f,equal,1,331.36,NPR,outstanding,,2026-08-18T10:00:00+05:30
spl_1b9f7c50,exp_93d0c0f1,usr_c582abb2,shares,1.9476,201.10,INR,settled,2026-07-21T10:00:00+05:30,2026-08-18T10:00:00+05:30
spl_b740fc38,exp_93d0c0f1,usr_e1cd7b02,shares,0.8548,88.26,INR,settled,2026-07-20T10:00:00+05:30,2026-08-18T10:00:00+05:30
spl_b3e3f8ee,exp_5d8372dc,usr_d3b4799e,equal,1,1854.92,INR,outstanding,,2026-08-18T10:00:00+05:30
spl_2a02c03d,exp_5d8372dc,usr_fe54affe,equal,1,1854.92,INR,outstanding,,2026-08-18T10:00:00+05:30
spl_0be26cba,exp_e1f375a5,usr_0af476d1,equal,1,293.99,INR,outstanding,,2026-08-18T10:00:00+05:30
spl_40e6d2d8,exp_e1f375a5,usr_7e684451,equal,1,293.99,INR,outstanding,,2026-08-18T10:00:00+05:30
spl_07816438,exp_9474f771,usr_0e9166f0,custom,1.1014,19.16,QAR,settled,2026-08-14T10:00:00+05:30,2026-08-18T10:00:00+05:30
spl_5028a1ca,exp_2c1c9ffb,usr_d56927f7,custom,2.1321,933.03,INR,settled,2026-07-24T10:00:00+05:30,2026-08-18T10:00:00+05:30
spl_afa83bde,exp_44d7ea1c,usr_ca24d130,equal,1,1311.47,INR,outstanding,,2026-08-18T10:00:00+05:30
spl_86acfab2,exp_ed8600c9,usr_fa7951d2,equal,1,1970.06,INR,settled,2026-07-05T10:00:00+05:30,2026-08-18T10:00:00+05:30
spl_99a8f294,exp_ed8600c9,usr_ea479c41,equal,1,1970.06,INR,outstanding,,2026-08-18T10:00:00+05:30
spl_b3a97e6e,exp_ed8600c9,usr_2fcc58dc,equal,1,1970.06,INR,outstanding,,2026-08-18T10:00:00+05:30
spl_13f86f74,exp_c4e656fe,usr_42a441dc,equal,1,706.66,INR,settled,2026-07-29T10:00:00+05:30,2026-08-18T10:00:00+05:30
spl_7eba136c,exp_c4e656fe,usr_399971ee,equal,1,706.67,INR,outstanding,,2026-08-18T10:00:00+05:30
spl_be43bf8e,exp_c4e656fe,usr_b5327682,equal,1,706.67,INR,settled,2026-07-17T10:00:00+05:30,2026-08-18T10:00:00+05:30
spl_de517964,exp_c4e656fe,usr_ce11983a,equal,1,706.67,INR,settled,2026-07-06T10:00:00+05:30,2026-08-18T10:00:00+05:30
spl_0a3d8b1f,exp_cef1e458,usr_18b5561e,equal,1,342.83,INR,outstanding,,2026-08-18T10:00:00+05:30
spl_66dec45a,exp_cef1e458,usr_5638f607,equal,1,342.84,INR,settled,2026-08-07T10:00:00+05:30,2026-08-18T10:00:00+05:30
spl_37b6b98a,exp_cef1e458,usr_9115fc7c,equal,1,342.84,INR,settled,2026-07-09T10:00:00+05:30,2026-08-18T10:00:00+05:30
spl_8ff92077,exp_cef1e458,usr_51247360,equal,1,342.84,INR,settled,2026-07-27T10:00:00+05:30,2026-08-18T10:00:00+05:30
spl_6476b145,exp_3c92a882,usr_1805266d,percentage,1.0733,1100.17,INR,outstanding,,2026-08-18T10:00:00+05:30
spl_0c15c7bf,exp_0470bdf5,usr_37079a82,equal,1,2930.82,INR,settled,2026-07-26T10:00:00+05:30,2026-08-18T10:00:00+05:30
spl_00f2509a,exp_0470bdf5,usr_b0226153,equal,1,2930.82,INR,outstanding,,2026-08-18T10:00:00+05:30
spl_1380cf9f,exp_14fe9d42,usr_9181bfe3,equal,1,1727.91,INR,outstanding,,2026-08-18T10:00:00+05:30
spl_9f3f7708,exp_69bc803b,usr_ea269383,equal,1,4445.66,INR,outstanding,,2026-08-18T10:00:00+05:30
spl_058575d5,exp_69bc803b,usr_dc032205,equal,1,4445.67,INR,outstanding,,2026-08-18T10:00:00+05:30
spl_c16ca707,exp_d2ab8bd5,usr_81dbf021,equal,1,2238.45,INR,settled,2026-07-09T10:00:00+05:30,2026-08-18T10:00:00+05:30
spl_ae582a2e,exp_957154ce,usr_efe9a3aa,equal,1,6590.69,INR,outstanding,,2026-08-18T10:00:00+05:30
spl_760eaef0,exp_5e15793b,usr_05306731,equal,1,732.33,INR,settled,2026-07-04T10:00:00+05:30,2026-08-18T10:00:00+05:30
spl_24a60376,exp_5e15793b,usr_9474016b,equal,1,732.33,INR,outstanding,,2026-08-18T10:00:00+05:30
spl_a2a0670d,exp_ddd29050,usr_5b31e64c,equal,1,1115.35,INR,settled,2026-06-27T10:00:00+05:30,2026-08-18T10:00:00+05:30
spl_5015a502,exp_ddc2a5dc,usr_dace411a,equal,1,34.13,THB,settled,2026-06-28T10:00:00+05:30,2026-08-18T10:00:00+05:30
spl_87d1a84d,exp_ddc2a5dc,usr_9694b4a3,equal,1,34.13,THB,outstanding,,2026-08-18T10:00:00+05:30
spl_1272da23,exp_ddc2a5dc,usr_e459a18c,equal,1,34.13,THB,outstanding,,2026-08-18T10:00:00+05:30
spl_4de5fcc7,exp_ddc2a5dc,usr_d20b2a69,equal,1,34.13,THB,settled,2026-08-16T10:00:00+05:30,2026-08-18T10:00:00+05:30
spl_93794e84,exp_eab1b8ff,usr_ae3758b7,equal,1,213.58,INR,outstanding,,2026-08-18T10:00:00+05:30
spl_88514f66,exp_eab1b8ff,usr_6edece59,equal,1,213.58,INR,outstanding,,2026-08-18T10:00:00+05:30
spl_63c23f17,exp_eab1b8ff,usr_0b8f3bdc,equal,1,213.58,INR,outstanding,,2026-08-18T10:00:00+05:30
spl_d719beb2,exp_a1c1bd43,usr_e8f563b9,equal,1,329.75,INR,outstanding,,2026-08-18T10:00:00+05:30
spl_48d20163,exp_4d35b1f5,usr_3d92578a,custom,1.0034,3593.50,INR,settled,2026-07-22T10:00:00+05:30,2026-08-18T10:00:00+05:30
spl_0b11cdf7,exp_c13d78e4,usr_72d88a70,custom,1.5118,484117.54,IDR,settled,2026-06-20T10:00:00+05:30,2026-08-18T10:00:00+05:30
spl_14ca4896,exp_c13d78e4,usr_a6999f45,custom,1.4955,478918.90,IDR,settled,2026-08-07T10:00:00+05:30,2026-08-18T10:00:00+05:30
spl_172816ba,exp_5782ac76,usr_e076a69d,equal,1,530.88,INR,outstanding,,2026-08-18T10:00:00+05:30
spl_6079b7e7,exp_5782ac76,usr_85c09ee4,equal,1,530.88,INR,settled,2026-08-14T10:00:00+05:30,2026-08-18T10:00:00+05:30
spl_4de72fd6,exp_35197b7a,usr_95492664,equal,1,5164.46,LKR,outstanding,,2026-08-18T10:00:00+05:30
spl_68de8840,exp_e99f0033,usr_5c20b1bf,equal,1,4994.20,INR,outstanding,,2026-08-18T10:00:00+05:30
spl_1dfa3143,exp_03ccec5f,usr_6361ffdd,equal,1,2343.70,INR,outstanding,,2026-08-18T10:00:00+05:30
spl_cff7c4c7,exp_03ccec5f,usr_7e0ddebe,equal,1,2343.71,INR,outstanding,,2026-08-18T10:00:00+05:30
spl_340f5070,exp_6e5484c2,usr_88af6903,custom,2.2583,1418.38,INR,settled,2026-07-24T10:00:00+05:30,2026-08-18T10:00:00+05:30
spl_58d446b9,exp_5214c5b9,usr_8180c222,equal,1,233.74,INR,outstanding,,2026-08-18T10:00:00+05:30
spl_05925dca,exp_5214c5b9,usr_3d1b88d6,equal,1,233.75,INR,settled,2026-07-14T10:00:00+05:30,2026-08-18T10:00:00+05:30
spl_7c64a8de,exp_5214c5b9,usr_d8ec0000,equal,1,233.75,INR,settled,2026-07-11T10:00:00+05:30,2026-08-18T10:00:00+05:30
spl_8d6a8c9e,exp_5214c5b9,usr_ea479c41,equal,1,233.75,INR,outstanding,,2026-08-18T10:00:00+05:30
spl_7bccd8fe,exp_382deac1,usr_8ff59c1a,percentage,1.3489,225.04,INR,outstanding,,2026-08-18T10:00:00+05:30
spl_d363d99c,exp_382deac1,usr_065fbc7f,percentage,2.3552,392.91,INR,outstanding,,2026-08-18T10:00:00+05:30
spl_44d49a45,exp_775194b6,usr_9c3deed5,equal,1,191.74,INR,outstanding,,2026-08-18T10:00:00+05:30
spl_02017a4e,exp_775194b6,usr_50bced56,equal,1,191.75,INR,settled,2026-07-26T10:00:00+05:30,2026-08-18T10:00:00+05:30
spl_a29a7e01,exp_775194b6,usr_2433031a,equal,1,191.75,INR,settled,2026-08-14T10:00:00+05:30,2026-08-18T10:00:00+05:30
spl_4e94e33c,exp_f0aed9fc,usr_22e61dad,custom,1.1105,545.09,INR,outstanding,,2026-08-18T10:00:00+05:30
spl_a5db5335,exp_f0aed9fc,usr_13d8f6bd,custom,1.0823,531.28,INR,outstanding,,2026-08-18T10:00:00+05:30
spl_885a2180,exp_f0aed9fc,usr_2808d36a,custom,1.7399,854.05,INR,settled,2026-06-24T10:00:00+05:30,2026-08-18T10:00:00+05:30
spl_13532946,exp_39ba627e,usr_bac1ae76,equal,1,1787.54,INR,outstanding,,2026-08-18T10:00:00+05:30
spl_f624754e,exp_39ba627e,usr_2182a4d3,equal,1,1787.55,INR,outstanding,,2026-08-18T10:00:00+05:30
spl_85461f6e,exp_ea389eeb,usr_bff7bdb8,custom,0.7933,1344.14,INR,outstanding,,2026-08-18T10:00:00+05:30
spl_bca89652,exp_87b5cfec,usr_e5415ac7,equal,1,191.03,INR,outstanding,,2026-08-18T10:00:00+05:30
spl_2b4efb98,exp_87b5cfec,usr_0e5a0620,equal,1,191.03,INR,outstanding,,2026-08-18T10:00:00+05:30
spl_58f0d590,exp_87b5cfec,usr_63d19d4c,equal,1,191.04,INR,outstanding,,2026-08-18T10:00:00+05:30
spl_c98f5ad9,exp_87b5cfec,usr_cc3e5793,equal,1,191.04,INR,outstanding,,2026-08-18T10:00:00+05:30
spl_78f2753a,exp_15db92d3,usr_24f139e5,equal,1,258.03,INR,outstanding,,2026-08-18T10:00:00+05:30
spl_b0117579,exp_15db92d3,usr_157e58e7,equal,1,258.04,INR,outstanding,,2026-08-18T10:00:00+05:30
spl_601091d5,exp_9dc62ccc,usr_78afc45f,equal,1,2608.53,INR,settled,2026-07-01T10:00:00+05:30,2026-08-18T10:00:00+05:30
spl_a5b0423b,exp_9dc62ccc,usr_8f81432c,equal,1,2608.54,INR,written_off,,2026-08-18T10:00:00+05:30
spl_fca7b1a9,exp_f0008242,usr_1cfaf7a0,shares,1.267,8964.65,NPR,settled,2026-07-28T10:00:00+05:30,2026-08-18T10:00:00+05:30
spl_02952328,exp_e9571f72,usr_b1a4b433,equal,1,1326.59,INR,settled,2026-07-20T10:00:00+05:30,2026-08-18T10:00:00+05:30
spl_da53ea7e,exp_d2a2defc,usr_65303113,shares,1.3875,2672.85,LKR,settled,2026-08-09T10:00:00+05:30,2026-08-18T10:00:00+05:30
spl_76b62837,exp_d2a2defc,usr_7b03ee88,shares,1.484,2858.80,LKR,outstanding,,2026-08-18T10:00:00+05:30
spl_89686c1f,exp_d2a2defc,usr_72d88a70,shares,1.246,2400.23,LKR,outstanding,,2026-08-18T10:00:00+05:30
spl_8e98c48b,exp_ed66bb97,usr_520d9624,equal,1,990.87,INR,outstanding,,2026-08-18T10:00:00+05:30
spl_3644d84b,exp_ed66bb97,usr_053e7434,equal,1,990.88,INR,written_off,,2026-08-18T10:00:00+05:30
spl_e35601a6,exp_dcce2234,usr_5f5edf0f,custom,2.3282,240.26,INR,settled,2026-06-30T10:00:00+05:30,2026-08-18T10:00:00+05:30
spl_18a08212,exp_dcce2234,usr_322fb6cb,custom,0.8248,85.11,INR,outstanding,,2026-08-18T10:00:00+05:30
spl_b7882ce2,exp_dcce2234,usr_541840e2,custom,2.1787,224.83,INR,settled,2026-07-03T10:00:00+05:30,2026-08-18T10:00:00+05:30
spl_d019e5b0,exp_dcce2234,usr_d59d0fa9,custom,1.9605,202.32,INR,outstanding,,2026-08-18T10:00:00+05:30
spl_5023e6a4,exp_7c4e35e5,usr_76ac5087,custom,1.7341,7656.76,INR,settled,2026-06-29T10:00:00+05:30,2026-08-18T10:00:00+05:30
spl_21003674,exp_e39a8271,usr_55a04c8d,equal,1,292.43,INR,settled,2026-06-27T10:00:00+05:30,2026-08-18T10:00:00+05:30
spl_9876f8dd,exp_e39a8271,usr_b11d6d2c,equal,1,292.44,INR,settled,2026-07-19T10:00:00+05:30,2026-08-18T10:00:00+05:30
spl_4e2748a6,exp_37f66bab,usr_17b45921,equal,1,16108.82,LKR,settled,2026-07-31T10:00:00+05:30,2026-08-18T10:00:00+05:30
spl_9ae6432f,exp_0cd84bb7,usr_7d0ce609,shares,1.9454,450.18,INR,outstanding,,2026-08-18T10:00:00+05:30
spl_0bcf4549,exp_86421369,usr_da6b9625,percentage,0.6555,258.32,THB,outstanding,,2026-08-18T10:00:00+05:30
spl_b4f3c59b,exp_86421369,usr_9b002a1a,percentage,2.0611,812.28,THB,outstanding,,2026-08-18T10:00:00+05:30
spl_86e9ff03,exp_86421369,usr_d3b4799e,percentage,1.5748,620.66,THB,settled,2026-07-13T10:00:00+05:30,2026-08-18T10:00:00+05:30
spl_48a40b52,exp_2b8e5790,usr_bc8d5d3b,percentage,0.8843,3741.90,INR,outstanding,,2026-08-18T10:00:00+05:30
spl_0f3104e6,exp_2b8e5790,usr_61710d50,percentage,1.1611,4912.88,INR,outstanding,,2026-08-18T10:00:00+05:30
spl_ae62a133,exp_673e4e21,usr_e4f15778,equal,1,524.74,INR,outstanding,,2026-08-18T10:00:00+05:30
spl_9a40febe,exp_28e30aa9,usr_ce9ee3ae,equal,1,9594.38,INR,settled,2026-08-10T10:00:00+05:30,2026-08-18T10:00:00+05:30
spl_1f207154,exp_7f5a1646,usr_7a1346e6,percentage,1.6652,250.56,INR,outstanding,,2026-08-18T10:00:00+05:30
spl_ca60d695,exp_7f5a1646,usr_1f3d6d92,percentage,1.9026,286.29,INR,outstanding,,2026-08-18T10:00:00+05:30
spl_d629c44a,exp_7f5a1646,usr_3ee2992a,percentage,2.1319,320.79,INR,settled,2026-07-24T10:00:00+05:30,2026-08-18T10:00:00+05:30
spl_909c0429,exp_7f5a1646,usr_abb36fee,percentage,1.5261,229.63,INR,settled,2026-06-20T10:00:00+05:30,2026-08-18T10:00:00+05:30
spl_115e11e5,exp_f3a9dbed,usr_fa7951d2,equal,1,3092.88,INR,settled,2026-07-20T10:00:00+05:30,2026-08-18T10:00:00+05:30
spl_f2750a13,exp_f3a9dbed,usr_ea479c41,equal,1,3092.87,INR,settled,2026-06-24T10:00:00+05:30,2026-08-18T10:00:00+05:30
spl_58edcb4f,exp_f3a9dbed,usr_2fcc58dc,equal,1,3092.87,INR,outstanding,,2026-08-18T10:00:00+05:30
spl_23a83e11,exp_9aa45b33,usr_243cefe8,custom,0.8004,1805.95,INR,outstanding,,2026-08-18T10:00:00+05:30
spl_244f202f,exp_196cd021,usr_aaf1c470,equal,1,2920.14,INR,outstanding,,2026-08-18T10:00:00+05:30
spl_071a7c45,exp_196cd021,usr_b3f2baa1,equal,1,2920.15,INR,settled,2026-07-14T10:00:00+05:30,2026-08-18T10:00:00+05:30
spl_3709dd53,exp_8e011266,usr_f271c461,equal,1,1473.99,INR,outstanding,,2026-08-18T10:00:00+05:30
spl_ba565b19,exp_ca1add7e,usr_42a441dc,custom,1.5595,150.92,INR,settled,2026-07-10T10:00:00+05:30,2026-08-18T10:00:00+05:30
spl_be5f93ca,exp_ca1add7e,usr_399971ee,custom,2.2424,217.02,INR,outstanding,,2026-08-18T10:00:00+05:30
spl_c82efc25,exp_ca1add7e,usr_b5327682,custom,1.2467,120.65,INR,settled,2026-08-15T10:00:00+05:30,2026-08-18T10:00:00+05:30
spl_9738e137,exp_ca1add7e,usr_ce11983a,custom,1.8058,174.75,INR,outstanding,,2026-08-18T10:00:00+05:30
spl_e592e857,exp_8bcbf8bf,usr_ab49979e,custom,0.5307,682.12,INR,outstanding,,2026-08-18T10:00:00+05:30
spl_b1c9c4ce,exp_5dbe73a4,usr_fa851b11,percentage,2.4851,2571.81,INR,outstanding,,2026-08-18T10:00:00+05:30
spl_6c5a4272,exp_5dbe73a4,usr_6e6d6fef,percentage,0.6858,709.73,INR,settled,2026-06-28T10:00:00+05:30,2026-08-18T10:00:00+05:30
spl_d1112484,exp_5dbe73a4,usr_265423cc,percentage,1.2172,1259.65,INR,outstanding,,2026-08-18T10:00:00+05:30
spl_9b994e23,exp_a6033020,usr_41431693,percentage,1.215,12.00,AED,outstanding,,2026-08-18T10:00:00+05:30
spl_7060ca37,exp_859909c5,usr_77e91c3a,equal,1,1194.99,INR,settled,2026-08-16T10:00:00+05:30,2026-08-18T10:00:00+05:30
spl_710c0f1c,exp_647d1a8e,usr_c010ce3c,equal,1,1334.80,INR,outstanding,,2026-08-18T10:00:00+05:30
spl_f4524793,exp_0bdd798a,usr_7af1e427,custom,1.3791,378.42,INR,settled,2026-07-28T10:00:00+05:30,2026-08-18T10:00:00+05:30
spl_c683fbf2,exp_405d1894,usr_a25f0129,custom,2.2718,253.67,MVR,outstanding,,2026-08-18T10:00:00+05:30
spl_2c85b49a,exp_9bbed05a,usr_247f37bf,equal,1,5590.68,INR,outstanding,,2026-08-18T10:00:00+05:30
spl_0f10a1d3,exp_949895fc,usr_ea41e115,custom,2.0134,1097.79,INR,outstanding,,2026-08-18T10:00:00+05:30
spl_40e1515a,exp_15cfe116,usr_5307f01f,percentage,2.3506,2426.90,INR,settled,2026-08-15T10:00:00+05:30,2026-08-18T10:00:00+05:30
spl_f2941b7d,exp_15cfe116,usr_e10845c8,percentage,1.3101,1352.60,INR,written_off,,2026-08-18T10:00:00+05:30
spl_025cb553,exp_15cfe116,usr_34f98272,percentage,0.6201,640.18,INR,settled,2026-06-27T10:00:00+05:30,2026-08-18T10:00:00+05:30
spl_fb333603,exp_15cfe116,usr_8ddbc4ab,percentage,1.0662,1100.80,INR,outstanding,,2026-08-18T10:00:00+05:30
spl_240b4584,exp_b90a7651,usr_5307f01f,custom,1.0534,248.20,INR,settled,2026-06-30T10:00:00+05:30,2026-08-18T10:00:00+05:30
spl_f24c306c,exp_b90a7651,usr_0e9166f0,custom,1.1474,270.34,INR,outstanding,,2026-08-18T10:00:00+05:30
spl_67d6671e,exp_b90a7651,usr_4a53ac63,custom,1.967,463.45,INR,outstanding,,2026-08-18T10:00:00+05:30
spl_bd2f96a6,exp_38c64f14,usr_4d8f3b3a,equal,1,1721.36,INR,outstanding,,2026-08-18T10:00:00+05:30
spl_f87b4dc7,exp_bbd939d0,usr_7f6d27fe,equal,1,10.32,SGD,outstanding,,2026-08-18T10:00:00+05:30
spl_f61f34dc,exp_6961d535,usr_1501196b,percentage,0.8484,3179.94,INR,settled,2026-06-27T10:00:00+05:30,2026-08-18T10:00:00+05:30
spl_4e0a7828,exp_b2125fa9,usr_77e91c3a,shares,2.2394,963.90,INR,outstanding,,2026-08-18T10:00:00+05:30
spl_a580e0cd,exp_61e8fdfd,usr_44ec53b5,shares,1.0862,227.48,INR,outstanding,,2026-08-18T10:00:00+05:30
spl_9fa9f2b2,exp_61e8fdfd,usr_fcd9bdf6,shares,1.8545,388.37,INR,outstanding,,2026-08-18T10:00:00+05:30
spl_3afa8238,exp_61e8fdfd,usr_62b3f8b8,shares,1.0167,212.92,INR,settled,2026-07-10T10:00:00+05:30,2026-08-18T10:00:00+05:30
spl_43dc5479,exp_8b039496,usr_f23dc3eb,equal,1,1697.77,INR,settled,2026-07-12T10:00:00+05:30,2026-08-18T10:00:00+05:30
spl_0d50caeb,exp_8b039496,usr_76c235d5,equal,1,1697.78,INR,outstanding,,2026-08-18T10:00:00+05:30
spl_d281f8da,exp_b3cd4837,usr_63d6db20,custom,0.7129,1200.16,INR,outstanding,,2026-08-18T10:00:00+05:30
spl_f3c02235,exp_43c5a12b,usr_1c8154b9,percentage,0.6858,1344.53,INR,outstanding,,2026-08-18T10:00:00+05:30
spl_83cddb42,exp_78a9dd7d,usr_72796feb,equal,1,135349.88,IDR,outstanding,,2026-08-18T10:00:00+05:30
spl_24ae4829,exp_eebc441e,usr_0b8f3bdc,custom,0.9151,1335.63,INR,outstanding,,2026-08-18T10:00:00+05:30
spl_125bdca6,exp_eebc441e,usr_ae3758b7,custom,1.6308,2380.16,INR,outstanding,,2026-08-18T10:00:00+05:30
spl_6ff2ee72,exp_eebc441e,usr_95bee04e,custom,0.8755,1277.80,INR,settled,2026-06-26T10:00:00+05:30,2026-08-18T10:00:00+05:30
spl_72817922,exp_ff50646e,usr_c582abb2,equal,1,1368.57,INR,outstanding,,2026-08-18T10:00:00+05:30
spl_0f16a6d3,exp_ce466a0c,usr_2fca7c46,custom,1.5685,970.25,INR,outstanding,,2026-08-18T10:00:00+05:30
spl_d8dd0c98,exp_ce466a0c,usr_5e9a11a1,custom,1.9736,1220.85,INR,outstanding,,2026-08-18T10:00:00+05:30
spl_d398968f,exp_f788ea5a,usr_9d604e2e,equal,1,2295.57,INR,outstanding,,2026-08-18T10:00:00+05:30
spl_a01054bb,exp_f788ea5a,usr_5527167d,equal,1,2295.57,INR,outstanding,,2026-08-18T10:00:00+05:30
spl_23ccd2d9,exp_f788ea5a,usr_35d340e3,equal,1,2295.57,INR,outstanding,,2026-08-18T10:00:00+05:30
spl_118d8ca2,exp_9e010b21,usr_2aa556d6,equal,1,1304.76,INR,outstanding,,2026-08-18T10:00:00+05:30
spl_4a8ba846,exp_58279d6f,usr_ae35e63d,equal,1,518.31,INR,settled,2026-06-22T10:00:00+05:30,2026-08-18T10:00:00+05:30
spl_e1904419,exp_58279d6f,usr_895960e2,equal,1,518.32,INR,settled,2026-07-23T10:00:00+05:30,2026-08-18T10:00:00+05:30
spl_0d68a6cb,exp_3b4edc16,usr_e7b2dd09,equal,1,525.39,INR,outstanding,,2026-08-18T10:00:00+05:30
spl_c4c51346,exp_f00510fb,usr_76c235d5,equal,1,15.94,MYR,outstanding,,2026-08-18T10:00:00+05:30
spl_d32f9ab8,exp_f00510fb,usr_af8b77c2,equal,1,15.93,MYR,settled,2026-08-01T10:00:00+05:30,2026-08-18T10:00:00+05:30
spl_31a10a3c,exp_f00510fb,usr_96740172,equal,1,15.93,MYR,settled,2026-07-25T10:00:00+05:30,2026-08-18T10:00:00+05:30
spl_61ad8b55,exp_f00510fb,usr_76046cf3,equal,1,15.93,MYR,outstanding,,2026-08-18T10:00:00+05:30
spl_6391ad6e,exp_dd9d7ee1,usr_3e25dcc6,equal,1,117.95,INR,settled,2026-08-17T10:00:00+05:30,2026-08-18T10:00:00+05:30
spl_cba9ff1a,exp_dd9d7ee1,usr_ea269383,equal,1,117.95,INR,settled,2026-07-13T10:00:00+05:30,2026-08-18T10:00:00+05:30
spl_6175ef3a,exp_dd9d7ee1,usr_5cdbb1d3,equal,1,117.96,INR,settled,2026-06-27T10:00:00+05:30,2026-08-18T10:00:00+05:30
spl_1ab801e3,exp_dd9d7ee1,usr_21b63d3b,equal,1,117.96,INR,outstanding,,2026-08-18T10:00:00+05:30
spl_d7934045,exp_a9d42a4e,usr_74ed32ff,custom,1.3071,691.50,INR,settled,2026-06-23T10:00:00+05:30,2026-08-18T10:00:00+05:30
spl_50d3c997,exp_73fb6963,usr_07f03d4c,equal,1,476.82,INR,settled,2026-07-29T10:00:00+05:30,2026-08-18T10:00:00+05:30
spl_d53c1e70,exp_73fb6963,usr_6e6d6fef,equal,1,476.83,INR,outstanding,,2026-08-18T10:00:00+05:30
spl_13673d31,exp_16351bc3,usr_07f03d4c,equal,1,1109.43,INR,outstanding,,2026-08-18T10:00:00+05:30
spl_08a227a4,exp_66124821,usr_74ed32ff,custom,1.568,6351.33,INR,outstanding,,2026-08-18T10:00:00+05:30
spl_4e08b7b2,exp_fb110569,usr_2e562f89,percentage,2.1226,565.46,INR,settled,2026-08-07T10:00:00+05:30,2026-08-18T10:00:00+05:30
spl_2689b923,exp_fb110569,usr_0af476d1,percentage,1.2453,331.74,INR,outstanding,,2026-08-18T10:00:00+05:30
spl_823184fc,exp_45c081ad,usr_8add6423,custom,1.2904,1584.74,INR,outstanding,,2026-08-18T10:00:00+05:30
spl_9ab9460f,exp_45c081ad,usr_2808d36a,custom,0.6087,747.56,INR,outstanding,,2026-08-18T10:00:00+05:30
spl_01fc8b8a,exp_45c081ad,usr_d504f21d,custom,0.6879,844.82,INR,settled,2026-08-08T10:00:00+05:30,2026-08-18T10:00:00+05:30
spl_6d980de6,exp_45c081ad,usr_6bf6f0c2,custom,1.246,1530.27,INR,outstanding,,2026-08-18T10:00:00+05:30
spl_cec6b8b8,exp_ec2acf8d,usr_76c235d5,equal,1,289.29,INR,outstanding,,2026-08-18T10:00:00+05:30
spl_cba78bcb,exp_ec2acf8d,usr_0c1ce238,equal,1,289.29,INR,outstanding,,2026-08-18T10:00:00+05:30
spl_81cfee47,exp_386be83d,usr_e4376908,custom,1.2777,330.84,INR,outstanding,,2026-08-18T10:00:00+05:30
spl_90e32f89,exp_25ac8c32,usr_2433031a,equal,1,65.93,AED,outstanding,,2026-08-18T10:00:00+05:30
spl_6398a2a0,exp_9feba263,usr_21700d8e,equal,1,348.11,INR,settled,2026-06-30T10:00:00+05:30,2026-08-18T10:00:00+05:30
spl_4c0b1718,exp_9feba263,usr_e60873aa,equal,1,348.11,INR,settled,2026-06-22T10:00:00+05:30,2026-08-18T10:00:00+05:30
spl_4d97f5dd,exp_9feba263,usr_3134253d,equal,1,348.11,INR,outstanding,,2026-08-18T10:00:00+05:30
spl_6cb83872,exp_290d873b,usr_60e00854,equal,1,483.70,INR,settled,2026-08-01T10:00:00+05:30,2026-08-18T10:00:00+05:30
spl_04700a7d,exp_73a6fc3b,usr_67de0711,equal,1,2012.01,NPR,outstanding,,2026-08-18T10:00:00+05:30
spl_28b4b0c9,exp_991a6344,usr_ddcb196c,equal,1,706.08,JPY,settled,2026-07-05T10:00:00+05:30,2026-08-18T10:00:00+05:30
spl_b7c40bc7,exp_991a6344,usr_0ecee4ac,equal,1,706.09,JPY,outstanding,,2026-08-18T10:00:00+05:30
spl_e6cc2c24,exp_b64e48e2,usr_b96ef58c,equal,1,159.34,INR,settled,2026-07-20T10:00:00+05:30,2026-08-18T10:00:00+05:30
spl_5409938a,exp_b64e48e2,usr_d312cbff,equal,1,159.34,INR,settled,2026-08-15T10:00:00+05:30,2026-08-18T10:00:00+05:30
spl_afd12a4a,exp_b64e48e2,usr_228f37bd,equal,1,159.35,INR,outstanding,,2026-08-18T10:00:00+05:30
spl_ec49958b,exp_b64e48e2,usr_991a1e29,equal,1,159.35,INR,outstanding,,2026-08-18T10:00:00+05:30
spl_5736982b,exp_8e29596b,usr_efe9a3aa,equal,1,1931.32,INR,settled,2026-06-20T10:00:00+05:30,2026-08-18T10:00:00+05:30
spl_ce8d80e6,exp_2a9994a3,usr_a3f4f2d9,percentage,1.1222,7037.96,INR,outstanding,,2026-08-18T10:00:00+05:30
spl_7b32c01c,exp_3b0fbfa7,usr_b2323a23,percentage,2.0063,112.86,MYR,outstanding,,2026-08-18T10:00:00+05:30
spl_3b095911,exp_061650b8,usr_96740172,equal,1,612.25,INR,outstanding,,2026-08-18T10:00:00+05:30
spl_ce57ea68,exp_061650b8,usr_ab2353de,equal,1,612.26,INR,outstanding,,2026-08-18T10:00:00+05:30
spl_92afbb9c,exp_db93dd08,usr_520d9624,equal,1,782.21,INR,settled,2026-07-09T10:00:00+05:30,2026-08-18T10:00:00+05:30
spl_672ac656,exp_db93dd08,usr_053e7434,equal,1,782.21,INR,settled,2026-06-28T10:00:00+05:30,2026-08-18T10:00:00+05:30
spl_b30b50dc,exp_56a100cf,usr_0b8f3bdc,equal,1,1453.76,INR,settled,2026-08-01T10:00:00+05:30,2026-08-18T10:00:00+05:30
spl_ee8a9cc5,exp_56a100cf,usr_6edece59,equal,1,1453.77,INR,settled,2026-07-01T10:00:00+05:30,2026-08-18T10:00:00+05:30
spl_59002a4e,exp_56a100cf,usr_95bee04e,equal,1,1453.77,INR,outstanding,,2026-08-18T10:00:00+05:30
spl_88c02931,exp_56a100cf,usr_58d2b52f,equal,1,1453.77,INR,outstanding,,2026-08-18T10:00:00+05:30
spl_37407aae,exp_88208c19,usr_b8c5bfe0,equal,1,3379.83,INR,settled,2026-07-16T10:00:00+05:30,2026-08-18T10:00:00+05:30
spl_c7e0311f,exp_a2205eab,usr_fe056e56,custom,1.9177,459.79,INR,outstanding,,2026-08-18T10:00:00+05:30
spl_f0152c72,exp_89928896,usr_e0853a17,custom,0.9732,3525.88,INR,settled,2026-07-26T10:00:00+05:30,2026-08-18T10:00:00+05:30
spl_9a66b509,exp_89928896,usr_428c2df2,custom,1.7365,6291.33,INR,outstanding,,2026-08-18T10:00:00+05:30
spl_7817c496,exp_5774fa9b,usr_bedf358a,equal,1,3348.58,INR,settled,2026-06-24T10:00:00+05:30,2026-08-18T10:00:00+05:30
spl_788539ab,exp_5774fa9b,usr_a386ca28,equal,1,3348.58,INR,outstanding,,2026-08-18T10:00:00+05:30
spl_78452e29,exp_c39965d8,usr_e528f9b0,custom,0.596,13.21,MYR,settled,2026-06-22T10:00:00+05:30,2026-08-18T10:00:00+05:30
spl_1e7520d3,exp_c39965d8,usr_2209582f,custom,2.067,45.81,MYR,outstanding,,2026-08-18T10:00:00+05:30
spl_d47f8585,exp_cf57bceb,usr_52de2228,equal,1,881.09,INR,written_off,,2026-08-18T10:00:00+05:30
spl_be934d7d,exp_cf57bceb,usr_98ca8444,equal,1,881.09,INR,outstanding,,2026-08-18T10:00:00+05:30
spl_2401f737,exp_27736468,usr_98ca8444,custom,1.4467,2.72,QAR,outstanding,,2026-08-18T10:00:00+05:30
spl_d075e72b,exp_27736468,usr_fa3a9dd6,custom,1.2175,2.29,QAR,outstanding,,2026-08-18T10:00:00+05:30
spl_4969d95e,exp_27736468,usr_82545d82,custom,0.6245,1.18,QAR,outstanding,,2026-08-18T10:00:00+05:30
spl_68851f05,exp_27736468,usr_0eb7982c,custom,2.4695,4.65,QAR,settled,2026-07-31T10:00:00+05:30,2026-08-18T10:00:00+05:30
spl_996bade8,exp_6cce63da,usr_8e89346c,equal,1,7593.96,LKR,outstanding,,2026-08-18T10:00:00+05:30
spl_a9d4c974,exp_575b9d5f,usr_e3e0cd9d,equal,1,8237.22,INR,outstanding,,2026-08-18T10:00:00+05:30
spl_965f7815,exp_2d87c74c,usr_d56927f7,percentage,0.9365,667.39,INR,outstanding,,2026-08-18T10:00:00+05:30
spl_8dbc6b2b,exp_09cb1af9,usr_63531f2d,equal,1,1853.13,INR,outstanding,,2026-08-18T10:00:00+05:30
spl_b16bc20f,exp_09cb1af9,usr_51983e08,equal,1,1853.13,INR,written_off,,2026-08-18T10:00:00+05:30
spl_87a463b7,exp_a4423efb,usr_225fd2f9,equal,1,3239.76,INR,outstanding,,2026-08-18T10:00:00+05:30
spl_39c39d59,exp_a4423efb,usr_a3f4f2d9,equal,1,3239.77,INR,settled,2026-07-18T10:00:00+05:30,2026-08-18T10:00:00+05:30
spl_43e57d7d,exp_964587bb,usr_cb3be250,equal,1,320.94,INR,settled,2026-06-28T10:00:00+05:30,2026-08-18T10:00:00+05:30
spl_05f97a3b,exp_964587bb,usr_50bcfb30,equal,1,320.95,INR,settled,2026-07-03T10:00:00+05:30,2026-08-18T10:00:00+05:30
spl_79e5a9c7,exp_c3bf7308,usr_8eb4e3e7,equal,1,2.36,CHF,outstanding,,2026-08-18T10:00:00+05:30
spl_c0eccc38,exp_c3bf7308,usr_b86dd891,equal,1,2.36,CHF,settled,2026-08-10T10:00:00+05:30,2026-08-18T10:00:00+05:30
spl_2bc273d3,exp_9cac4fb8,usr_3127972d,equal,1,2745.89,INR,settled,2026-07-21T10:00:00+05:30,2026-08-18T10:00:00+05:30
spl_2ee86493,exp_9cac4fb8,usr_5f22c672,equal,1,2745.88,INR,outstanding,,2026-08-18T10:00:00+05:30
spl_54bb447c,exp_9cac4fb8,usr_ece2ab24,equal,1,2745.88,INR,outstanding,,2026-08-18T10:00:00+05:30
spl_7085cbe3,exp_b7355f09,usr_b4a877b0,equal,1,33.76,QAR,outstanding,,2026-08-18T10:00:00+05:30
spl_a09c6962,exp_ce3e70b7,usr_9e33a102,custom,2.2446,697.44,INR,settled,2026-08-16T10:00:00+05:30,2026-08-18T10:00:00+05:30
spl_c451a342,exp_ce3e70b7,usr_9ae9cbcb,custom,2.0038,622.63,INR,settled,2026-07-03T10:00:00+05:30,2026-08-18T10:00:00+05:30
spl_203a09b3,exp_ce3e70b7,usr_42dc4da4,custom,1.8886,586.83,INR,outstanding,,2026-08-18T10:00:00+05:30
spl_46091313,exp_d7283dc1,usr_5f1e6e1c,shares,1.4316,2564.39,JPY,settled,2026-06-28T10:00:00+05:30,2026-08-18T10:00:00+05:30
spl_5dd9f6e5,exp_f0314bcb,usr_bc9d20fa,equal,1,351.79,INR,settled,2026-07-31T10:00:00+05:30,2026-08-18T10:00:00+05:30
spl_3e1c7226,exp_f8e72a2b,usr_fd8f7b49,equal,1,344.10,INR,settled,2026-07-12T10:00:00+05:30,2026-08-18T10:00:00+05:30
spl_220db22f,exp_f8e72a2b,usr_045378e4,equal,1,344.11,INR,outstanding,,2026-08-18T10:00:00+05:30
spl_4478635b,exp_f8e72a2b,usr_6498a0a8,equal,1,344.11,INR,outstanding,,2026-08-18T10:00:00+05:30
spl_bdd161f5,exp_4e3dc856,usr_34e42e87,custom,1.2538,337.05,JPY,outstanding,,2026-08-18T10:00:00+05:30
spl_ccc6e36e,exp_4e3dc856,usr_51247360,custom,0.9572,257.32,JPY,outstanding,,2026-08-18T10:00:00+05:30
spl_8947a06b,exp_4e3dc856,usr_fecd2601,custom,1.8172,488.49,JPY,settled,2026-07-14T10:00:00+05:30,2026-08-18T10:00:00+05:30
spl_23e40048,exp_4e3dc856,usr_4d8f3b3a,custom,1.5649,420.67,JPY,outstanding,,2026-08-18T10:00:00+05:30
spl_06629c4f,exp_bdc33655,usr_2433031a,custom,1.7297,96.78,AED,outstanding,,2026-08-18T10:00:00+05:30
spl_4fa38ebc,exp_bdc33655,usr_508f15f0,custom,2.3369,130.74,AED,settled,2026-07-19T10:00:00+05:30,2026-08-18T10:00:00+05:30
spl_61444135,exp_086d7794,usr_68f38693,equal,1,4.96,MYR,outstanding,,2026-08-18T10:00:00+05:30
spl_09185d35,exp_086d7794,usr_63d19d4c,equal,1,4.95,MYR,outstanding,,2026-08-18T10:00:00+05:30
spl_d232b565,exp_086d7794,usr_f48b4353,equal,1,4.95,MYR,outstanding,,2026-08-18T10:00:00+05:30
spl_199834e2,exp_086d7794,usr_2136e1fa,equal,1,4.95,MYR,settled,2026-07-29T10:00:00+05:30,2026-08-18T10:00:00+05:30
spl_4254788a,exp_77460116,usr_35d340e3,equal,1,164929.71,IDR,settled,2026-07-16T10:00:00+05:30,2026-08-18T10:00:00+05:30
spl_45efedb4,exp_77460116,usr_52de2228,equal,1,164929.71,IDR,settled,2026-07-25T10:00:00+05:30,2026-08-18T10:00:00+05:30
spl_0475c847,exp_98265aa0,usr_df582802,shares,0.6969,61.36,MVR,settled,2026-07-05T10:00:00+05:30,2026-08-18T10:00:00+05:30
spl_12ee6977,exp_98265aa0,usr_6e20f92e,shares,2.1488,189.18,MVR,settled,2026-06-23T10:00:00+05:30,2026-08-18T10:00:00+05:30
spl_2bc05ae4,exp_98265aa0,usr_f6728ccc,shares,2.2266,196.02,MVR,outstanding,,2026-08-18T10:00:00+05:30
spl_cd4ab477,exp_98265aa0,usr_e4980687,shares,2.0561,181.02,MVR,settled,2026-08-15T10:00:00+05:30,2026-08-18T10:00:00+05:30
spl_bd29ca03,exp_ac108efe,usr_c4dc3602,equal,1,1722.04,INR,outstanding,,2026-08-18T10:00:00+05:30
spl_2ed82206,exp_fdadd267,usr_8e272905,custom,2.2475,400.48,INR,outstanding,,2026-08-18T10:00:00+05:30
spl_f255eaad,exp_fdadd267,usr_df77fb8e,custom,1.8985,338.28,INR,outstanding,,2026-08-18T10:00:00+05:30
spl_9b711bff,exp_fdadd267,usr_6c3fae7b,custom,2.2753,405.43,INR,settled,2026-07-25T10:00:00+05:30,2026-08-18T10:00:00+05:30
spl_e7b84689,exp_a5117efa,usr_e7b2dd09,equal,1,9695.06,INR,settled,2026-08-14T10:00:00+05:30,2026-08-18T10:00:00+05:30
spl_e8e8d293,exp_3c528a42,usr_f50e2299,custom,1.5911,1163.73,INR,settled,2026-06-30T10:00:00+05:30,2026-08-18T10:00:00+05:30
spl_0b70cacd,exp_57e5bc64,usr_c426b4e1,equal,1,2129.00,INR,settled,2026-07-04T10:00:00+05:30,2026-08-18T10:00:00+05:30
spl_5791df88,exp_57e5bc64,usr_ef82139e,equal,1,2129.00,INR,settled,2026-06-23T10:00:00+05:30,2026-08-18T10:00:00+05:30
spl_2f292b2a,exp_57e5bc64,usr_e95757cb,equal,1,2129.01,INR,outstanding,,2026-08-18T10:00:00+05:30
spl_b74cbbe3,exp_57e5bc64,usr_c46032f3,equal,1,2129.01,INR,outstanding,,2026-08-18T10:00:00+05:30
spl_abda093a,exp_73a2108e,usr_5307f01f,equal,1,1924.11,INR,settled,2026-06-21T10:00:00+05:30,2026-08-18T10:00:00+05:30
spl_7d09d74f,exp_63a65c98,usr_68f38693,equal,1,1942.35,INR,outstanding,,2026-08-18T10:00:00+05:30
spl_ecbf7382,exp_63a65c98,usr_edf2bbfa,equal,1,1942.36,INR,outstanding,,2026-08-18T10:00:00+05:30
spl_e550cd27,exp_63a65c98,usr_5de9da21,equal,1,1942.36,INR,settled,2026-08-16T10:00:00+05:30,2026-08-18T10:00:00+05:30
spl_3c9ac3eb,exp_63a65c98,usr_c94b68cc,equal,1,1942.36,INR,written_off,,2026-08-18T10:00:00+05:30
spl_5a7c6d37,exp_b634281a,usr_13d8f6bd,custom,2.01,229.80,INR,settled,2026-08-16T10:00:00+05:30,2026-08-18T10:00:00+05:30
spl_315808d4,exp_b634281a,usr_ee5c9717,custom,2.4085,275.36,INR,outstanding,,2026-08-18T10:00:00+05:30
spl_ccda0ce3,exp_b634281a,usr_57890fbe,custom,2.4625,281.53,INR,settled,2026-07-01T10:00:00+05:30,2026-08-18T10:00:00+05:30
spl_b39919c1,exp_b634281a,usr_7e89b5af,custom,0.7438,85.05,INR,outstanding,,2026-08-18T10:00:00+05:30
spl_3f404a36,exp_b7764356,usr_4b9412c5,equal,1,7659.35,INR,outstanding,,2026-08-18T10:00:00+05:30
spl_9e0f8872,exp_5a9dc61b,usr_aaf1c470,equal,1,5206.54,INR,outstanding,,2026-08-18T10:00:00+05:30
spl_f59ca03c,exp_f99558eb,usr_b96ef58c,custom,2.3335,701.08,INR,settled,2026-07-25T10:00:00+05:30,2026-08-18T10:00:00+05:30
spl_e9924ccf,exp_a12ae3cc,usr_bc9d20fa,equal,1,482.46,INR,outstanding,,2026-08-18T10:00:00+05:30
spl_0fab8acd,exp_d502ed2d,usr_74e3ecb1,equal,1,882.00,THB,outstanding,,2026-08-18T10:00:00+05:30
spl_b95cd75c,exp_d502ed2d,usr_693c20b9,equal,1,882.00,THB,outstanding,,2026-08-18T10:00:00+05:30
spl_580e320f,exp_d502ed2d,usr_77e91c3a,equal,1,882.00,THB,settled,2026-08-09T10:00:00+05:30,2026-08-18T10:00:00+05:30
spl_fadfab42,exp_127d633c,usr_7796e5e8,custom,0.9126,937.39,INR,outstanding,,2026-08-18T10:00:00+05:30
spl_dfdcebf8,exp_2d5814d7,usr_98212b28,percentage,1.1087,336.14,INR,outstanding,,2026-08-18T10:00:00+05:30
spl_5503fa18,exp_2d5814d7,usr_13d8f6bd,percentage,0.6522,197.75,INR,outstanding,,2026-08-18T10:00:00+05:30
spl_aac5fe54,exp_611cfa7e,usr_76043d79,equal,1,855.39,INR,outstanding,,2026-08-18T10:00:00+05:30
spl_d3f050de,exp_611cfa7e,usr_b3f2baa1,equal,1,855.39,INR,settled,2026-08-03T10:00:00+05:30,2026-08-18T10:00:00+05:30
spl_0226da1f,exp_5f50d5cb,usr_651a4d17,equal,1,3679.56,INR,settled,2026-07-31T10:00:00+05:30,2026-08-18T10:00:00+05:30
spl_13b2d3aa,exp_5f50d5cb,usr_62a77a41,equal,1,3679.57,INR,outstanding,,2026-08-18T10:00:00+05:30
spl_ec80e8b6,exp_53a828a5,usr_e9d7fa81,equal,1,26.64,QAR,outstanding,,2026-08-18T10:00:00+05:30
spl_78ac1c6e,exp_53a828a5,usr_9b3b547f,equal,1,26.64,QAR,outstanding,,2026-08-18T10:00:00+05:30
spl_510127eb,exp_e24a7279,usr_bc67142c,custom,2.0267,388.26,MVR,outstanding,,2026-08-18T10:00:00+05:30
spl_91d0398b,exp_01fcf60a,usr_29fdaeb0,shares,1.9985,1591.71,INR,outstanding,,2026-08-18T10:00:00+05:30
spl_78b52727,exp_17df4621,usr_3b70ae01,equal,1,229.83,INR,outstanding,,2026-08-18T10:00:00+05:30
spl_0d8fe99d,exp_17df4621,usr_ae377360,equal,1,229.83,INR,settled,2026-07-14T10:00:00+05:30,2026-08-18T10:00:00+05:30
spl_8aae75be,exp_e8863310,usr_44604a9d,shares,1.7288,488.81,INR,settled,2026-07-29T10:00:00+05:30,2026-08-18T10:00:00+05:30
spl_24e8065a,exp_e8863310,usr_14ca6dc1,shares,1.4702,415.69,INR,outstanding,,2026-08-18T10:00:00+05:30
spl_339ffdfb,exp_e8863310,usr_1bd9093b,shares,1.9578,553.57,INR,settled,2026-08-02T10:00:00+05:30,2026-08-18T10:00:00+05:30
spl_702163e1,exp_3e8e5be4,usr_a6eaecde,percentage,0.5771,668.33,INR,settled,2026-07-25T10:00:00+05:30,2026-08-18T10:00:00+05:30
spl_e0b8b282,exp_eb1fa624,usr_b8c5bfe0,equal,1,9547.52,INR,written_off,,2026-08-18T10:00:00+05:30
spl_0eabb48b,exp_1b8b6a54,usr_f4863900,equal,1,66.61,MVR,settled,2026-07-13T10:00:00+05:30,2026-08-18T10:00:00+05:30
spl_8cb4e4d8,exp_ec40ea0f,usr_e7b2dd09,equal,1,500.89,INR,outstanding,,2026-08-18T10:00:00+05:30
spl_f4ac614f,exp_6997fb79,usr_8b3ba681,custom,1.1572,172.83,INR,outstanding,,2026-08-18T10:00:00+05:30
spl_04856255,exp_6997fb79,usr_e7722766,custom,1.6611,248.10,INR,outstanding,,2026-08-18T10:00:00+05:30
spl_62e4f293,exp_0c3b0088,usr_24e54a31,equal,1,520.07,THB,outstanding,,2026-08-18T10:00:00+05:30
spl_b9df4711,exp_2a409f32,usr_7e340c2a,percentage,1.8725,809.01,INR,outstanding,,2026-08-18T10:00:00+05:30
spl_eba2f7ff,exp_9266772b,usr_c010ce3c,equal,1,558.39,INR,outstanding,,2026-08-18T10:00:00+05:30
spl_8b5f1b60,exp_8e004546,usr_60e00854,shares,1.0254,3163.08,NPR,outstanding,,2026-08-18T10:00:00+05:30
spl_82adfa07,exp_f267de66,usr_95bee04e,equal,1,167.31,INR,outstanding,,2026-08-18T10:00:00+05:30
spl_c6660df8,exp_f267de66,usr_8e272905,equal,1,167.31,INR,outstanding,,2026-08-18T10:00:00+05:30
spl_b1cb437e,exp_f267de66,usr_fd8f7b49,equal,1,167.31,INR,settled,2026-08-06T10:00:00+05:30,2026-08-18T10:00:00+05:30
spl_c9b75c2e,exp_5ad96017,usr_51275e79,equal,1,733.43,NPR,settled,2026-08-14T10:00:00+05:30,2026-08-18T10:00:00+05:30
spl_c166879e,exp_5ad96017,usr_6498a0a8,equal,1,733.43,NPR,outstanding,,2026-08-18T10:00:00+05:30
spl_61996fb1,exp_5ad96017,usr_866a8f33,equal,1,733.43,NPR,settled,2026-08-17T10:00:00+05:30,2026-08-18T10:00:00+05:30
spl_59ad3d88,exp_cc5d9740,usr_9d604e2e,equal,1,401.44,INR,settled,2026-06-20T10:00:00+05:30,2026-08-18T10:00:00+05:30
spl_55fecc2a,exp_cc5d9740,usr_5527167d,equal,1,401.43,INR,outstanding,,2026-08-18T10:00:00+05:30
spl_95f5ba32,exp_cc5d9740,usr_35d340e3,equal,1,401.43,INR,outstanding,,2026-08-18T10:00:00+05:30
spl_a14479e1,exp_a4417c5e,usr_e1d938d9,equal,1,3088.20,INR,outstanding,,2026-08-18T10:00:00+05:30
spl_015b747b,exp_8aadeaa1,usr_40c95b13,equal,1,6047.65,LKR,outstanding,,2026-08-18T10:00:00+05:30
spl_a4c446ca,exp_00a6b29d,usr_ca24d130,equal,1,1521.78,INR,outstanding,,2026-08-18T10:00:00+05:30
spl_259efdd3,exp_5b8cd4a7,usr_0ae483ef,percentage,2.3827,543.35,INR,settled,2026-06-27T10:00:00+05:30,2026-08-18T10:00:00+05:30
spl_5b52612d,exp_5b8cd4a7,usr_32a5a217,percentage,0.5375,122.58,INR,written_off,,2026-08-18T10:00:00+05:30
spl_1dfcd286,exp_d8cf15bd,usr_2b7e8931,equal,1,1499.68,INR,settled,2026-07-13T10:00:00+05:30,2026-08-18T10:00:00+05:30
spl_8f0c7ce6,exp_9969ba4a,usr_aaf1c470,custom,2.4539,109.25,MVR,outstanding,,2026-08-18T10:00:00+05:30
spl_75482c4c,exp_a8200090,usr_65303113,equal,1,2007.95,LKR,outstanding,,2026-08-18T10:00:00+05:30
spl_5988a11e,exp_a8200090,usr_7b03ee88,equal,1,2007.94,LKR,outstanding,,2026-08-18T10:00:00+05:30
spl_230cb999,exp_a8200090,usr_72d88a70,equal,1,2007.94,LKR,outstanding,,2026-08-18T10:00:00+05:30
spl_0002dfff,exp_cbb27cbf,usr_9e33a102,percentage,1.8731,759.84,INR,outstanding,,2026-08-18T10:00:00+05:30
spl_77fa1c5c,exp_cbb27cbf,usr_9ae9cbcb,percentage,0.6692,271.48,INR,outstanding,,2026-08-18T10:00:00+05:30
spl_f2361114,exp_cbb27cbf,usr_893bfbd9,percentage,1.9636,796.54,INR,outstanding,,2026-08-18T10:00:00+05:30
spl_92c28633,exp_775b4444,usr_bc4b67f6,percentage,2.4668,3665.59,INR,outstanding,,2026-08-18T10:00:00+05:30
spl_a3728b9d,exp_775b4444,usr_67de0711,percentage,2.3432,3481.87,INR,outstanding,,2026-08-18T10:00:00+05:30
spl_6f435e10,exp_775b4444,usr_7edfea3c,percentage,1.2169,1808.34,INR,settled,2026-07-13T10:00:00+05:30,2026-08-18T10:00:00+05:30
spl_6c9ba45a,exp_73360aa4,usr_3393c7a2,equal,1,306.61,MVR,outstanding,,2026-08-18T10:00:00+05:30
spl_a51febfc,exp_73360aa4,usr_268fdb85,equal,1,306.61,MVR,outstanding,,2026-08-18T10:00:00+05:30
spl_05b96356,exp_73360aa4,usr_b50df034,equal,1,306.62,MVR,settled,2026-07-16T10:00:00+05:30,2026-08-18T10:00:00+05:30
spl_3137f8c2,exp_73360aa4,usr_72796feb,equal,1,306.62,MVR,outstanding,,2026-08-18T10:00:00+05:30
spl_871ee405,exp_11f94a5a,usr_ea269383,percentage,2.1931,405.77,INR,outstanding,,2026-08-18T10:00:00+05:30
spl_94242898,exp_11f94a5a,usr_57798fdb,percentage,0.6889,127.47,INR,settled,2026-07-05T10:00:00+05:30,2026-08-18T10:00:00+05:30
spl_a731fe8e,exp_62ee0700,usr_a5077371,shares,1.0761,650.53,INR,outstanding,,2026-08-18T10:00:00+05:30
spl_051fd0ba,exp_62ee0700,usr_fc8fd348,shares,1.0131,612.44,INR,settled,2026-07-14T10:00:00+05:30,2026-08-18T10:00:00+05:30
spl_634f50fa,exp_9d2c781b,usr_74e3ecb1,equal,1,369.80,INR,settled,2026-07-29T10:00:00+05:30,2026-08-18T10:00:00+05:30
spl_7e44b86a,exp_9d2c781b,usr_693c20b9,equal,1,369.81,INR,settled,2026-06-27T10:00:00+05:30,2026-08-18T10:00:00+05:30
spl_1a9bf9e9,exp_9d2c781b,usr_77e91c3a,equal,1,369.81,INR,outstanding,,2026-08-18T10:00:00+05:30
spl_9eba10cf,exp_0f832bd8,usr_e6dca418,equal,1,1087.81,INR,outstanding,,2026-08-18T10:00:00+05:30
spl_0388da5d,exp_0f832bd8,usr_b0226153,equal,1,1087.80,INR,settled,2026-06-20T10:00:00+05:30,2026-08-18T10:00:00+05:30
spl_e1f0102c,exp_0f832bd8,usr_37079a82,equal,1,1087.80,INR,settled,2026-06-29T10:00:00+05:30,2026-08-18T10:00:00+05:30
spl_a490864b,exp_a599f1d1,usr_8cace6bd,percentage,2.1021,861.36,NPR,settled,2026-07-28T10:00:00+05:30,2026-08-18T10:00:00+05:30
spl_e76e07b3,exp_a599f1d1,usr_78bb2d82,percentage,0.8092,331.57,NPR,outstanding,,2026-08-18T10:00:00+05:30
spl_37ab0327,exp_a599f1d1,usr_6cdfb2c8,percentage,0.5369,219.99,NPR,settled,2026-06-25T10:00:00+05:30,2026-08-18T10:00:00+05:30
spl_dd65ca4a,exp_a599f1d1,usr_737d4dab,percentage,1.7173,703.69,NPR,settled,2026-07-31T10:00:00+05:30,2026-08-18T10:00:00+05:30
spl_5d4e27d5,exp_500390cc,usr_01d12bc2,custom,0.6463,617.18,INR,settled,2026-07-08T10:00:00+05:30,2026-08-18T10:00:00+05:30
spl_185a7761,exp_500390cc,usr_3e25dcc6,custom,0.9293,887.44,INR,outstanding,,2026-08-18T10:00:00+05:30
spl_2aeb67ae,exp_d6dabce9,usr_51247360,shares,1.2892,1599.14,INR,outstanding,,2026-08-18T10:00:00+05:30
spl_858ba05d,exp_b10409ad,usr_9afd8eab,equal,1,783.00,BTN,settled,2026-07-04T10:00:00+05:30,2026-08-18T10:00:00+05:30
spl_1bd9e783,exp_b10409ad,usr_5bfe40e4,equal,1,783.00,BTN,settled,2026-06-27T10:00:00+05:30,2026-08-18T10:00:00+05:30
spl_3974978e,exp_8022a8dd,usr_85c09ee4,equal,1,544.96,INR,outstanding,,2026-08-18T10:00:00+05:30
spl_1ae7de67,exp_8022a8dd,usr_90afe18c,equal,1,544.97,INR,outstanding,,2026-08-18T10:00:00+05:30
spl_6d0dfa41,exp_8022a8dd,usr_e528f9b0,equal,1,544.97,INR,outstanding,,2026-08-18T10:00:00+05:30
spl_e2714de7,exp_910d304f,usr_bc67142c,custom,2.0566,836.84,INR,settled,2026-07-04T10:00:00+05:30,2026-08-18T10:00:00+05:30
spl_1e5d53be,exp_910d304f,usr_ca0410cb,custom,1.4405,586.14,INR,outstanding,,2026-08-18T10:00:00+05:30
spl_3732dd99,exp_910d304f,usr_464e9998,custom,2.057,837.01,INR,written_off,,2026-08-18T10:00:00+05:30
spl_62b5ebf5,exp_167d22b9,usr_ce38459a,percentage,0.8862,96.33,INR,outstanding,,2026-08-18T10:00:00+05:30
spl_d8d7c17c,exp_167d22b9,usr_dc032205,percentage,2.0016,217.58,INR,settled,2026-06-28T10:00:00+05:30,2026-08-18T10:00:00+05:30
spl_f28d810e,exp_167d22b9,usr_ea269383,percentage,2.2389,243.37,INR,settled,2026-07-18T10:00:00+05:30,2026-08-18T10:00:00+05:30
spl_4f6fe5da,exp_543cf63a,usr_160064ff,equal,1,2051.15,INR,settled,2026-06-23T10:00:00+05:30,2026-08-18T10:00:00+05:30
spl_5071fe2e,exp_543cf63a,usr_7e684451,equal,1,2051.14,INR,outstanding,,2026-08-18T10:00:00+05:30
spl_0c5afcc9,exp_543cf63a,usr_cb0928ac,equal,1,2051.14,INR,settled,2026-07-06T10:00:00+05:30,2026-08-18T10:00:00+05:30
spl_9794079c,exp_49bc500e,usr_65b43f7e,equal,1,1011.77,INR,settled,2026-06-25T10:00:00+05:30,2026-08-18T10:00:00+05:30
spl_9cf51ed0,exp_3aade701,usr_2fca7c46,equal,1,272.58,NPR,settled,2026-07-27T10:00:00+05:30,2026-08-18T10:00:00+05:30
spl_d2d79878,exp_3aade701,usr_e6dcafe4,equal,1,272.58,NPR,settled,2026-06-27T10:00:00+05:30,2026-08-18T10:00:00+05:30
spl_27ea3ad2,exp_3aade701,usr_6c5b2519,equal,1,272.58,NPR,outstanding,,2026-08-18T10:00:00+05:30
spl_d22d5fea,exp_9b1fb123,usr_8add6423,equal,1,155.44,INR,settled,2026-06-22T10:00:00+05:30,2026-08-18T10:00:00+05:30
spl_af8cd3c4,exp_9b1fb123,usr_2808d36a,equal,1,155.45,INR,outstanding,,2026-08-18T10:00:00+05:30
spl_1a8c2510,exp_9b1fb123,usr_d504f21d,equal,1,155.45,INR,outstanding,,2026-08-18T10:00:00+05:30
spl_7c4af27c,exp_9b1fb123,usr_6bf6f0c2,equal,1,155.45,INR,settled,2026-08-09T10:00:00+05:30,2026-08-18T10:00:00+05:30
spl_e48a15c0,exp_60e064ef,usr_1c8154b9,equal,1,725.22,INR,outstanding,,2026-08-18T10:00:00+05:30
spl_5f3fcdee,exp_d20834b4,usr_0551c67a,custom,1.6826,349.13,INR,outstanding,,2026-08-18T10:00:00+05:30
spl_725a8c4c,exp_d20834b4,usr_aefdae86,custom,2.2781,472.71,INR,settled,2026-07-06T10:00:00+05:30,2026-08-18T10:00:00+05:30
spl_7e45b353,exp_d20834b4,usr_e6dca418,custom,0.7604,157.77,INR,outstanding,,2026-08-18T10:00:00+05:30
spl_80a7fe39,exp_d20834b4,usr_ce941853,custom,1.718,356.48,INR,outstanding,,2026-08-18T10:00:00+05:30
spl_8c0662ee,exp_0282914a,usr_cb0928ac,custom,0.9512,11.50,AED,settled,2026-06-29T10:00:00+05:30,2026-08-18T10:00:00+05:30
spl_bb797098,exp_0282914a,usr_4794174d,custom,1.7635,21.33,AED,outstanding,,2026-08-18T10:00:00+05:30
spl_0f50d945,exp_0282914a,usr_f3d35bfe,custom,1.7946,21.70,AED,outstanding,,2026-08-18T10:00:00+05:30
spl_5b9ae986,exp_c73a05d7,usr_7faf6134,equal,1,1211.24,INR,settled,2026-07-22T10:00:00+05:30,2026-08-18T10:00:00+05:30
spl_489193c5,exp_c73a05d7,usr_d1a44892,equal,1,1211.24,INR,settled,2026-08-03T10:00:00+05:30,2026-08-18T10:00:00+05:30
spl_56d130b6,exp_c73a05d7,usr_01d12bc2,equal,1,1211.24,INR,settled,2026-07-10T10:00:00+05:30,2026-08-18T10:00:00+05:30
spl_4b6a2806,exp_c73a05d7,usr_3e25dcc6,equal,1,1211.24,INR,settled,2026-06-29T10:00:00+05:30,2026-08-18T10:00:00+05:30
spl_3c9df54b,exp_70b677b2,usr_abeaa148,equal,1,823.38,INR,outstanding,,2026-08-18T10:00:00+05:30
spl_38350593,exp_70b677b2,usr_4cb26745,equal,1,823.38,INR,outstanding,,2026-08-18T10:00:00+05:30
spl_0a5a5ead,exp_70b677b2,usr_e10845c8,equal,1,823.38,INR,settled,2026-07-10T10:00:00+05:30,2026-08-18T10:00:00+05:30
spl_937d2a01,exp_70b677b2,usr_de5d9e34,equal,1,823.38,INR,outstanding,,2026-08-18T10:00:00+05:30
spl_45e4f3aa,exp_d2106cdd,usr_9afd8eab,equal,1,334.03,NPR,settled,2026-07-21T10:00:00+05:30,2026-08-18T10:00:00+05:30
spl_1f294f7c,exp_d2106cdd,usr_40edb5af,equal,1,334.04,NPR,settled,2026-07-11T10:00:00+05:30,2026-08-18T10:00:00+05:30
spl_d7bed659,exp_d2106cdd,usr_a7185e16,equal,1,334.04,NPR,settled,2026-07-28T10:00:00+05:30,2026-08-18T10:00:00+05:30
spl_ac036317,exp_d2106cdd,usr_ab3f6d18,equal,1,334.04,NPR,outstanding,,2026-08-18T10:00:00+05:30
spl_753fe52e,exp_f69d2546,usr_672d3dd6,equal,1,3829.90,LKR,settled,2026-07-22T10:00:00+05:30,2026-08-18T10:00:00+05:30
spl_d79ac2e9,exp_66bda4b9,usr_e2490a9e,equal,1,1572.89,INR,outstanding,,2026-08-18T10:00:00+05:30
spl_18218186,exp_271238e8,usr_949a215d,equal,1,1407.92,INR,outstanding,,2026-08-18T10:00:00+05:30
spl_f7428880,exp_271238e8,usr_72dfb712,equal,1,1407.91,INR,settled,2026-08-01T10:00:00+05:30,2026-08-18T10:00:00+05:30
spl_c70562ad,exp_271238e8,usr_ce9ee3ae,equal,1,1407.91,INR,settled,2026-07-12T10:00:00+05:30,2026-08-18T10:00:00+05:30
spl_81bc79da,exp_a88b8e78,usr_0000ca76,percentage,2.0478,1462.56,INR,settled,2026-06-30T10:00:00+05:30,2026-08-18T10:00:00+05:30
spl_ad273cfc,exp_926531d9,usr_8ddbc4ab,percentage,1.1829,537.31,INR,outstanding,,2026-08-18T10:00:00+05:30
spl_4d11b67e,exp_926531d9,usr_db93de1b,percentage,1.0243,465.26,INR,outstanding,,2026-08-18T10:00:00+05:30
spl_4372d26e,exp_926531d9,usr_712600f0,percentage,2.1449,974.30,INR,settled,2026-08-07T10:00:00+05:30,2026-08-18T10:00:00+05:30
spl_479df2ad,exp_926531d9,usr_e47b6104,percentage,0.7856,356.86,INR,outstanding,,2026-08-18T10:00:00+05:30
spl_1c5d5f5d,exp_103a0359,usr_65303113,equal,1,8041.61,LKR,outstanding,,2026-08-18T10:00:00+05:30
spl_358f2033,exp_103a0359,usr_7b03ee88,equal,1,8041.62,LKR,settled,2026-07-22T10:00:00+05:30,2026-08-18T10:00:00+05:30
spl_7aad6274,exp_103a0359,usr_72d88a70,equal,1,8041.62,LKR,outstanding,,2026-08-18T10:00:00+05:30
spl_f25ff156,exp_f9a9b925,usr_7101a5b5,equal,1,1061.94,INR,settled,2026-07-29T10:00:00+05:30,2026-08-18T10:00:00+05:30
spl_4dbdd206,exp_629765e0,usr_90a46b92,percentage,0.8873,250.36,LKR,outstanding,,2026-08-18T10:00:00+05:30
spl_ce3241e3,exp_629765e0,usr_afaebefa,percentage,0.8563,241.60,LKR,settled,2026-07-04T10:00:00+05:30,2026-08-18T10:00:00+05:30
spl_b2c2357c,exp_629765e0,usr_3127972d,percentage,2.1587,609.09,LKR,written_off,,2026-08-18T10:00:00+05:30
spl_90d93971,exp_629765e0,usr_6dabe38f,percentage,1.3086,369.23,LKR,settled,2026-07-14T10:00:00+05:30,2026-08-18T10:00:00+05:30
spl_dda77f62,exp_a8b1d4e0,usr_5bbebfef,custom,0.6413,290.95,MVR,outstanding,,2026-08-18T10:00:00+05:30
spl_14459726,exp_41de5ee9,usr_0389057b,custom,0.5487,2510.78,INR,outstanding,,2026-08-18T10:00:00+05:30
spl_ad32a756,exp_ad975363,usr_0e9166f0,equal,1,8333.76,INR,outstanding,,2026-08-18T10:00:00+05:30
spl_8915f609,exp_ec950329,usr_2433031a,equal,1,392.05,INR,settled,2026-06-30T10:00:00+05:30,2026-08-18T10:00:00+05:30
spl_3134a235,exp_ec950329,usr_045378e4,equal,1,392.04,INR,outstanding,,2026-08-18T10:00:00+05:30
spl_01d920c5,exp_ec950329,usr_d3acd59c,equal,1,392.04,INR,settled,2026-08-14T10:00:00+05:30,2026-08-18T10:00:00+05:30
spl_5a911ebc,exp_ce164f0c,usr_25e8a118,percentage,0.6079,411.06,THB,outstanding,,2026-08-18T10:00:00+05:30
spl_99c7f95a,exp_57f04ae2,usr_0389057b,equal,1,1530.28,INR,outstanding,,2026-08-18T10:00:00+05:30
spl_f711e3aa,exp_dd439dba,usr_240785d4,custom,1.6921,1659.60,INR,outstanding,,2026-08-18T10:00:00+05:30
spl_596981d6,exp_320ccabf,usr_a25f0129,equal,1,2004.99,INR,settled,2026-07-25T10:00:00+05:30,2026-08-18T10:00:00+05:30
spl_704a9e49,exp_aa0e971e,usr_5f1e6e1c,equal,1,655.99,INR,outstanding,,2026-08-18T10:00:00+05:30
spl_3e7dd9cd,exp_4c290b5d,usr_6303c026,equal,1,395.99,INR,settled,2026-07-09T10:00:00+05:30,2026-08-18T10:00:00+05:30
spl_3be5ddb4,exp_69f9dc29,usr_25c3664e,equal,1,6765.39,JPY,written_off,,2026-08-18T10:00:00+05:30
spl_9bc84aa4,exp_69f9dc29,usr_48f9bd76,equal,1,6765.40,JPY,settled,2026-07-18T10:00:00+05:30,2026-08-18T10:00:00+05:30
spl_af00f9ff,exp_f4853a46,usr_20594684,percentage,2.3634,762.85,INR,settled,2026-07-25T10:00:00+05:30,2026-08-18T10:00:00+05:30
spl_60957f4b,exp_056801d9,usr_3a36b154,custom,1.7209,2074.74,INR,settled,2026-07-25T10:00:00+05:30,2026-08-18T10:00:00+05:30
spl_9c785841,exp_6a83eb9b,usr_72dfb712,equal,1,646.67,INR,settled,2026-07-04T10:00:00+05:30,2026-08-18T10:00:00+05:30
spl_f361956d,exp_1eaabe77,usr_107ab982,shares,1.1364,228657.83,IDR,settled,2026-07-20T10:00:00+05:30,2026-08-18T10:00:00+05:30
spl_2a1c3a5f,exp_09379bfe,usr_42a441dc,equal,1,372.56,INR,outstanding,,2026-08-18T10:00:00+05:30
spl_25c15ee1,exp_09379bfe,usr_399971ee,equal,1,372.57,INR,outstanding,,2026-08-18T10:00:00+05:30
spl_b1a18d72,exp_09379bfe,usr_b5327682,equal,1,372.57,INR,settled,2026-08-08T10:00:00+05:30,2026-08-18T10:00:00+05:30
spl_e82d6b96,exp_09379bfe,usr_ce11983a,equal,1,372.57,INR,outstanding,,2026-08-18T10:00:00+05:30
spl_ba5350f2,exp_2af7b5e8,usr_ce09de03,equal,1,18.36,QAR,settled,2026-07-12T10:00:00+05:30,2026-08-18T10:00:00+05:30
spl_11a1b439,exp_2af7b5e8,usr_3f4f4c52,equal,1,18.36,QAR,settled,2026-08-02T10:00:00+05:30,2026-08-18T10:00:00+05:30
spl_14bf818e,exp_2af7b5e8,usr_47d7ab5a,equal,1,18.36,QAR,outstanding,,2026-08-18T10:00:00+05:30
spl_654ee100,exp_2af7b5e8,usr_7df097f0,equal,1,18.36,QAR,settled,2026-07-11T10:00:00+05:30,2026-08-18T10:00:00+05:30
spl_191ec1c2,exp_a950e5fc,usr_949a215d,equal,1,987.43,INR,settled,2026-07-25T10:00:00+05:30,2026-08-18T10:00:00+05:30
spl_a38ccf49,exp_a950e5fc,usr_72dfb712,equal,1,987.43,INR,outstanding,,2026-08-18T10:00:00+05:30
spl_09e868d5,exp_a950e5fc,usr_ce9ee3ae,equal,1,987.43,INR,outstanding,,2026-08-18T10:00:00+05:30
spl_6a46509f,exp_1453ee02,usr_d20b2a69,equal,1,2051.50,INR,settled,2026-08-04T10:00:00+05:30,2026-08-18T10:00:00+05:30
spl_ca8f9691,exp_1453ee02,usr_dc888b66,equal,1,2051.51,INR,outstanding,,2026-08-18T10:00:00+05:30
spl_462bc95c,exp_1453ee02,usr_bc4b67f6,equal,1,2051.51,INR,settled,2026-07-21T10:00:00+05:30,2026-08-18T10:00:00+05:30
spl_bd7126cc,exp_e6d914f1,usr_f6728ccc,shares,1.2405,995.48,INR,outstanding,,2026-08-18T10:00:00+05:30
spl_87719f1e,exp_e6d914f1,usr_bedf358a,shares,0.7123,571.65,INR,outstanding,,2026-08-18T10:00:00+05:30
spl_abd387fe,exp_53e61064,usr_265423cc,percentage,1.0532,467.85,INR,settled,2026-08-11T10:00:00+05:30,2026-08-18T10:00:00+05:30
spl_84eb05a8,exp_53e61064,usr_6e6d6fef,percentage,1.2859,571.24,INR,outstanding,,2026-08-18T10:00:00+05:30
spl_56ac1404,exp_7bd2ab60,usr_1805266d,equal,1,276.38,INR,outstanding,,2026-08-18T10:00:00+05:30
spl_528fa864,exp_7bd2ab60,usr_6479c45c,equal,1,276.37,INR,outstanding,,2026-08-18T10:00:00+05:30
spl_f77323fd,exp_7bd2ab60,usr_268fdb85,equal,1,276.37,INR,settled,2026-07-14T10:00:00+05:30,2026-08-18T10:00:00+05:30
spl_32d1e7f1,exp_7bd2ab60,usr_25c3664e,equal,1,276.37,INR,outstanding,,2026-08-18T10:00:00+05:30
spl_2e51b2ea,exp_75e2ae62,usr_a3f4f2d9,equal,1,2058.98,INR,outstanding,,2026-08-18T10:00:00+05:30
spl_e63ba1f5,exp_87a9b1a9,usr_437596b5,equal,1,336.69,INR,outstanding,,2026-08-18T10:00:00+05:30
spl_1469777d,exp_87a9b1a9,usr_21525b93,equal,1,336.70,INR,outstanding,,2026-08-18T10:00:00+05:30
spl_eca25c13,exp_5161c083,usr_7b318031,equal,1,490.90,BTN,outstanding,,2026-08-18T10:00:00+05:30
spl_f05a8d96,exp_b2562492,usr_fd8f7b49,equal,1,402.12,INR,settled,2026-08-04T10:00:00+05:30,2026-08-18T10:00:00+05:30
spl_0114066f,exp_b2562492,usr_045378e4,equal,1,402.13,INR,settled,2026-07-18T10:00:00+05:30,2026-08-18T10:00:00+05:30
spl_a694827a,exp_b2562492,usr_6498a0a8,equal,1,402.13,INR,outstanding,,2026-08-18T10:00:00+05:30
spl_8d820425,exp_742c8d52,usr_34f98272,equal,1,845.21,INR,outstanding,,2026-08-18T10:00:00+05:30
spl_d7ea0f9b,exp_01cbc014,usr_9cb9eedc,equal,1,8937.88,INR,settled,2026-08-02T10:00:00+05:30,2026-08-18T10:00:00+05:30
spl_b9bd66e5,exp_3dbdc230,usr_464e9998,equal,1,612.60,INR,outstanding,,2026-08-18T10:00:00+05:30
spl_cdeb8306,exp_3dbdc230,usr_ca0410cb,equal,1,612.61,INR,settled,2026-08-07T10:00:00+05:30,2026-08-18T10:00:00+05:30
spl_c1b425a1,exp_d4218319,usr_2fc3b9a7,equal,1,887.15,INR,settled,2026-07-09T10:00:00+05:30,2026-08-18T10:00:00+05:30
spl_58937ad5,exp_d4218319,usr_af17aeaa,equal,1,887.15,INR,outstanding,,2026-08-18T10:00:00+05:30
spl_236d7b57,exp_d4218319,usr_1501196b,equal,1,887.16,INR,settled,2026-08-06T10:00:00+05:30,2026-08-18T10:00:00+05:30
spl_9cc329d0,exp_d4218319,usr_268fdb85,equal,1,887.16,INR,outstanding,,2026-08-18T10:00:00+05:30
spl_a6a5190b,exp_74e59361,usr_9afd8eab,equal,1,467.85,NPR,settled,2026-06-26T10:00:00+05:30,2026-08-18T10:00:00+05:30
spl_81d041de,exp_74e59361,usr_40edb5af,equal,1,467.84,NPR,outstanding,,2026-08-18T10:00:00+05:30
spl_4e3f2fcc,exp_74e59361,usr_a7185e16,equal,1,467.84,NPR,settled,2026-07-27T10:00:00+05:30,2026-08-18T10:00:00+05:30
spl_86f14cff,exp_74e59361,usr_ab3f6d18,equal,1,467.84,NPR,settled,2026-07-28T10:00:00+05:30,2026-08-18T10:00:00+05:30
spl_15981d8a,exp_b87e21a8,usr_b829ab46,equal,1,363193.03,IDR,outstanding,,2026-08-18T10:00:00+05:30
spl_605c0001,exp_714ed279,usr_107ab982,equal,1,11.01,SGD,settled,2026-08-12T10:00:00+05:30,2026-08-18T10:00:00+05:30
spl_a5ddf657,exp_1db929aa,usr_e10845c8,equal,1,469.71,INR,outstanding,,2026-08-18T10:00:00+05:30
spl_1bc9f178,exp_e1eaf076,usr_74e3ecb1,equal,1,3252.63,INR,outstanding,,2026-08-18T10:00:00+05:30
spl_14ed4f9c,exp_e1eaf076,usr_693c20b9,equal,1,3252.63,INR,outstanding,,2026-08-18T10:00:00+05:30
spl_7c5dbe22,exp_e1eaf076,usr_77e91c3a,equal,1,3252.63,INR,outstanding,,2026-08-18T10:00:00+05:30
spl_bb7badbe,exp_5f4ce356,usr_bc9d20fa,percentage,1.6865,1601.61,INR,settled,2026-08-05T10:00:00+05:30,2026-08-18T10:00:00+05:30
spl_36b5d2c7,exp_5ab943f3,usr_a6eaecde,custom,2.2099,467.77,INR,outstanding,,2026-08-18T10:00:00+05:30
spl_9341844d,exp_6a8d65e3,usr_36c3dbed,custom,0.8251,895.06,INR,settled,2026-08-01T10:00:00+05:30,2026-08-18T10:00:00+05:30
spl_ee0f23f5,exp_abf6cea9,usr_b8c5bfe0,equal,1,709.14,INR,settled,2026-07-29T10:00:00+05:30,2026-08-18T10:00:00+05:30
spl_a1e37111,exp_14e26d72,usr_8d937b9e,equal,1,1077.79,INR,outstanding,,2026-08-18T10:00:00+05:30
spl_f09ec2bc,exp_c9312aee,usr_8e89346c,shares,1.7223,32838.64,LKR,settled,2026-07-02T10:00:00+05:30,2026-08-18T10:00:00+05:30
spl_7131ef79,exp_436498db,usr_e1ee0c13,percentage,1.1464,142.60,INR,settled,2026-07-17T10:00:00+05:30,2026-08-18T10:00:00+05:30
spl_d24d5a48,exp_436498db,usr_d32b1be5,percentage,1.1878,147.75,INR,outstanding,,2026-08-18T10:00:00+05:30
spl_806bff2b,exp_436498db,usr_fc3617c0,percentage,2.4402,303.54,INR,outstanding,,2026-08-18T10:00:00+05:30
spl_1e583f86,exp_436498db,usr_9976417a,percentage,2.1238,264.19,INR,outstanding,,2026-08-18T10:00:00+05:30
spl_74f0fc94,exp_c18c6909,usr_ce09de03,equal,1,1240.55,INR,outstanding,,2026-08-18T10:00:00+05:30
spl_a3c0ab60,exp_0cb0dec3,usr_ddfa0cd0,percentage,2.0874,20.72,AED,settled,2026-06-27T10:00:00+05:30,2026-08-18T10:00:00+05:30
spl_a511b075,exp_66823d2f,usr_dce3bc90,equal,1,2851.73,INR,outstanding,,2026-08-18T10:00:00+05:30
spl_1267f1df,exp_6e8b585e,usr_a370271a,equal,1,162.70,QAR,outstanding,,2026-08-18T10:00:00+05:30
spl_4ff9426f,exp_6e8b585e,usr_0389057b,equal,1,162.70,QAR,settled,2026-08-08T10:00:00+05:30,2026-08-18T10:00:00+05:30
spl_2da91081,exp_e0e28a1f,usr_32f091df,equal,1,476.04,INR,settled,2026-08-11T10:00:00+05:30,2026-08-18T10:00:00+05:30
spl_5e3cdfe0,exp_79292d72,usr_62b3f8b8,shares,2.2579,2822.83,INR,outstanding,,2026-08-18T10:00:00+05:30
spl_53d9f421,exp_c632ba1c,usr_7796e5e8,equal,1,808.87,INR,settled,2026-08-08T10:00:00+05:30,2026-08-18T10:00:00+05:30
spl_e0d2ef2d,exp_c632ba1c,usr_68f5f82d,equal,1,808.88,INR,settled,2026-06-27T10:00:00+05:30,2026-08-18T10:00:00+05:30
spl_d6b04431,exp_c632ba1c,usr_0551c67a,equal,1,808.88,INR,outstanding,,2026-08-18T10:00:00+05:30
spl_ea198cf1,exp_c632ba1c,usr_1501196b,equal,1,808.88,INR,outstanding,,2026-08-18T10:00:00+05:30
spl_f0d75797,exp_56eb2dfc,usr_538f6e20,custom,1.1934,811.53,INR,outstanding,,2026-08-18T10:00:00+05:30
spl_120a3d1d,exp_56eb2dfc,usr_942658c9,custom,1.3881,943.93,INR,outstanding,,2026-08-18T10:00:00+05:30
spl_e6c0030d,exp_bac2bdb2,usr_0382185a,equal,1,2171.42,INR,outstanding,,2026-08-18T10:00:00+05:30
spl_f0645073,exp_6d5557a5,usr_8e56e75b,equal,1,423.71,AED,settled,2026-07-20T10:00:00+05:30,2026-08-18T10:00:00+05:30
spl_8505a32a,exp_58ab8372,usr_b96ef58c,equal,1,1559.36,INR,outstanding,,2026-08-18T10:00:00+05:30
spl_17af3210,exp_69a236c4,usr_e5415ac7,equal,1,182.35,INR,outstanding,,2026-08-18T10:00:00+05:30
spl_055a711a,exp_69a236c4,usr_0e5a0620,equal,1,182.35,INR,settled,2026-07-03T10:00:00+05:30,2026-08-18T10:00:00+05:30
spl_917c1ad3,exp_69a236c4,usr_63d19d4c,equal,1,182.35,INR,outstanding,,2026-08-18T10:00:00+05:30
spl_7dcf7bf3,exp_69a236c4,usr_cc3e5793,equal,1,182.35,INR,settled,2026-07-18T10:00:00+05:30,2026-08-18T10:00:00+05:30
spl_92f20ea9,exp_eaabc93a,usr_7f6e49de,equal,1,5036.02,INR,settled,2026-08-17T10:00:00+05:30,2026-08-18T10:00:00+05:30
spl_333e3a5e,exp_f6c93a51,usr_6b052f91,custom,2.0226,127.31,INR,outstanding,,2026-08-18T10:00:00+05:30
spl_9fc03f51,exp_f6c93a51,usr_d1506bce,custom,1.7043,107.27,INR,outstanding,,2026-08-18T10:00:00+05:30
spl_f8d43ade,exp_f6c93a51,usr_66a4a013,custom,0.9492,59.75,INR,outstanding,,2026-08-18T10:00:00+05:30
spl_d36fecba,exp_f6c93a51,usr_9cb9eedc,custom,2.2219,139.86,INR,settled,2026-07-20T10:00:00+05:30,2026-08-18T10:00:00+05:30
spl_27e2ad1e,exp_6b4f842c,usr_c535ee88,equal,1,334.46,INR,outstanding,,2026-08-18T10:00:00+05:30
spl_0649b0b8,exp_6b4f842c,usr_4cbf6de6,equal,1,334.46,INR,settled,2026-07-05T10:00:00+05:30,2026-08-18T10:00:00+05:30
spl_33f680d5,exp_6b4f842c,usr_63d6db20,equal,1,334.46,INR,outstanding,,2026-08-18T10:00:00+05:30
spl_47109fab,exp_9154a412,usr_b6d5d98c,equal,1,221.08,QAR,outstanding,,2026-08-18T10:00:00+05:30
spl_249390c8,exp_040b3d47,usr_488b3ced,custom,1.2812,1423.41,INR,outstanding,,2026-08-18T10:00:00+05:30
spl_a637fc06,exp_646a36bc,usr_05e40dfc,equal,1,882.51,INR,outstanding,,2026-08-18T10:00:00+05:30
spl_47677261,exp_ccc29fef,usr_ca6dc019,equal,1,6279.71,LKR,outstanding,,2026-08-18T10:00:00+05:30
spl_7cbac472,exp_ad0b7384,usr_62b3f8b8,custom,0.7828,603.30,INR,outstanding,,2026-08-18T10:00:00+05:30
spl_7ce77236,exp_d8f11860,usr_63d19d4c,custom,2.1644,1547.09,INR,outstanding,,2026-08-18T10:00:00+05:30
spl_ad37ffd8,exp_b0fe933f,usr_4e0c977f,equal,1,18.68,QAR,outstanding,,2026-08-18T10:00:00+05:30
spl_8480da7b,exp_b0fe933f,usr_d8cab59f,equal,1,18.69,QAR,outstanding,,2026-08-18T10:00:00+05:30
spl_3df09b2c,exp_b0fe933f,usr_7a1346e6,equal,1,18.69,QAR,settled,2026-07-31T10:00:00+05:30,2026-08-18T10:00:00+05:30
spl_2fe586f3,exp_b0fe933f,usr_d4aeb337,equal,1,18.69,QAR,outstanding,,2026-08-18T10:00:00+05:30
spl_2c20cf9b,exp_66a71a0b,usr_9cb9eedc,equal,1,8220.35,INR,settled,2026-07-11T10:00:00+05:30,2026-08-18T10:00:00+05:30
spl_982d6481,exp_543a5d45,usr_2da5bb04,equal,1,769.54,INR,settled,2026-07-28T10:00:00+05:30,2026-08-18T10:00:00+05:30
spl_76a75980,exp_543a5d45,usr_2b053270,equal,1,769.54,INR,settled,2026-07-26T10:00:00+05:30,2026-08-18T10:00:00+05:30
spl_0638c468,exp_e2f67338,usr_c4b23b72,custom,0.9689,6227.14,LKR,settled,2026-07-03T10:00:00+05:30,2026-08-18T10:00:00+05:30
